source_file,sheet_name,level_code,parent_part,backlog,component_part,status,process_initial,description,required_qty,uom,on_hand,on_order,committed,available,lead_time_days,vendor_name,program
North face - Components matrix 1.xlsx,BOM,___3,ASY-53727-127;A0,1000.0,A ASY-03229-07;C0,B,,"ASY,DN8,BUSBAR,MAIN 1",1.0,EA,366.0,618.0,230.0,754.0,120.0,INTERPLEX (SUZHOU) PRECISION,"ARISTA NETWORKS, INC"
North face - Components matrix 1.xlsx,BOM,__2,ASY-53727-127;A0,1000.0,A ASY-03230-06;A0,B,,"ASY,DN8,BUSBAR,HORIZON",1.0,EA,329.0,647.0,246.0,730.0,120.0,INTERPLEX (SUZHOU) PRECISION,"ARISTA NETWORKS, INC"
North face - Components matrix 1.xlsx,BOM,__2,ASY-53727-127;A0,1000.0,A ASY-03248-06;A0,B,,"ASY,DN8,BUSBAR,HORIZON",1.0,EA,303.0,673.0,246.0,730.0,120.0,INTERPLEX (SUZHOU) PRECISION,"ARISTA NETWORKS, INC"
North face - Components matrix 1.xlsx,BOM,___3,ASY-53727-127;A0,1000.0,A ASY-04714-01;A1,B,,"ASY,DNNALI,RACK,BASKET",1.0,EA,758.0,1000.0,264.0,1494.0,50.0,"HUANJOW KNITTING CO., LTD.","ARISTA NETWORKS, INC"
North face - Components matrix 1.xlsx,BOM,__2,ASY-53727-127;A0,1000.0,A CBL-00407-05;D0,,,"CABLE ASY, BUSBAR, VSE",1.0,EA,467.0,529.0,246.0,750.0,120.0,GREAT ASIA TAI TECH CO LTD,"ARISTA NETWORKS, INC"
North face - Components matrix 1.xlsx,BOM,___3,ASY-53727-127;A0,1000.0,A CBL-00408-05;B0,B,,"CABLE ASY, BUSBAR, SUP",1.0,EA,1312.0,21.0,404.0,929.0,110.0,GREAT ASIA TAI TECH CO LTD,"ARISTA NETWORKS, INC"
North face - Components matrix 1.xlsx,BOM,__2,ASY-53727-127;A0,1000.0,A CBL-00711-01;A0,B,,"POWER CORD, SAF-D GRID",16.0,EA,9247.0,17800.0,10272.0,16775.0,70.0,IDEAL ANDERSON ASIA PACIFIC LT,"ARISTA NETWORKS, INC"
North face - Components matrix 1.xlsx,BOM,__2,ASY-53727-127;A0,1000.0,A CT4BK18-C,B,,"WIRE_ZIP_TIE 4""",1.0,EA,7165.95,1000.0,4901.65,3264.3,55.0,D B ROBERTS COMPANY,"ARISTA NETWORKS, INC"
North face - Components matrix 1.xlsx,BOM,___3,ASY-53727-127;A0,1000.0,A GSKT-00349,B,,"GASKET,EMI,FOF,D-SHAPE",2.0,EA,1705.0,0.0,1539.0,166.0,25.0,SCHLEGEL ELECTRONIC MATERIALS,"ARISTA NETWORKS, INC"
North face - Components matrix 1.xlsx,BOM,___3,ASY-53727-127;A0,1000.0,A GSKT-00352,B,,"GASKET,EMI,FOF,D-SHAPE",1.0,EA,1773.0,0.0,464.0,1309.0,25.0,SCHLEGEL ELECTRONIC MATERIALS,"ARISTA NETWORKS, INC"
North face - Components matrix 1.xlsx,BOM,___3,ASY-53727-127;A0,1000.0,A GSKT-00353,B,,"GASKET,EMI,FOF,D-SHAPE",1.0,EA,430.0,1000.0,230.0,1200.0,79.0,SCHLEGEL ELECTRONIC MATERIALS,"ARISTA NETWORKS, INC"
North face - Components matrix 1.xlsx,BOM,__2,ASY-53727-127;A0,1000.0,A LBL-00112,B,,1.000 IN W X 0.25 IN H,3.0,EA,5464.0,0.0,1827.0,3637.0,15.0,BRADLEY NAMEPLATE CORPORATION,"ARISTA NETWORKS, INC"
North face - Components matrix 1.xlsx,BOM,__2,ASY-53727-127;A0,1000.0,A LBL-00212-01,B,,"LBL,ASY NUMBER",1.0,EA,4704.45,0.0,563.5,4140.95,15.0,LUSTRE-CAL NAMEPLATE,"ARISTA NETWORKS, INC"
North face - Components matrix 1.xlsx,BOM,___3,ASY-53727-127;A0,1000.0,A LBL-00829-03;B0,B,,"INSULATOR,DN8,CHASSIS,",1.0,EA,980.0,0.0,230.0,750.0,30.0,"CYMMETRIK PRINTING CO, LTD","ARISTA NETWORKS, INC"
North face - Components matrix 1.xlsx,BOM,____4,ASY-53727-127;A0,1000.0,A LBL-00890-02,B,,"INSULATOR,DN8,OOB,MP,R",2.0,EA,1956.0,0.0,308.0,1648.0,97.0,BOYD CORPORATION,"ARISTA NETWORKS, INC"
North face - Components matrix 1.xlsx,BOM,__2,ASY-53727-127;A0,1000.0,A LBL-00918-07;A1,B,,"LBL, DENALI PSU CAGE",1.0,EA,996.0,0.0,246.0,750.0,30.0,"CYMMETRIK PRINTING CO, LTD","ARISTA NETWORKS, INC"
North face - Components matrix 1.xlsx,BOM,__2,ASY-53727-127;A0,1000.0,A LBL-00960-02;A0,B,,"LBL,DN8,PSU CAGE,LWR R",1.0,EA,496.0,100.0,246.0,350.0,30.0,"CYMMETRIK PRINTING CO, LTD","ARISTA NETWORKS, INC"
North face - Components matrix 1.xlsx,BOM,__2,ASY-53727-127;A0,1000.0,A LBL-00961-02;A1,B,,"LBL,DN8,CHAS,LC,ESD",1.0,EA,496.0,100.0,246.0,350.0,30.0,"CYMMETRIK PRINTING CO, LTD","ARISTA NETWORKS, INC"
North face - Components matrix 1.xlsx,BOM,__2,ASY-53727-127;A0,1000.0,A LBL-00990-02;A1,B,,"LBL-CN8,CHAS,FM,ESD",1.0,EA,496.0,100.0,246.0,350.0,30.0,"CYMMETRIK PRINTING CO, LTD","ARISTA NETWORKS, INC"
North face - Components matrix 1.xlsx,BOM,__2,ASY-53727-127;A0,1000.0,A LBL-00991-03;A0,B,,"LBL,DN8,CCB,FM,UPR",1.0,EA,514.0,200.0,346.0,368.0,30.0,"CYMMETRIK PRINTING CO, LTD","ARISTA NETWORKS, INC"
North face - Components matrix 1.xlsx,BOM,__2,ASY-53727-127;A0,1000.0,A LBL-00992-04;A0,B,,"LBL,DN8,CCB,FM,LWR",1.0,EA,508.0,0.0,346.0,162.0,30.0,"CYMMETRIK PRINTING CO, LTD","ARISTA NETWORKS, INC"
North face - Components matrix 1.xlsx,BOM,__2,ASY-53727-127;A0,1000.0,A LBL-01002-02;A0,B,,"LBL,DN,CHASSIS,CAUTION",2.0,EA,1192.0,0.0,492.0,700.0,30.0,"CYMMETRIK PRINTING CO, LTD","ARISTA NETWORKS, INC"
North face - Components matrix 1.xlsx,BOM,__2,ASY-53727-127;A0,1000.0,A LBL-01010-01,B,,"LBL,DN8,CHAS,SHELF,UPR",1.0,EA,393.0,500.0,346.0,547.0,30.0,"CYMMETRIK PRINTING CO, LTD","ARISTA NETWORKS, INC"
North face - Components matrix 1.xlsx,BOM,___3,ASY-53727-127;A0,1000.0,A LBL-01241-01,B,,"LBL,DN,RMK,INSTRUCTION",1.15,EA,1849.65,0.0,303.6,1546.05,30.0,"CYMMETRIK PRINTING CO, LTD","ARISTA NETWORKS, INC"
North face - Components matrix 1.xlsx,BOM,__2,ASY-53727-127;A0,1000.0,A LBL-01268-01;B0,B,,"LBL,DN,CHAS,PROTECTIVE",1.0,EA,1335.3,0.0,644.45,690.85,30.0,"CYMMETRIK PRINTING CO, LTD","ARISTA NETWORKS, INC"
North face - Components matrix 1.xlsx,BOM,__2,ASY-53727-127;A0,1000.0,A LBL-01269-01;B0,B,,"LBL,DN,CHAS,PROTECTIVE",2.0,EA,1777.6,0.0,1288.9,488.7,30.0,"CYMMETRIK PRINTING CO, LTD","ARISTA NETWORKS, INC"
North face - Components matrix 1.xlsx,BOM,__2,ASY-53727-127;A0,1000.0,A LBL-01322-01;A0,B,,"LBL,DN8,CHAS,SHELF,MID",1.0,EA,1287.4,1000.0,853.0,1434.4,30.0,"CYMMETRIK PRINTING CO, LTD","ARISTA NETWORKS, INC"
North face - Components matrix 1.xlsx,BOM,__2,ASY-53727-127;A0,1000.0,A LBL-01363-01;A0,B,,"LBL,DN8,CCB,LF",1.0,EA,346.0,0.0,246.0,100.0,15.0,LUSTRE-CAL NAMEPLATE,"ARISTA NETWORKS, INC"
North face - Components matrix 1.xlsx,BOM,__2,ASY-53727-127;A0,1000.0,A LBL-01364-01;A0,B,,"LBL,DN8,CCB,RT",1.0,EA,346.0,0.0,246.0,100.0,15.0,LUSTRE-CAL NAMEPLATE,"ARISTA NETWORKS, INC"
North face - Components matrix 1.xlsx,BOM,__2,ASY-53727-127;A0,1000.0,A LBL-01460-03;A0,B,,"LBL, DN8, CHASSIS, MOU",1.0,EA,1000.0,0.0,250.0,750.0,30.0,"CYMMETRIK PRINTING CO, LTD","ARISTA NETWORKS, INC"
North face - Components matrix 1.xlsx,BOM,___3,ASY-53727-127;A0,1000.0,A MECH-01200-02,B,,"MECH,DN8,BUSBAR,MAIN,A",1.0,EA,1074.0,100.0,330.0,844.0,97.0,BOYD CORPORATION,"ARISTA NETWORKS, INC"
North face - Components matrix 1.xlsx,BOM,___3,ASY-53727-127;A0,1000.0,A MECH-01253-01,B,,"MECH, DN8,AIR SEAL,BRI",1.0,EA,2076.0,0.0,476.0,1600.0,97.0,BOYD CORPORATION,"ARISTA NETWORKS, INC"
North face - Components matrix 1.xlsx,BOM,__2,ASY-53727-127;A0,1000.0,A MECH-01253-01,B,,"MECH, DN8,AIR SEAL,BRI",1.0,EA,2076.0,0.0,476.0,1600.0,97.0,BOYD CORPORATION,"ARISTA NETWORKS, INC"
North face - Components matrix 1.xlsx,BOM,__2,ASY-53727-127;A0,1000.0,A MECH-01540-06A0,B,,"MECH,DN8,CHAS,FILLER,U",1.0,EA,631.0,0.0,423.0,208.0,60.0,SANMINA-SCI CORPORATION,"ARISTA NETWORKS, INC"
North face - Components matrix 1.xlsx,BOM,__2,ASY-53727-127;A0,1000.0,A MECH-01563-05A0,B,,"MECH,DN8,CHAS,FILLER,S",1.0,EA,809.0,0.0,423.0,386.0,60.0,SANMINA-SCI CORPORATION,"ARISTA NETWORKS, INC"
North face - Components matrix 1.xlsx,BOM,__2,ASY-53727-127;A0,1000.0,A MECH-01566-05A0,B,,"MECH, DN8, CHAS, FILLE",1.0,EA,996.0,0.0,246.0,750.0,60.0,SANMINA-SCI CORPORATION,"ARISTA NETWORKS, INC"
North face - Components matrix 1.xlsx,BOM,__2,ASY-53727-127;A0,1000.0,A MECH-01567-05A0,B,,"MECH, DN8, CHAS, FILLE",1.0,EA,1096.0,0.0,246.0,850.0,60.0,SANMINA-SCI CORPORATION,"ARISTA NETWORKS, INC"
North face - Components matrix 1.xlsx,BOM,___3,ASY-53727-127;A0,1000.0,A MECH-01645-02A0,B,,"MECH, DN, TOOL HOLDER,",2.0,EA,1152.0,0.0,1490.0,-338.0,30.0,SANMINA-SCI CORPORATION,"ARISTA NETWORKS, INC"
North face - Components matrix 1.xlsx,BOM,___3,ASY-53727-127;A0,1000.0,A MECH-01754-04,B,,"DENALI,LC,EJECTORNUT",18.0,EA,12691.0,41100.0,13220.0,40571.0,115.0,SOUTHCO INC,"ARISTA NETWORKS, INC"
North face - Components matrix 1.xlsx,BOM,____4,ASY-53727-127;A0,1000.0,A MECH-01820-02,B,,"MECH,DN,EJECTOR, TOOL",2.0,EA,1933.0,1000.0,918.0,2015.0,30.0,SANMINA-SCI CORPORATION,"ARISTA NETWORKS, INC"
North face - Components matrix 1.xlsx,BOM,___3,ASY-53727-127;A0,1000.0,A MECH-01883-01,B,,"MECH,LANYARD,RETRACTAB",2.0,EA,1533.0,1000.0,1154.0,1379.0,14.0,WEST COAST CORPORATION,"ARISTA NETWORKS, INC"
North face - Components matrix 1.xlsx,BOM,___3,ASY-53727-127;A0,1000.0,A MECH-02488-04A1,B,,"MECH,DENALI,LANYARD,HA",2.0,EA,2582.0,1000.0,1154.0,2428.0,56.0,W&B TECHNOLOGY LTD,"ARISTA NETWORKS, INC"
North face - Components matrix 1.xlsx,BOM,___3,ASY-53727-127;A0,1000.0,A MECH-02687-02,B,,"MECH,CHAS,AIR BLOCKER,",5.0,EA,7087.0,2500.0,3690.0,5897.0,90.0,W&B TECHNOLOGY LTD,"ARISTA NETWORKS, INC"
North face - Components matrix 1.xlsx,BOM,___3,ASY-53727-127;A0,1000.0,A MECH-02688-02,B,,"MECH,CHAS,AIR BLOCKER,",1.0,EA,1534.0,1000.0,738.0,1796.0,90.0,W&B TECHNOLOGY LTD,"ARISTA NETWORKS, INC"
North face - Components matrix 1.xlsx,BOM,___3,ASY-53727-127;A0,1000.0,A MECH-02689-01;B,B,,"MECH,CHAS,AIR BLOCKER,",1.0,EA,842.5,0.0,393.3,449.2,50.0,BOYD CORPORATION,"ARISTA NETWORKS, INC"
North face - Components matrix 1.xlsx,BOM,___3,ASY-53727-127;A0,1000.0,A MECH-02707-01;B,B,,"MECH,CHAS,AIR BLOCKER,",1.0,EA,954.75,0.0,311.65,643.1,50.0,BOYD CORPORATION,"ARISTA NETWORKS, INC"
North face - Components matrix 1.xlsx,BOM,__2,ASY-53727-127;A0,1000.0,A MECH-03518-01,B,,MECH DN 4/8 SUP POWER,1.0,EA,1044.0,0.0,346.0,698.0,17.0,LUSTRE-CAL NAMEPLATE,"ARISTA NETWORKS, INC"
North face - Components matrix 1.xlsx,BOM,__2,ASY-53727-127;A0,1000.0,A PCA-01083-05;A0,B,,"PCA, DN8, OOB MIDPLANE",1.0,EA,56.0,690.0,246.0,500.0,105.0,AMPHENOL TCS,"ARISTA NETWORKS, INC"
North face - Components matrix 1.xlsx,BOM,__2,ASY-53727-127;A0,1000.0,A PCA-01084-02,B,,"PCA,NORTH FACE BRIDGE",1.0,EA,236.0,530.0,246.0,520.0,125.0,AMPHENOL TCS,"ARISTA NETWORKS, INC"
North face - Components matrix 1.xlsx,BOM,___3,ASY-53727-127;A0,1000.0,A PCA-01086-03;A0,B,,"PCA, NORTH FACE PSU BO",2.0,EA,552.0,940.0,492.0,1000.0,125.0,AMPHENOL TCS,"ARISTA NETWORKS, INC"
North face - Components matrix 1.xlsx,BOM,__2,ASY-53727-127;A0,1000.0,A PCA-01305-03,B,,"PCA, FDL-BOARD-WP ENAB",2.0,EA,1647.0,272.0,1218.0,701.0,45.0,SANMINA-SCI CORPORATION,"ARISTA NETWORKS, INC"
North face - Components matrix 1.xlsx,BOM,__2,ASY-53727-127;A0,1000.0,A PDOC-00036-12A0,B,,"DOCUMENT,  GETTING STA",1.0,EA,218.0,700.0,523.0,395.0,10.0,(D)GAMA ETIQUETAS SA DE CV,"ARISTA NETWORKS, INC"
North face - Components matrix 1.xlsx,BOM,___3,ASY-53727-127;A0,1000.0,B ASY-05269-03;B0,,,"ASY, DN8, CHASSIS, FRA",1.0,EA,480.0,500.0,230.0,750.0,100.0,W&B TECHNOLOGY LTD,"ARISTA NETWORKS, INC"
North face - Components matrix 1.xlsx,BOM,___3,ASY-53727-127;A0,1000.0,B MTL-03296-02;B0,B,,"MTL;,PSU CAGE CATCH,1.",12.0,EA,13448.0,2500.0,2748.0,13200.0,154.0,LEMTECH INTERNATIONAL LTD,"ARISTA NETWORKS, INC"
North face - Components matrix 1.xlsx,BOM,____4,ASY-53727-127;A0,1000.0,B MTL-03978-01;C0,B,,"MTL, DN, CHASSIS, DIVI",12.0,EA,8604.0,18500.0,7442.0,19662.0,75.0,LEMTECH INTERNATIONAL LTD,"ARISTA NETWORKS, INC"
North face - Components matrix 1.xlsx,BOM,____4,ASY-53727-127;A0,1000.0,H FAS-00525,B,,SPRING CENTURY #80506,6.6,EA,937.1,10528.0,5995.3,5469.8,55.0,CENTURY SPRING CORP,"ARISTA NETWORKS, INC"
North face - Components matrix 1.xlsx,BOM,____4,ASY-53727-127;A0,1000.0,H FAS-00797,B,,"SPRING,EXT.,0.188"" OD,",4.4,EA,4164.5,1200.0,1876.6,3487.9,55.0,CENTURY SPRING CORP,"ARISTA NETWORKS, INC"
North face - Components matrix 1.xlsx,BOM,___3,ASY-53727-127;A0,1000.0,H MECH-01196-03,B,,"MECH, DN8, MAIN BUSBAR",12.0,EA,7914.05,18000.0,8215.75,17698.3,70.0,PENCOM-SO CA,"ARISTA NETWORKS, INC"
North face - Components matrix 1.xlsx,BOM,____4,ASY-53727-127;A0,1000.0,H MECH-01254-01,B,,SELF CLINCH KEYHOLE3.5,8.0,EA,2552.0,10000.0,504.0,12048.0,104.0,PENCOM-SO CA,"ARISTA NETWORKS, INC"
North face - Components matrix 1.xlsx,BOM,____4,ASY-53727-127;A0,1000.0,H MECH-01254-01,B,,SELF CLINCH KEYHOLE3.5,8.0,EA,2552.0,10000.0,504.0,12048.0,104.0,PENCOM-SO CA,"ARISTA NETWORKS, INC"
North face - Components matrix 1.xlsx,BOM,____4,ASY-53727-127;A0,1000.0,H MECH-02384-02,B,,"MECH, DENALI, FACEPLAT",1.0,EA,14557.0,0.0,150.0,14407.0,120.0,D B ROBERTS COMPANY,"ARISTA NETWORKS, INC"
North face - Components matrix 1.xlsx,BOM,____4,ASY-53727-127;A0,1000.0,H MECH-02384-02,B,,"MECH, DENALI, FACEPLAT",1.0,EA,14557.0,0.0,150.0,14407.0,120.0,D B ROBERTS COMPANY,"ARISTA NETWORKS, INC"
North face - Components matrix 1.xlsx,BOM,____4,ASY-53727-127;A0,1000.0,H MECH-02436-01,B,,"MECH,DN,CHASSIS,HANDLE",4.4,EA,2611.5,2500.0,1876.6,3234.9,45.0,LEMTECH INTERNATIONAL LTD,"ARISTA NETWORKS, INC"
North face - Components matrix 1.xlsx,BOM,____4,ASY-53727-127;A0,1000.0,H MECH-03876-01,B,,"MECH, DENALI, FACEPLAT",6.0,EA,24566.6,10500.0,2868.0,32198.6,30.0,AFAR TECHNOLOGY (HK) LIMITED,"ARISTA NETWORKS, INC"
North face - Components matrix 1.xlsx,BOM,____4,ASY-53727-127;A0,1000.0,H MECH-03876-01,B,,"MECH, DENALI, FACEPLAT",6.0,EA,24566.6,10500.0,2868.0,32198.6,30.0,AFAR TECHNOLOGY (HK) LIMITED,"ARISTA NETWORKS, INC"
North face - Components matrix 1.xlsx,BOM,____4,ASY-53727-127;A0,1000.0,H MECH-04255-01,B,,"MECH, DENALI, FACEPLAT",8.0,EA,21967.0,18000.0,1312.0,38655.0,30.0,AFAR TECHNOLOGY (HK) LIMITED,"ARISTA NETWORKS, INC"
North face - Components matrix 1.xlsx,BOM,____4,ASY-53727-127;A0,1000.0,H MECH-04255-01,B,,"MECH, DENALI, FACEPLAT",8.0,EA,21967.0,18000.0,1312.0,38655.0,30.0,AFAR TECHNOLOGY (HK) LIMITED,"ARISTA NETWORKS, INC"
North face - Components matrix 1.xlsx,BOM,____4,ASY-53727-127;A0,1000.0,H MECH-05243,B,,11RU ESD JACK PENCOM P,1.0,EA,3984.0,1500.0,372.8,5111.2,70.0,PENCOM-SO CA,"ARISTA NETWORKS, INC"
North face - Components matrix 1.xlsx,BOM,____4,ASY-53727-127;A0,1000.0,H MECH-05243,B,,11RU ESD JACK PENCOM P,1.0,EA,3984.0,1500.0,372.8,5111.2,70.0,PENCOM-SO CA,"ARISTA NETWORKS, INC"
North face - Components matrix 1.xlsx,BOM,___3,ASY-53727-127;A0,1000.0,H PF11-M4-0,B,,"LARGE KNOW, SPRING-LOA",12.0,EA,7364.8,4000.0,1915.0,9449.8,80.0,SW ANDERSON COMPANY,"ARISTA NETWORKS, INC"
North face - Components matrix 1.xlsx,BOM,_1,ASY-53727-127;A0,1000.0,P APKG-00105-03B1,B,,"SY, PKG, DENALI, NORTH",1.0,EA,46.0,454.0,250.0,250.0,45.0,NEFAB MEXICO SA DE CV,"ARISTA NETWORKS, INC"
North face - Components matrix 1.xlsx,BOM,__2,ASY-53727-127;A0,1000.0,P PKG-00395;B0,B,,"BAG, ZIP LOCK, 9 x 12""",1.0,EA,760.0,1000.0,531.0,1229.0,30.0,(D)ULINE SHIPPING SUPPLIES,"ARISTA NETWORKS, INC"
North face - Components matrix 1.xlsx,BOM,_1,ASY-53727-127;A0,1000.0,P PKG-00817-01,B,,"BAG,CVR,4MIL A/S VCI D",1.0,EA,200.0,400.0,250.0,350.0,45.0,NEFAB MEXICO SA DE CV,"ARISTA NETWORKS, INC"
North face - Components matrix 1.xlsx,BOM,__2,ASY-53727-127;A0,1000.0,P PKG-00876;A0,B,,"BAG, ZIPLOCK, 3"" X 5"",",3.0,EA,17829.0,0.0,7846.0,9983.0,5.0,(D)ULINE SHIPPING SUPPLIES,"ARISTA NETWORKS, INC"
North face - Components matrix 1.xlsx,BOM,___3,ASY-53727-127;A0,1000.0,P S-1898,B,,"4 x 7"" Bolsas con Cier",2.0,EA,2148.0,1000.0,2066.0,1082.0,20.0,(D)ULINE SHIPPING SUPPLIES,"ARISTA NETWORKS, INC"
North face - Components matrix 1.xlsx,BOM,__2,ASY-53727-127;A0,1000.0,P S-948,B,,"ULINE S-948 5 X 7"" BOL",2.0,EA,886.0,1000.0,1767.0,119.0,20.0,(D)ULINE SHIPPING SUPPLIES,"ARISTA NETWORKS, INC"
North face - Components matrix 1.xlsx,BOM,__2,ASY-53727-127;A0,1000.0,ASY-03128-24;A0,S,6AARI,"ASY, DN, BASE LEVEL, C",1.0,EA,16.0,230.0,246.0,0.0,3.0,,"ARISTA NETWORKS, INC"
North face - Components matrix 1.xlsx,BOM,__2,ASY-53727-127;A0,1000.0,ASY-03131-08;C0,S,6AARI,"ASY,CZ,PSU CAGE ENSAMB",1.0,EA,17.0,229.0,246.0,0.0,3.0,,"ARISTA NETWORKS, INC"
North face - Components matrix 1.xlsx,BOM,___3,ASY-53727-127;A0,1000.0,ASY-03135-03;A0,S,6N02,ASY DN8 CHASSIS BULKHE,1.0,EA,241.0,0.0,230.0,11.0,1.0,,"ARISTA NETWORKS, INC"
North face - Components matrix 1.xlsx,BOM,___3,ASY-53727-127;A0,1000.0,ASY-03136-03;A0,S,6N045,ASY DN8 CHASSIS TOP FR,1.0,EA,182.0,62.0,330.0,-86.0,1.0,,"ARISTA NETWORKS, INC"
North face - Components matrix 1.xlsx,BOM,___3,ASY-53727-127;A0,1000.0,ASY-03137-03;A0,S,6N04,ASY DN8 CHASSIS TOP RE,1.0,EA,111.0,152.0,230.0,33.0,1.0,,"ARISTA NETWORKS, INC"
North face - Components matrix 1.xlsx,BOM,__2,ASY-53727-127;A0,1000.0,ASY-03138-03;A0,S,6N04,"ASY,DN8,CHASSIS,TOP,CO",1.0,EA,308.0,0.0,346.0,-38.0,1.0,,"ARISTA NETWORKS, INC"
North face - Components matrix 1.xlsx,BOM,___3,ASY-53727-127;A0,1000.0,ASY-03139-03;A0,S,6N04,"ASY, DN8, CHASSIS, TOP",1.0,EA,234.0,0.0,230.0,4.0,1.0,,"ARISTA NETWORKS, INC"
North face - Components matrix 1.xlsx,BOM,___3,ASY-53727-127;A0,1000.0,ASY-03143-06;A0,S,6N041,"ASY,DN8,CHASSIS,SHELF,",1.0,EA,216.0,60.0,330.0,-54.0,1.0,,"ARISTA NETWORKS, INC"
North face - Components matrix 1.xlsx,BOM,___3,ASY-53727-127;A0,1000.0,ASY-03145-02;A0,S,6N042,ASY DN8 CHASSIS SUP DI,1.0,EA,218.0,60.0,330.0,-52.0,1.0,,"ARISTA NETWORKS, INC"
North face - Components matrix 1.xlsx,BOM,___3,ASY-53727-127;A0,1000.0,ASY-03152-06;A0,S,6N042,"ASY,DN8,CHASSIS,CCB,IN",1.0,EA,226.0,12.0,230.0,8.0,1.0,,"ARISTA NETWORKS, INC"
North face - Components matrix 1.xlsx,BOM,___3,ASY-53727-127;A0,1000.0,ASY-03153-05;A0,S,6N042,"ASY,DN8,CHASSIS,CCB,IN",1.0,EA,245.0,0.0,230.0,15.0,1.0,,"ARISTA NETWORKS, INC"
North face - Components matrix 1.xlsx,BOM,___3,ASY-53727-127;A0,1000.0,ASY-03156-03;A0,S,6N042,"ASY, DN8, CHASSIS, BOT",1.0,EA,260.0,0.0,230.0,30.0,1.0,,"ARISTA NETWORKS, INC"
North face - Components matrix 1.xlsx,BOM,___3,ASY-53727-127;A0,1000.0,ASY-03157-02;A0,S,6N044,"ASY,DN8,CHASSIS,BOTTOM",1.0,EA,307.0,0.0,230.0,77.0,1.0,,"ARISTA NETWORKS, INC"
North face - Components matrix 1.xlsx,BOM,__2,ASY-53727-127;A0,1000.0,ASY-03158-05;A0,S,6N04,"ASY,DN8,CHASSIS,BOTTOM",1.0,EA,166.0,167.0,246.0,87.0,1.0,,"ARISTA NETWORKS, INC"
North face - Components matrix 1.xlsx,BOM,__2,ASY-53727-127;A0,1000.0,ASY-03183-03;A0,S,6N03,ASY DN8 OOB STIFFENER,1.0,EA,282.0,0.0,346.0,-64.0,1.0,,"ARISTA NETWORKS, INC"
North face - Components matrix 1.xlsx,BOM,___3,ASY-53727-127;A0,1000.0,ASY-03184-05;A0,S,6N04,"ASY, DN8, CHASSIS, PSU",1.0,EA,155.0,176.0,229.0,102.0,1.0,,"ARISTA NETWORKS, INC"
North face - Components matrix 1.xlsx,BOM,___3,ASY-53727-127;A0,1000.0,ASY-03185-02;A0,S,6N03,"ASY,DN8,PSU,CAGE,STIFF",3.0,EA,810.0,13.0,687.0,136.0,1.0,,"ARISTA NETWORKS, INC"
North face - Components matrix 1.xlsx,BOM,___3,ASY-53727-127;A0,1000.0,ASY-03187-07;A0,S,6N04,"ASY, DN8, PSU, MIDDLE",1.0,EA,91.0,139.0,229.0,1.0,1.0,,"ARISTA NETWORKS, INC"
North face - Components matrix 1.xlsx,BOM,___3,ASY-53727-127;A0,1000.0,ASY-03188-06;A0,S,6N042,"ASY,DN8,PSU,TOP",1.0,EA,242.0,0.0,229.0,13.0,1.0,,"ARISTA NETWORKS, INC"
North face - Components matrix 1.xlsx,BOM,___3,ASY-53727-127;A0,1000.0,ASY-03189-05;A0,S,6N04,"ASY, DN8, PSU CAGE, FR",1.0,EA,322.0,0.0,229.0,93.0,1.0,,"ARISTA NETWORKS, INC"
North face - Components matrix 1.xlsx,BOM,___3,ASY-53727-127;A0,1000.0,ASY-03278-05;A0,S,6AARI,ASY DN8/DN4/CANT CHASS,4.0,EA,3.0,1706.0,1994.0,-285.0,3.0,,"ARISTA NETWORKS, INC"
North face - Components matrix 1.xlsx,BOM,___3,ASY-53727-127;A0,1000.0,ASY-03327-02;A0,S,6N03,ASY DN8 PSU BP BOARD L,2.0,EA,191.0,308.0,492.0,7.0,1.0,,"ARISTA NETWORKS, INC"
North face - Components matrix 1.xlsx,BOM,__2,ASY-53727-127;A0,1000.0,ASY-03330-03;A0,S,6AARI,"ASY,DN8 / CZ,PSU,BP,PC",2.0,EA,0.0,492.0,492.0,0.0,3.0,,"ARISTA NETWORKS, INC"
North face - Components matrix 1.xlsx,BOM,__2,ASY-53727-127;A0,1000.0,ASY-03333-04;A0,S,6N04,ASY NORTHFACE PSU BP P,1.0,EA,258.0,0.0,346.0,-88.0,1.0,,"ARISTA NETWORKS, INC"
North face - Components matrix 1.xlsx,BOM,___3,ASY-53727-127;A0,1000.0,ASY-03668-01;A0,S,6N04,"ASY, DN8, PSU CAGE, SH",1.0,EA,23.0,237.0,230.0,30.0,1.0,,"ARISTA NETWORKS, INC"
North face - Components matrix 1.xlsx,BOM,_1,ASY-53727-127;A0,1000.0,ASY-03727-27;A0,S,6AARI,"ASY, DN, BASE LEVEL, C",1.0,EA,0.0,250.0,250.0,0.0,3.0,,"ARISTA NETWORKS, INC"
North face - Components matrix 1.xlsx,BOM,___3,ASY-53727-127;A0,1000.0,ASY-04138-02;A0,S,6ASAN,"ASY,DN8 / CZ EJECTOR,T",2.0,EA,10.0,918.0,1154.0,-226.0,3.0,,"ARISTA NETWORKS, INC"
North face - Components matrix 1.xlsx,BOM,___3,ASY-53727-127;A0,1000.0,ASY-04181-02;A0,S,6N04,"ASY,DN8,CHASSIS,BULKHE",1.0,EA,93.0,144.0,230.0,7.0,1.0,,"ARISTA NETWORKS, INC"
North face - Components matrix 1.xlsx,BOM,___3,ASY-53727-127;A0,1000.0,ASY-04183-01;A0,S,6N03,"ASY, DN8, PSU CAGE, ST",1.0,EA,256.0,126.0,229.0,153.0,1.0,,"ARISTA NETWORKS, INC"
North face - Components matrix 1.xlsx,BOM,__2,ASY-53727-127;A0,1000.0,ASY-04184-02;A0,S,6N04,ASY DN8 BRACE BUSBAR,2.0,EA,193.0,300.0,492.0,1.0,1.0,,"ARISTA NETWORKS, INC"
North face - Components matrix 1.xlsx,BOM,_1,ASY-53727-127;A0,1000.0,ASY-04192-06;B0,S,6AARI,"ASY,DN,ACCESSORY,NORTH",1.0,EA,0.0,250.0,250.0,0.0,3.0,,"ARISTA NETWORKS, INC"
North face - Components matrix 1.xlsx,BOM,___3,ASY-53727-127;A0,1000.0,ASY-04756-04;A0,S,6N042,"ASY, DN8, CHASSIS, INS",1.0,EA,44.0,192.0,230.0,6.0,1.0,,"ARISTA NETWORKS, INC"
North face - Components matrix 1.xlsx,BOM,___3,ASY-53727-127;A0,1000.0,ASY-04757-04;A0,S,6N042,ASY DN8 CHASSIS INSIDE,1.0,EA,74.0,162.0,230.0,6.0,1.0,,"ARISTA NETWORKS, INC"
North face - Components matrix 1.xlsx,BOM,___3,ASY-53727-127;A0,1000.0,ASY-04776-01;B0,S,6SLK,"ASY,DN8,SUP DIVDR,EJEC",1.0,EA,118.0,227.0,593.0,-248.0,1.0,,"ARISTA NETWORKS, INC"
North face - Components matrix 1.xlsx,BOM,__2,ASY-53727-127;A0,1000.0,ASY-04780-05;B0,S,6APEM,"ASY, DENALI, RACK KIT,",1.0,,73.0,278.0,531.0,-180.0,0.0,,"ARISTA NETWORKS, INC"
North face - Components matrix 1.xlsx,BOM,___3,ASY-53727-127;A0,1000.0,ASY-05257-01;A0,S,6N043,"ASY,DN8,CHASSIS,CARD C",1.0,EA,262.0,0.0,230.0,32.0,1.0,,"ARISTA NETWORKS, INC"
North face - Components matrix 1.xlsx,BOM,___3,ASY-53727-127;A0,1000.0,ASY-05258-01;A0,S,6N043,"ASY,DN8,CHASSIS,CARD C",1.0,EA,250.0,2.0,230.0,22.0,1.0,,"ARISTA NETWORKS, INC"
North face - Components matrix 1.xlsx,BOM,___3,ASY-53727-127;A0,1000.0,ASY-05271-01;A0,S,6AARI,"ASY,DN8,CHASSIS,SHELF,",1.0,EA,0.0,230.0,230.0,0.0,3.0,,"ARISTA NETWORKS, INC"
North face - Components matrix 1.xlsx,BOM,____4,ASY-53727-127;A0,1000.0,ASY-05272-01;A0,S,6N041,"ASY, DN8, CHASSIS, SHE",1.0,EA,208.0,84.0,230.0,62.0,1.0,,"ARISTA NETWORKS, INC"
North face - Components matrix 1.xlsx,BOM,___3,ASY-53727-127;A0,1000.0,ASY-05275-01;A0,S,6AARI,"ASY,CZ,CHASSIS,FABRIC",6.0,EA,71.0,3283.0,3354.0,0.0,3.0,,"ARISTA NETWORKS, INC"
North face - Components matrix 1.xlsx,BOM,___3,ASY-53727-127;A0,1000.0,ASY-05277-02;A0,S,6N042,"ASY,DN8,CHASSIS,CARDCA",1.0,EA,67.0,176.0,230.0,13.0,1.0,,"ARISTA NETWORKS, INC"
North face - Components matrix 1.xlsx,BOM,___3,ASY-53727-127;A0,1000.0,ASY-05299-02;A0,S,6N042,"ASY,DN8,CHASSIS,CARDCA",1.0,EA,178.0,60.0,230.0,8.0,1.0,,"ARISTA NETWORKS, INC"
North face - Components matrix 1.xlsx,BOM,__2,ASY-53727-127;A0,1000.0,ASY-08774-01;A0,S,6AARI,"ASY,DN EJECTOR,TOOL,KI",2.0,EA,26.0,1186.0,1428.0,-216.0,3.0,,"ARISTA NETWORKS, INC"
North face - Components matrix 1.xlsx,BOM,0,ASY-53727-127;A0,1000.0,ASY-53727-127;A0,S,6AARI,"ASY, DN, TOP LEVEL, CH",1.0,,0.0,250.0,1000.0,-750.0,3.0,,"ARISTA NETWORKS, INC"
North face - Components matrix 1.xlsx,BOM,____4,ASY-53727-127;A0,1000.0,MECH-01827-01;B0,S,6N03,"MECH,DN,EJECTOR,TOOL,C",2.0,EA,1392.0,220.0,904.0,708.0,5.0,,"ARISTA NETWORKS, INC"
North face - Components matrix 1.xlsx,BOM,___3,ASY-53727-127;A0,1000.0,MTL-02212-01;A0,S,6N03,"MTL, DN8, CHASSIS, STI",2.0,EA,563.0,0.0,460.0,103.0,1.0,,"ARISTA NETWORKS, INC"
North face - Components matrix 1.xlsx,BOM,___3,ASY-53727-127;A0,1000.0,MTL-02213-05;A0,S,6N045,"MTL,DN8,CHASSIS,SIDE,R",1.0,EA,194.0,100.0,230.0,64.0,1.0,,"ARISTA NETWORKS, INC"
North face - Components matrix 1.xlsx,BOM,___3,ASY-53727-127;A0,1000.0,MTL-02214-01;A1,S,6N03,"MTL,DN8,CHASSIS,FABRIC",1.0,EA,273.0,108.0,330.0,51.0,5.0,,"ARISTA NETWORKS, INC"
North face - Components matrix 1.xlsx,BOM,___3,ASY-53727-127;A0,1000.0,MTL-02215-02;A1,S,6N03,"MTL,DN8,CHASSIS,FABRIC",1.0,EA,243.0,108.0,330.0,21.0,5.0,,"ARISTA NETWORKS, INC"
North face - Components matrix 1.xlsx,BOM,___3,ASY-53727-127;A0,1000.0,MTL-02216-03;A0,S,6N03,"MTL,DN8,CHASSIS,CCB,BR",1.0,EA,249.0,0.0,230.0,19.0,1.0,,"ARISTA NETWORKS, INC"
North face - Components matrix 1.xlsx,BOM,___3,ASY-53727-127;A0,1000.0,MTL-02217-01;A0,S,6N04,"MTL, DN8, CHASSIS, HAN",1.0,EA,405.0,0.0,230.0,175.0,1.0,,"ARISTA NETWORKS, INC"
North face - Components matrix 1.xlsx,BOM,___3,ASY-53727-127;A0,1000.0,MTL-02218-01;B0,S,6N04,"MTL, DN8, CHASSIS, RAC",1.0,EA,220.0,210.0,230.0,200.0,5.0,,"ARISTA NETWORKS, INC"
North face - Components matrix 1.xlsx,BOM,___3,ASY-53727-127;A0,1000.0,MTL-02220-03;A0,S,6N041,"MTL, DN8, CHASSIS, LOW",1.0,EA,188.0,60.0,230.0,18.0,1.0,,"ARISTA NETWORKS, INC"
North face - Components matrix 1.xlsx,BOM,____4,ASY-53727-127;A0,1000.0,MTL-02226-02;A0,S,6P25C,"MTL, DN8, CHASSIS, SH",1.0,EA,587.0,11.0,740.0,-142.0,1.0,,"ARISTA NETWORKS, INC"
North face - Components matrix 1.xlsx,BOM,___3,ASY-53727-127;A0,1000.0,MTL-02236-04;A0,S,6N041,"MTL, DN8, CHASSIS, SHE",1.0,EA,352.0,0.0,330.0,22.0,1.0,,"ARISTA NETWORKS, INC"
North face - Components matrix 1.xlsx,BOM,___3,ASY-53727-127;A0,1000.0,MTL-02237-04;A0,S,6N04,"MTL, DN8, CHASSIS, SHE",1.0,EA,279.0,122.0,413.0,-12.0,1.0,,"ARISTA NETWORKS, INC"
North face - Components matrix 1.xlsx,BOM,___3,ASY-53727-127;A0,1000.0,MTL-02239-01;A0,S,6N042,"MTL, DN8, CHASSIS, SUP",1.0,EA,295.0,0.0,330.0,-35.0,1.0,,"ARISTA NETWORKS, INC"
North face - Components matrix 1.xlsx,BOM,___3,ASY-53727-127;A0,1000.0,MTL-02247-05;A0,S,6N045,"MTL,DN8,CHASSIS,SIDE,L",1.0,EA,177.0,76.0,230.0,23.0,1.0,,"ARISTA NETWORKS, INC"
North face - Components matrix 1.xlsx,BOM,___3,ASY-53727-127;A0,1000.0,MTL-02254-02;A1,S,6N04,"MTL,DN8,CHASSIS,LINECA",2.0,EA,746.0,0.0,820.0,-74.0,1.0,,"ARISTA NETWORKS, INC"
North face - Components matrix 1.xlsx,BOM,___3,ASY-53727-127;A0,1000.0,MTL-02258-06;A0,S,6N04,"MTL, DN8, PSU, VERTICA",10.0,EA,1900.0,575.0,2290.0,185.0,1.0,,"ARISTA NETWORKS, INC"
North face - Components matrix 1.xlsx,BOM,___3,ASY-53727-127;A0,1000.0,MTL-02321-01;A0,S,6N03,"MTL,DN8,CCB,STFNR,LFT",1.0,EA,295.0,0.0,230.0,65.0,1.0,,"ARISTA NETWORKS, INC"
North face - Components matrix 1.xlsx,BOM,___3,ASY-53727-127;A0,1000.0,MTL-02322-03;B0,S,6N04,"MTL, DN8, CHASSIS, RAC",1.0,EA,25.0,227.0,230.0,22.0,5.0,,"ARISTA NETWORKS, INC"
North face - Components matrix 1.xlsx,BOM,___3,ASY-53727-127;A0,1000.0,MTL-02324-02;A0,S,6N04,"MTL-DN8,CCB,BRKT,HDL,S",1.0,EA,444.0,0.0,330.0,114.0,1.0,,"ARISTA NETWORKS, INC"
North face - Components matrix 1.xlsx,BOM,____4,ASY-53727-127;A0,1000.0,MTL-02325-02;A0,S,6P25C,"MTL,DN8,SUP DIVDR,EJEC",1.0,EA,583.0,0.0,227.0,356.0,5.0,,"ARISTA NETWORKS, INC"
North face - Components matrix 1.xlsx,BOM,___3,ASY-53727-127;A0,1000.0,MTL-02352-04;A0,S,6N04,"MTL, DN8, CHASSIS, FAB",1.0,EA,230.0,78.0,230.0,78.0,1.0,,"ARISTA NETWORKS, INC"
North face - Components matrix 1.xlsx,BOM,____4,ASY-53727-127;A0,1000.0,MTL-02356-04;B0,S,6P25C,"MTL, DN, CHASSIS, HAND",4.0,EA,1122.0,610.0,1706.0,26.0,5.0,,"ARISTA NETWORKS, INC"
North face - Components matrix 1.xlsx,BOM,____4,ASY-53727-127;A0,1000.0,MTL-02357-02;A0,S,6P20C,"MTL,DN,CHASSIS,HANDLE,",8.0,EA,1826.0,1600.0,3412.0,14.0,1.0,,"ARISTA NETWORKS, INC"
North face - Components matrix 1.xlsx,BOM,____4,ASY-53727-127;A0,1000.0,MTL-02358-03;A3,S,6P20C,"MTL, DN, CHASSIS, HAND",8.0,EA,2094.0,1350.0,3412.0,32.0,5.0,,"ARISTA NETWORKS, INC"
North face - Components matrix 1.xlsx,BOM,____4,ASY-53727-127;A0,1000.0,MTL-02360-06;A0,S,6P20C,"MTL, DN, CHASSIS, HAND",4.0,EA,1431.0,0.0,1706.0,-275.0,1.0,,"ARISTA NETWORKS, INC"
North face - Components matrix 1.xlsx,BOM,____4,ASY-53727-127;A0,1000.0,MTL-02362-04;B0,S,6N04,"MTL, DN, CHASSIS, HAND",4.0,EA,1006.0,942.0,1706.0,242.0,5.0,,"ARISTA NETWORKS, INC"
North face - Components matrix 1.xlsx,BOM,____4,ASY-53727-127;A0,1000.0,MTL-02363-03;A0,S,6N04,"MTL, DN, CHASSIS, HAND",4.0,EA,2556.0,0.0,1706.0,850.0,1.0,,"ARISTA NETWORKS, INC"
North face - Components matrix 1.xlsx,BOM,____4,ASY-53727-127;A0,1000.0,MTL-02368-02;A0,S,6N03,"MTL,DN8,PSU CAGE,STOP,",1.0,EA,256.0,0.0,139.0,117.0,5.0,,"ARISTA NETWORKS, INC"
North face - Components matrix 1.xlsx,BOM,___3,ASY-53727-127;A0,1000.0,MTL-02434-01;A0,S,6P20C,"MTL, DN8, CHASSIS, SHE",1.0,EA,415.0,10.0,422.0,3.0,1.0,,"ARISTA NETWORKS, INC"
North face - Components matrix 1.xlsx,BOM,___3,ASY-53727-127;A0,1000.0,MTL-02738-01;A0,S,6N04,MTL DN8 STFNR BULKHEAD,1.0,EA,362.0,1.0,330.0,33.0,1.0,,"ARISTA NETWORKS, INC"
North face - Components matrix 1.xlsx,BOM,___3,ASY-53727-127;A0,1000.0,MTL-02844-02;A0,S,6P20C,"MTL, DN, TOOL HOLDER,",2.0,EA,2188.0,674.0,1490.0,1372.0,5.0,,"ARISTA NETWORKS, INC"
North face - Components matrix 1.xlsx,BOM,___3,ASY-53727-127;A0,1000.0,MTL-03292-01;A0,S,6N03,"MTL,PSU,HARD STOP",2.0,EA,342.0,297.0,458.0,181.0,5.0,,"ARISTA NETWORKS, INC"
North face - Components matrix 1.xlsx,BOM,___3,ASY-53727-127;A0,1000.0,MTL-03527-04;A0,S,6P20C,"MTL,DN,RACK KIT,FRONT,",4.0,EA,1686.0,480.0,1056.0,1110.0,5.0,,"ARISTA NETWORKS, INC"
North face - Components matrix 1.xlsx,BOM,___3,ASY-53727-127;A0,1000.0,MTL-03528-05;A0,S,6P25C,"MTL,DN,RACK KIT,FRONT,",2.0,EA,1171.0,0.0,528.0,643.0,5.0,,"ARISTA NETWORKS, INC"
North face - Components matrix 1.xlsx,BOM,___3,ASY-53727-127;A0,1000.0,MTL-03529-05;B0,S,6P20C,"MTL,DN,RACK KIT,FRONT,",2.0,EA,529.0,441.0,740.0,230.0,5.0,,"ARISTA NETWORKS, INC"
North face - Components matrix 1.xlsx,BOM,___3,ASY-53727-127;A0,1000.0,MTL-03552-04;A0,S,6P25C,"MTL,DN, RACK KIT, REAR",2.0,EA,1705.0,4.0,528.0,1181.0,5.0,,"ARISTA NETWORKS, INC"
North face - Components matrix 1.xlsx,BOM,___3,ASY-53727-127;A0,1000.0,MTL-03664-05;B0,S,6N04,"MTL,DN,RACK KIT,FRONT,",1.0,EA,565.0,273.0,264.0,574.0,5.0,,"ARISTA NETWORKS, INC"
North face - Components matrix 1.xlsx,BOM,___3,ASY-53727-127;A0,1000.0,MTL-03697-01;A0,S,6N03,"MTL, DN8, CHASSIS, BRA",1.0,EA,239.0,0.0,330.0,-91.0,1.0,,"ARISTA NETWORKS, INC"
North face - Components matrix 1.xlsx,BOM,____4,ASY-53727-127;A0,1000.0,MTL-03975-01;A1,S,6N04,"MTL, DN8, CHASSIS, SHE",1.0,EA,231.0,0.0,230.0,1.0,1.0,,"ARISTA NETWORKS, INC"
North face - Components matrix 1.xlsx,BOM,____4,ASY-53727-127;A0,1000.0,MTL-03976-01;B0,S,6P25C,"MTL, DN, CHASSIS, DIVI",6.0,EA,2008.0,1485.0,3283.0,210.0,1.0,,"ARISTA NETWORKS, INC"
North face - Components matrix 1.xlsx,BOM,____4,ASY-53727-127;A0,1000.0,MTL-03977-01;A0,S,6P25C,"MTL, DN, CHASSIS, FABR",6.0,EA,1560.0,1750.0,3283.0,27.0,1.0,,"ARISTA NETWORKS, INC"
North face - Components matrix 1.xlsx,BOM,__2,ASY-53727-127;A0,1000.0,MTL-05286-01;A0,S,6N03,"MTL,CHAS,AIR BLOCKER,J",1.0,EA,362.0,0.0,246.0,116.0,1.0,,"ARISTA NETWORKS, INC"
SKYLINBEMATRIX.xlsx,BOM,__2,ASY-54577-110;A0,864.0,A LBL-00112,B,,1.000 IN W X 0.25 IN H,3.0,EA,5464.0,0.0,1827.0,3637.0,15.0,BRADLEY NAMEPLATE CORPORATION,"ARISTA NETWORKS, INC"
SKYLINBEMATRIX.xlsx,BOM,____4,ASY-54577-110;A0,864.0,H MECH-05243,B,,11RU ESD JACK PENCOM P,1.1,EA,3984.0,1500.0,372.8,5111.2,70.0,PENCOM-SO CA,"ARISTA NETWORKS, INC"
SKYLINBEMATRIX.xlsx,BOM,_____5,ASY-54577-110;A0,864.0,H MECH-05243,B,,11RU ESD JACK PENCOM P,1.1,EA,3984.0,1500.0,372.8,5111.2,70.0,PENCOM-SO CA,"ARISTA NETWORKS, INC"
SKYLINBEMATRIX.xlsx,BOM,____4,ASY-54577-110;A0,864.0,H MECH-05243,B,,11RU ESD JACK PENCOM P,1.1,EA,3984.0,1500.0,372.8,5111.2,70.0,PENCOM-SO CA,"ARISTA NETWORKS, INC"
SKYLINBEMATRIX.xlsx,BOM,__2,ASY-54577-110;A0,864.0,H SC7134,B,,3MM X 8 SEMS SCREW SQU,40.7,EA,7775.3,28000.0,11566.35,24208.95,90.0,PENCOM-SO CA,"ARISTA NETWORKS, INC"
SKYLINBEMATRIX.xlsx,BOM,____4,ASY-54577-110;A0,864.0,H TPS-3MM-8,B,,3MM X 8MM SST PINPENN,2.2,EA,364750.74,17100.0,0.0,381850.74,55.0,SW ANDERSON COMPANY,"ARISTA NETWORKS, INC"
SKYLINBEMATRIX.xlsx,BOM,____4,ASY-54577-110;A0,864.0,H TPS-3MM-8,B,,3MM X 8MM SST PINPENN,2.2,EA,364750.74,17100.0,0.0,381850.74,55.0,SW ANDERSON COMPANY,"ARISTA NETWORKS, INC"
SKYLINBEMATRIX.xlsx,BOM,___3,ASY-54577-110;A0,864.0,P S-1898,B,,"4 x 7"" Bolsas con Cier",4.0,EA,2148.0,1000.0,2066.0,1082.0,20.0,(D)ULINE SHIPPING SUPPLIES,"ARISTA NETWORKS, INC"
SKYLINBEMATRIX.xlsx,BOM,__2,ASY-54577-110;A0,864.0,P S-1898,B,,"4 x 7"" Bolsas con Cier",4.0,EA,2148.0,1000.0,2066.0,1082.0,20.0,(D)ULINE SHIPPING SUPPLIES,"ARISTA NETWORKS, INC"
SKYLINBEMATRIX.xlsx,BOM,__2,ASY-54577-110;A0,864.0,ASY-05450-03;A0,S,6AARI,ASY DENALI SKYLINE LT,2.0,EA,12.0,216.0,374.0,-146.0,3.0,,"ARISTA NETWORKS, INC"
SKYLINBEMATRIX.xlsx,BOM,__2,ASY-54577-110;A0,864.0,ASY-05451-03;A0,S,6N04,ASY DENALI SKYLINE LT,1.0,EA,187.0,100.0,191.0,96.0,1.0,,"ARISTA NETWORKS, INC"
SKYLINBEMATRIX.xlsx,BOM,__2,ASY-54577-110;A0,864.0,ASY-05464-02;A0,S,6N04,ASY DENALI SKYLINE LT,2.0,EA,58.0,143.0,374.0,-173.0,1.0,,"ARISTA NETWORKS, INC"
SKYLINBEMATRIX.xlsx,BOM,0,ASY-54577-110;A0,864.0,ASY-54577-110;A0,S,6AARI,ASY DN16 CHASSIS TOP L,1.0,EA,19.0,192.0,864.0,-653.0,3.0,,"ARISTA NETWORKS, INC"
SKYLINBEMATRIX.xlsx,BOM,___3,ASY-54577-110;A0,864.0,ASY-04527-05;A0,S,6AARI,ASY DN16 COVER LOWER C,1.0,EA,6.0,132.0,180.0,-42.0,3.0,,"ARISTA NETWORKS, INC"
SKYLINBEMATRIX.xlsx,BOM,___3,ASY-54577-110;A0,864.0,ASY-03278-05;A0,S,6AARI,ASY DN8/DN4/CANT CHASS,2.0,EA,3.0,1706.0,1994.0,-285.0,3.0,,"ARISTA NETWORKS, INC"
SKYLINBEMATRIX.xlsx,BOM,__2,ASY-54577-110;A0,864.0,ASY-04780-05;B0,S,6APEM,"ASY, DENALI, RACK KIT,",1.0,,73.0,278.0,531.0,-180.0,0.0,,"ARISTA NETWORKS, INC"
SKYLINBEMATRIX.xlsx,BOM,_1,ASY-54577-110;A0,864.0,ASY-05571-04;C0,S,6AARI,"ASY, DN16, ACCESSORY K",1.0,EA,-2.0,194.0,192.0,0.0,3.0,,"ARISTA NETWORKS, INC"
SKYLINBEMATRIX.xlsx,BOM,___3,ASY-54577-110;A0,864.0,ASY-04534-02;A0,S,6N03,"ASY, DN16, BUS BAR, FM",2.0,EA,186.0,135.0,360.0,-39.0,1.0,,"ARISTA NETWORKS, INC"
SKYLINBEMATRIX.xlsx,BOM,___3,ASY-54577-110;A0,864.0,ASY-04539-03;A0,S,6N04,"ASY, DN16, CABLE MODUL",1.0,EA,112.0,0.0,180.0,-68.0,1.0,,"ARISTA NETWORKS, INC"
SKYLINBEMATRIX.xlsx,BOM,__2,ASY-54577-110;A0,864.0,ASY-04572-05;A0,S,6AARI,"ASY, DN16, CCB, FABRIC",1.0,EA,6.0,164.0,191.0,-21.0,3.0,,"ARISTA NETWORKS, INC"
SKYLINBEMATRIX.xlsx,BOM,__2,ASY-54577-110;A0,864.0,ASY-04576-05;A0,S,6AARI,"ASY, DN16, CCB, FABRIC",1.0,EA,6.0,165.0,191.0,-20.0,3.0,,"ARISTA NETWORKS, INC"
SKYLINBEMATRIX.xlsx,BOM,__2,ASY-54577-110;A0,864.0,ASY-04574-02;A0,S,6AARI,"ASY, DN16, CHAS, CCB,",1.0,EA,18.0,135.0,183.0,-30.0,3.0,,"ARISTA NETWORKS, INC"
SKYLINBEMATRIX.xlsx,BOM,___3,ASY-54577-110;A0,864.0,ASY-04575-02;A0,S,6N04,"ASY, DN16, CHAS, CCB,",1.0,EA,230.0,0.0,267.0,-37.0,1.0,,"ARISTA NETWORKS, INC"
SKYLINBEMATRIX.xlsx,BOM,___3,ASY-54577-110;A0,864.0,ASY-04575-02;A0,S,6N04,"ASY, DN16, CHAS, CCB,",1.0,EA,230.0,0.0,267.0,-37.0,1.0,,"ARISTA NETWORKS, INC"
SKYLINBEMATRIX.xlsx,BOM,_1,ASY-54577-110;A0,864.0,ASY-04577-10;A0,S,6AARI,"ASY, DN16, CHASSIS, BA",1.0,EA,-1.0,193.0,192.0,0.0,3.0,,"ARISTA NETWORKS, INC"
SKYLINBEMATRIX.xlsx,BOM,___3,ASY-54577-110;A0,864.0,ASY-04543-05;A0,S,6N04,"ASY, DN16, CHASSIS, CA",1.0,EA,35.0,130.0,180.0,-15.0,1.0,,"ARISTA NETWORKS, INC"
SKYLINBEMATRIX.xlsx,BOM,___3,ASY-54577-110;A0,864.0,ASY-04547-04;A0,S,6AARI,"ASY, DN16, CHASSIS, CA",1.0,EA,-1.0,134.0,180.0,-47.0,3.0,,"ARISTA NETWORKS, INC"
SKYLINBEMATRIX.xlsx,BOM,____4,ASY-54577-110;A0,864.0,ASY-04519-03;A0,S,6N043,"ASY, DN16, CHASSIS, CA",1.0,EA,8.0,162.0,121.0,49.0,1.0,,"ARISTA NETWORKS, INC"
SKYLINBEMATRIX.xlsx,BOM,___3,ASY-54577-110;A0,864.0,ASY-04538-02;A0,S,6AARI,"ASY, DN16, CHASSIS, CO",1.0,EA,-9.0,147.0,180.0,-42.0,3.0,,"ARISTA NETWORKS, INC"
SKYLINBEMATRIX.xlsx,BOM,___3,ASY-54577-110;A0,864.0,B ASY-04495-05;B0,B,,"ASY, DN16, CHASSIS, FR",1.0,EA,95.0,687.0,180.0,602.0,120.0,W&B TECHNOLOGY LTD,"ARISTA NETWORKS, INC"
SKYLINBEMATRIX.xlsx,BOM,___3,ASY-54577-110;A0,864.0,ASY-04526-02;A0,S,6N04,"ASY, DN16, CHASSIS, TO",1.0,EA,21.0,140.0,180.0,-19.0,1.0,,"ARISTA NETWORKS, INC"
SKYLINBEMATRIX.xlsx,BOM,____4,ASY-54577-110;A0,864.0,ASY-04528-03;A0,S,6N04,"ASY, DN16, COVER, LWR,",1.0,EA,70.0,70.0,132.0,8.0,1.0,,"ARISTA NETWORKS, INC"
SKYLINBEMATRIX.xlsx,BOM,____4,ASY-54577-110;A0,864.0,ASY-04609-02;A0,S,6N03,"ASY, DN16, COVER, LWR,",1.0,EA,91.0,50.0,132.0,9.0,1.0,,"ARISTA NETWORKS, INC"
SKYLINBEMATRIX.xlsx,BOM,__2,ASY-54577-110;A0,864.0,ASY-04555-05;A0,S,6AARI,"ASY, DN16, PSU CAGE",1.0,EA,-1.0,159.0,183.0,-25.0,3.0,,"ARISTA NETWORKS, INC"
SKYLINBEMATRIX.xlsx,BOM,___3,ASY-54577-110;A0,864.0,ASY-04556-03;A0,S,6N04,"ASY, DN16, PSU CAGE, B",1.0,EA,-1.0,90.0,159.0,-70.0,1.0,,"ARISTA NETWORKS, INC"
SKYLINBEMATRIX.xlsx,BOM,___3,ASY-54577-110;A0,864.0,ASY-04559-03;A0,S,6AARI,"ASY, DN16, PSU CAGE, D",21.0,EA,98.0,3241.0,3339.0,0.0,3.0,,"ARISTA NETWORKS, INC"
SKYLINBEMATRIX.xlsx,BOM,___3,ASY-54577-110;A0,864.0,ASY-04557-02;A0,S,6N03,"ASY, DN16, PSU CAGE, S",4.0,EA,343.0,0.0,636.0,-293.0,1.0,,"ARISTA NETWORKS, INC"
SKYLINBEMATRIX.xlsx,BOM,_1,ASY-54577-110;A0,864.0,P APKG-00148-02A0,B,,"ASY, PKG, SINGLE, 7816",1.0,EA,20.0,460.0,200.0,280.0,70.0,NEFAB MEXICO SA DE CV,"ARISTA NETWORKS, INC"
SKYLINBEMATRIX.xlsx,BOM,___3,ASY-54577-110;A0,864.0,ASY-05275-01;A0,S,6AARI,"ASY,CZ,CHASSIS,FABRIC",6.0,EA,71.0,3283.0,3354.0,0.0,3.0,,"ARISTA NETWORKS, INC"
SKYLINBEMATRIX.xlsx,BOM,___3,ASY-54577-110;A0,864.0,ASY-05275-01;A0,S,6AARI,"ASY,CZ,CHASSIS,FABRIC",6.0,EA,71.0,3283.0,3354.0,0.0,3.0,,"ARISTA NETWORKS, INC"
SKYLINBEMATRIX.xlsx,BOM,__2,ASY-54577-110;A0,864.0,B ASY-05540-02;A2,B,,"ASY,DENALI,HERRON,BAFF",5.0,EA,1699.0,1000.0,915.0,1784.0,90.0,W&B TECHNOLOGY LTD,"ARISTA NETWORKS, INC"
SKYLINBEMATRIX.xlsx,BOM,__2,ASY-54577-110;A0,864.0,B ASY-05541-03;A1,B,,"ASY,DENALI,HERRON,BAFF",10.0,EA,2967.0,2000.0,1830.0,3137.0,90.0,W&B TECHNOLOGY LTD,"ARISTA NETWORKS, INC"
SKYLINBEMATRIX.xlsx,BOM,__2,ASY-54577-110;A0,864.0,ASY-08774-01;A0,S,6AARI,"ASY,DN EJECTOR,TOOL,KI",4.0,EA,26.0,1186.0,1428.0,-216.0,3.0,,"ARISTA NETWORKS, INC"
SKYLINBEMATRIX.xlsx,BOM,__2,ASY-54577-110;A0,864.0,ASY-04592-03;A0,S,6APEM,"ASY,DN16,BRACKET,BUS B",2.0,EA,58.0,48.0,366.0,-260.0,0.0,,"ARISTA NETWORKS, INC"
SKYLINBEMATRIX.xlsx,BOM,____4,ASY-54577-110;A0,864.0,ASY-05523-01;A0,S,6N03,"ASY,DN16,BRKT,SPRT,BB,",1.0,EA,89.0,0.0,97.0,-8.0,1.0,,"ARISTA NETWORKS, INC"
SKYLINBEMATRIX.xlsx,BOM,____4,ASY-54577-110;A0,864.0,ASY-05345-01;A0,S,6N03,"ASY,DN16,BRKT,SPRT,PSU",1.0,EA,143.0,0.0,97.0,46.0,1.0,,"ARISTA NETWORKS, INC"
SKYLINBEMATRIX.xlsx,BOM,__2,ASY-54577-110;A0,864.0,ASY-05694-01;A0,S,6N03,"ASY,DN16,BRKT,SPRT2,BB",2.0,EA,179.0,99.0,366.0,-88.0,1.0,,"ARISTA NETWORKS, INC"
SKYLINBEMATRIX.xlsx,BOM,__2,ASY-54577-110;A0,864.0,A ASY-04469-03;B0,B,,"ASY,DN16,BUSBAR,HORIZO",3.0,EA,498.0,1368.0,549.0,1317.0,100.0,METHODE ELECTRONICS (SUZHOU),"ARISTA NETWORKS, INC"
SKYLINBEMATRIX.xlsx,BOM,__2,ASY-54577-110;A0,864.0,A ASY-04475-03;B0,B,,"ASY,DN16,BUSBAR,HORIZO",2.0,EA,456.0,541.0,366.0,631.0,100.0,METHODE ELECTRONICS (SUZHOU),"ARISTA NETWORKS, INC"
SKYLINBEMATRIX.xlsx,BOM,___3,ASY-54577-110;A0,864.0,A ASY-04479-04;B0,B,,"ASY,DN16,BUSBAR,MAIN,P",1.0,EA,128.0,495.0,180.0,443.0,90.0,METHODE ELECTRONICS (SUZHOU),"ARISTA NETWORKS, INC"
SKYLINBEMATRIX.xlsx,BOM,___3,ASY-54577-110;A0,864.0,ASY-04536-04;A0,S,6N043,"ASY,DN16,CCB BTM,FABRI",1.0,EA,70.0,100.0,164.0,6.0,1.0,,"ARISTA NETWORKS, INC"
SKYLINBEMATRIX.xlsx,BOM,___3,ASY-54577-110;A0,864.0,ASY-04579-05;A0,S,6N043,"ASY,DN16,CCB BTM,FABRI",1.0,EA,48.0,27.0,164.0,-89.0,1.0,,"ARISTA NETWORKS, INC"
SKYLINBEMATRIX.xlsx,BOM,___3,ASY-54577-110;A0,864.0,ASY-04580-04;A0,S,6N043,"ASY,DN16,CCB TOP,FABRI",1.0,EA,48.0,120.0,165.0,3.0,1.0,,"ARISTA NETWORKS, INC"
SKYLINBEMATRIX.xlsx,BOM,___3,ASY-54577-110;A0,864.0,ASY-04581-04;A0,S,6N043,"ASY,DN16,CCB TOP,FABRI",1.0,EA,24.0,82.0,165.0,-59.0,1.0,,"ARISTA NETWORKS, INC"
SKYLINBEMATRIX.xlsx,BOM,___3,ASY-54577-110;A0,864.0,ASY-04585-01;A0,S,6N03,"ASY,DN16,CCB,BRACE,CAR",1.0,EA,241.0,0.0,165.0,76.0,1.0,,"ARISTA NETWORKS, INC"
SKYLINBEMATRIX.xlsx,BOM,___3,ASY-54577-110;A0,864.0,ASY-05855-01;A0,S,6N04,"ASY,DN16,CCB,FM CC,ALI",1.0,EA,227.0,155.0,164.0,218.0,1.0,,"ARISTA NETWORKS, INC"
SKYLINBEMATRIX.xlsx,BOM,___3,ASY-54577-110;A0,864.0,ASY-04521-04;A0,S,6N044,"ASY,DN16,CCB,INSIDE,LE",1.0,EA,10.0,150.0,180.0,-20.0,1.0,,"ARISTA NETWORKS, INC"
SKYLINBEMATRIX.xlsx,BOM,__2,ASY-54577-110;A0,864.0,ASY-04587-02;A0,S,6AARI,"ASY,DN16,CCB,SHEAR BRA",1.0,EA,18.0,132.0,183.0,-33.0,3.0,,"ARISTA NETWORKS, INC"
SKYLINBEMATRIX.xlsx,BOM,___3,ASY-54577-110;A0,864.0,ASY-04619-01;A0,S,6N03,"ASY,DN16,CHA,WAL,PSC,G",1.0,EA,174.0,0.0,180.0,-6.0,1.0,,"ARISTA NETWORKS, INC"
SKYLINBEMATRIX.xlsx,BOM,__2,ASY-54577-110;A0,864.0,ASY-05880-01;A0,S,6AARI,"ASY,DN16,CHAS,BTM COVE",1.0,EA,3.0,155.0,183.0,-25.0,3.0,,"ARISTA NETWORKS, INC"
SKYLINBEMATRIX.xlsx,BOM,___3,ASY-54577-110;A0,864.0,ASY-05882-01;A0,S,6AARI,"ASY,DN16,CHAS,BTM,FRNT",1.0,EA,11.0,126.0,180.0,-43.0,3.0,,"ARISTA NETWORKS, INC"
SKYLINBEMATRIX.xlsx,BOM,____4,ASY-54577-110;A0,864.0,ASY-05889-01;A0,S,6N02,"ASY,DN16,CHAS,CCB,FC,R",1.0,EA,278.0,0.0,121.0,157.0,1.0,,"ARISTA NETWORKS, INC"
SKYLINBEMATRIX.xlsx,BOM,___3,ASY-54577-110;A0,864.0,ASY-04522-03;A0,S,6N044,"ASY,DN16,CHASSIS,BOTTO",1.0,EA,73.0,36.0,180.0,-71.0,1.0,,"ARISTA NETWORKS, INC"
SKYLINBEMATRIX.xlsx,BOM,____4,ASY-54577-110;A0,864.0,ASY-04523-03;A0,S,6N04,"ASY,DN16,CHASSIS,BOTTO",1.0,EA,129.0,1.0,126.0,4.0,1.0,,"ARISTA NETWORKS, INC"
SKYLINBEMATRIX.xlsx,BOM,___3,ASY-54577-110;A0,864.0,ASY-04571-02;A0,S,6N045,"ASY,DN16,CHASSIS,BOTTO",1.0,EA,32.0,125.0,155.0,2.0,1.0,,"ARISTA NETWORKS, INC"
SKYLINBEMATRIX.xlsx,BOM,___3,ASY-54577-110;A0,864.0,ASY-04517-05;A0,S,6N042,"ASY,DN16,CHASSIS,INSID",1.0,EA,8.0,151.0,180.0,-21.0,1.0,,"ARISTA NETWORKS, INC"
SKYLINBEMATRIX.xlsx,BOM,___3,ASY-54577-110;A0,864.0,ASY-04518-05;A0,S,6N042,"ASY,DN16,CHASSIS,INSID",1.0,EA,71.0,57.0,180.0,-52.0,1.0,,"ARISTA NETWORKS, INC"
SKYLINBEMATRIX.xlsx,BOM,__2,ASY-54577-110;A0,864.0,ASY-04524-07;A0,S,6AARI,"ASY,DN16,CHASSIS,SHEET",1.0,EA,0.0,183.0,183.0,0.0,3.0,,"ARISTA NETWORKS, INC"
SKYLINBEMATRIX.xlsx,BOM,___3,ASY-54577-110;A0,864.0,ASY-04511-04;A0,S,6AARI,"ASY,DN16,CHASSIS,SHELF",2.0,EA,32.0,328.0,360.0,0.0,3.0,,"ARISTA NETWORKS, INC"
SKYLINBEMATRIX.xlsx,BOM,____4,ASY-54577-110;A0,864.0,ASY-04512-03;A0,S,6N041,"ASY,DN16,CHASSIS,SHELF",2.0,EA,284.0,0.0,328.0,-44.0,1.0,,"ARISTA NETWORKS, INC"
SKYLINBEMATRIX.xlsx,BOM,___3,ASY-54577-110;A0,864.0,ASY-04515-03;A0,S,6N041,"ASY,DN16,CHASSIS,SHELF",1.0,EA,58.0,110.0,180.0,-12.0,1.0,,"ARISTA NETWORKS, INC"
SKYLINBEMATRIX.xlsx,BOM,____4,ASY-54577-110;A0,864.0,ASY-04514-02;A0,S,6N042,"ASY,DN16,CHASSIS,SUP,D",1.0,EA,51.0,120.0,136.0,35.0,1.0,,"ARISTA NETWORKS, INC"
SKYLINBEMATRIX.xlsx,BOM,___3,ASY-54577-110;A0,864.0,ASY-04516-02;A0,S,6N041,"ASY,DN16,CHASSIS,TOP,I",1.0,EA,111.0,0.0,180.0,-69.0,1.0,,"ARISTA NETWORKS, INC"
SKYLINBEMATRIX.xlsx,BOM,___3,ASY-54577-110;A0,864.0,ASY-04567-04;A0,S,6APEM,"ASY,DN16,PSU CAGE,FRON",1.0,EA,1.0,80.0,159.0,-78.0,0.0,,"ARISTA NETWORKS, INC"
SKYLINBEMATRIX.xlsx,BOM,___3,ASY-54577-110;A0,864.0,ASY-04563-03;A0,S,6N04,"ASY,DN16,PSU CAGE,LEFT",1.0,EA,140.0,81.0,159.0,62.0,1.0,,"ARISTA NETWORKS, INC"
SKYLINBEMATRIX.xlsx,BOM,___3,ASY-54577-110;A0,864.0,ASY-04566-03;A0,S,6N04,"ASY,DN16,PSU CAGE,REAR",1.0,EA,41.0,102.0,159.0,-16.0,1.0,,"ARISTA NETWORKS, INC"
SKYLINBEMATRIX.xlsx,BOM,___3,ASY-54577-110;A0,864.0,ASY-04564-02;A0,S,6N04,"ASY,DN16,PSU CAGE,RIGH",1.0,EA,132.0,60.0,159.0,33.0,1.0,,"ARISTA NETWORKS, INC"
SKYLINBEMATRIX.xlsx,BOM,___3,ASY-54577-110;A0,864.0,ASY-04562-02;A0,S,6N04,"ASY,DN16,PSU CAGE,SHEL",2.0,EA,137.0,20.0,318.0,-161.0,1.0,,"ARISTA NETWORKS, INC"
SKYLINBEMATRIX.xlsx,BOM,___3,ASY-54577-110;A0,864.0,ASY-04568-02;A0,S,6N03,"ASY,DN16,PSU CAGE,STFN",2.0,EA,276.0,80.0,318.0,38.0,1.0,,"ARISTA NETWORKS, INC"
SKYLINBEMATRIX.xlsx,BOM,___3,ASY-54577-110;A0,864.0,ASY-04565-03;A0,S,6N04,"ASY,DN16,PSU CAGE,TOP",1.0,EA,82.0,86.0,159.0,9.0,1.0,,"ARISTA NETWORKS, INC"
SKYLINBEMATRIX.xlsx,BOM,__2,ASY-54577-110;A0,864.0,ASY-04570-01;A0,S,6N04,"ASY,DN16,SLIDE PLATE,B",1.0,EA,130.0,0.0,183.0,-53.0,1.0,,"ARISTA NETWORKS, INC"
SKYLINBEMATRIX.xlsx,BOM,___3,ASY-54577-110;A0,864.0,ASY-05341-02;A0,S,6AARI,"ASY,DN16,SPRT,GUIDE,PS",1.0,EA,41.0,97.0,180.0,-42.0,3.0,,"ARISTA NETWORKS, INC"
SKYLINBEMATRIX.xlsx,BOM,____4,ASY-54577-110;A0,864.0,ASY-05342-02;A0,S,6N02,"ASY,DN16,SPRT,GUIDE,PS",1.0,EA,26.0,67.0,97.0,-4.0,1.0,,"ARISTA NETWORKS, INC"
SKYLINBEMATRIX.xlsx,BOM,__2,ASY-54577-110;A0,864.0,A ASY-04429-09;A0,B,,"ASY,DN16,TOP LEVEL,CAB",6.0,EA,249.0,1859.0,1098.0,1010.0,30.0,"ARISTA NETWORKS, INC.","ARISTA NETWORKS, INC"
SKYLINBEMATRIX.xlsx,BOM,___3,ASY-54577-110;A0,864.0,ASY-04138-02;A0,S,6ASAN,"ASY,DN8 / CZ EJECTOR,T",4.0,EA,10.0,918.0,1154.0,-226.0,3.0,,"ARISTA NETWORKS, INC"
SKYLINBEMATRIX.xlsx,BOM,___3,ASY-54577-110;A0,864.0,ASY-04776-01;B0,S,6SLK,"ASY,DN8,SUP DIVDR,EJEC",1.0,EA,118.0,227.0,593.0,-248.0,1.0,,"ARISTA NETWORKS, INC"
SKYLINBEMATRIX.xlsx,BOM,___3,ASY-54577-110;A0,864.0,A ASY-04714-01;A1,B,,"ASY,DNNALI,RACK,BASKET",1.0,EA,758.0,1000.0,264.0,1494.0,50.0,"HUANJOW KNITTING CO., LTD.","ARISTA NETWORKS, INC"
SKYLINBEMATRIX.xlsx,BOM,___3,ASY-54577-110;A0,864.0,ASY-04520-03;A0,S,6N044,"ASY-DN16,CCB,INSIDE,RI",1.0,EA,86.0,0.0,180.0,-94.0,1.0,,"ARISTA NETWORKS, INC"
SKYLINBEMATRIX.xlsx,BOM,__2,ASY-54577-110;A0,864.0,P PKG-00395;B0,B,,"BAG, ZIP LOCK, 9 x 12""",1.0,EA,760.0,1000.0,531.0,1229.0,30.0,(D)ULINE SHIPPING SUPPLIES,"ARISTA NETWORKS, INC"
SKYLINBEMATRIX.xlsx,BOM,__2,ASY-54577-110;A0,864.0,P PKG-00876;A0,B,,"BAG, ZIPLOCK, 3"" X 5"",",3.0,EA,17829.0,0.0,7846.0,9983.0,5.0,(D)ULINE SHIPPING SUPPLIES,"ARISTA NETWORKS, INC"
SKYLINBEMATRIX.xlsx,BOM,__2,ASY-54577-110;A0,864.0,A CBL-00668-02;B0,B,,"CABLE ASY, BUSBAR, VSE",1.0,EA,203.0,100.0,183.0,120.0,60.0,SANMINA-SCI CORPORATION,"ARISTA NETWORKS, INC"
SKYLINBEMATRIX.xlsx,BOM,___3,ASY-54577-110;A0,864.0,A MECH-01754-04,B,,"DENALI,LC,EJECTORNUT",34.0,EA,12691.0,41100.0,13220.0,40571.0,115.0,SOUTHCO INC,"ARISTA NETWORKS, INC"
SKYLINBEMATRIX.xlsx,BOM,___3,ASY-54577-110;A0,864.0,MTL-03514-04;A0,S,6N04,"DN16, SKYLINE, CCB, FA",1.0,EA,119.0,0.0,165.0,-46.0,1.0,,"ARISTA NETWORKS, INC"
SKYLINBEMATRIX.xlsx,BOM,__2,ASY-54577-110;A0,864.0,A PDOC-00036-12A0,B,,"DOCUMENT,  GETTING STA",1.0,EA,218.0,700.0,523.0,395.0,10.0,(D)GAMA ETIQUETAS SA DE CV,"ARISTA NETWORKS, INC"
SKYLINBEMATRIX.xlsx,BOM,____4,ASY-54577-110;A0,864.0,H FAS-00842,B,,"FAS,INSERT,KEYHOLE,SEL",6.6,EA,862.2,3700.0,990.0,3572.2,90.0,PENCOM-SO CA,"ARISTA NETWORKS, INC"
SKYLINBEMATRIX.xlsx,BOM,____4,ASY-54577-110;A0,864.0,H LAS-M4-1MD,B,,FLOATING SELF-CLINCHIN,2.2,EA,889.7,0.0,0.0,889.7,30.0,SW ANDERSON COMPANY,"ARISTA NETWORKS, INC"
SKYLINBEMATRIX.xlsx,BOM,_____5,ASY-54577-110;A0,864.0,A GSKT-00502,B,,"GASKET, EMI, FOF, RECT",2.0,EA,2106.0,0.0,490.0,1616.0,75.0,SCHLEGEL ELECTRONIC MATERIALS,"ARISTA NETWORKS, INC"
SKYLINBEMATRIX.xlsx,BOM,_____5,ASY-54577-110;A0,864.0,A GSKT-00504,B,,"GASKET, EMI, FOF, RECT",1.0,EA,813.0,0.0,0.0,813.0,75.0,SCHLEGEL ELECTRONIC MATERIALS,"ARISTA NETWORKS, INC"
SKYLINBEMATRIX.xlsx,BOM,___3,ASY-54577-110;A0,864.0,A GSKT-00497,B,,"GASKET, EMI, FOF, RECT",2.0,EA,1732.0,0.0,216.0,1516.0,75.0,SCHLEGEL ELECTRONIC MATERIALS,"ARISTA NETWORKS, INC"
SKYLINBEMATRIX.xlsx,BOM,___3,ASY-54577-110;A0,864.0,A GSKT-00498,B,,"GASKET, EMI, FOF, RECT",2.0,EA,1776.0,0.0,216.0,1560.0,75.0,SCHLEGEL ELECTRONIC MATERIALS,"ARISTA NETWORKS, INC"
SKYLINBEMATRIX.xlsx,BOM,__2,ASY-54577-110;A0,864.0,A GSKT-00505,B,,"GASKET, EMI, FOF, SQ-S",1.0,,132.0,1100.0,183.0,1049.0,35.0,SCHLEGEL ELECTRONIC MATERIALS,"ARISTA NETWORKS, INC"
SKYLINBEMATRIX.xlsx,BOM,_____5,ASY-54577-110;A0,864.0,A GSKT-00503,B,,"GASKET, EMI, FOF, SQ-S",2.0,EA,800.0,0.0,490.0,310.0,70.0,SCHLEGEL ELECTRONIC MATERIALS,"ARISTA NETWORKS, INC"
SKYLINBEMATRIX.xlsx,BOM,___3,ASY-54577-110;A0,864.0,A GSKT-00349,B,,"GASKET,EMI,FOF,D-SHAPE",4.0,EA,1705.0,0.0,1539.0,166.0,25.0,SCHLEGEL ELECTRONIC MATERIALS,"ARISTA NETWORKS, INC"
SKYLINBEMATRIX.xlsx,BOM,___3,ASY-54577-110;A0,864.0,A GSKT-00404,B,,"GASKET,SCHLEGEL,EK2,OU",1.0,EA,685.0,500.0,329.0,856.0,70.0,SCHLEGEL ELECTRONIC MATERIALS,"ARISTA NETWORKS, INC"
SKYLINBEMATRIX.xlsx,BOM,___3,ASY-54577-110;A0,864.0,A GSKT-00404,B,,"GASKET,SCHLEGEL,EK2,OU",1.0,EA,685.0,500.0,329.0,856.0,70.0,SCHLEGEL ELECTRONIC MATERIALS,"ARISTA NETWORKS, INC"
SKYLINBEMATRIX.xlsx,BOM,___3,ASY-54577-110;A0,864.0,A GSKT-00510;A2,B,,"GSKT,DENALI,SKYLINE,BT",1.0,EA,155.0,250.0,164.0,241.0,50.0,BOYD CORPORATION,"ARISTA NETWORKS, INC"
SKYLINBEMATRIX.xlsx,BOM,___3,ASY-54577-110;A0,864.0,A GSKT-00500,B,,"GSKT,DENALI,SKYLINE,LT",1.0,EA,1200.0,0.0,100.0,1100.0,75.0,SCHLEGEL ELECTRONIC MATERIALS,"ARISTA NETWORKS, INC"
SKYLINBEMATRIX.xlsx,BOM,___3,ASY-54577-110;A0,864.0,A GSKT-00501,B,,"GSKT,DENALI,SKYLINE,LT",2.0,EA,1074.0,0.0,143.0,931.0,35.0,SCHLEGEL ELECTRONIC MATERIALS,"ARISTA NETWORKS, INC"
SKYLINBEMATRIX.xlsx,BOM,___3,ASY-54577-110;A0,864.0,A GSKT-00509;A0,B,,"GSKT,DN16,CCB,FABRIC C",2.0,EA,1032.0,0.0,328.0,704.0,70.0,SCHLEGEL ELECTRONIC MATERIALS,"ARISTA NETWORKS, INC"
SKYLINBEMATRIX.xlsx,BOM,___3,ASY-54577-110;A0,864.0,A GSKT-00485;A2,B,,"GSKT,SKYLINE,BAFFLE FO",1.0,EA,134.0,250.0,180.0,204.0,50.0,BOYD CORPORATION,"ARISTA NETWORKS, INC"
SKYLINBEMATRIX.xlsx,BOM,__2,ASY-54577-110;A0,864.0,A GSKT-00471;A2,B,,"GSKT,SKYLINE,OOB,MP,BA",1.0,EA,45.0,350.0,183.0,212.0,50.0,BOYD CORPORATION,"ARISTA NETWORKS, INC"
SKYLINBEMATRIX.xlsx,BOM,____4,ASY-54577-110;A0,864.0,H GPSS-M3-6-P,B,,GUIDE PIN 3MM X 6MM PI,6.6,EA,4054.3,19000.0,3212.3,19842.0,70.0,PENCOM-SO CA,"ARISTA NETWORKS, INC"
SKYLINBEMATRIX.xlsx,BOM,____4,ASY-54577-110;A0,864.0,H GPSS-M3-6-P,B,,GUIDE PIN 3MM X 6MM PI,2.2,EA,4054.3,19000.0,3212.3,19842.0,70.0,PENCOM-SO CA,"ARISTA NETWORKS, INC"
SKYLINBEMATRIX.xlsx,BOM,____4,ASY-54577-110;A0,864.0,H GPSS-M3-6-P,B,,GUIDE PIN 3MM X 6MM PI,2.2,EA,4054.3,19000.0,3212.3,19842.0,70.0,PENCOM-SO CA,"ARISTA NETWORKS, INC"
SKYLINBEMATRIX.xlsx,BOM,____4,ASY-54577-110;A0,864.0,H GPSS-M3-6-P,B,,GUIDE PIN 3MM X 6MM PI,2.2,EA,4054.3,19000.0,3212.3,19842.0,70.0,PENCOM-SO CA,"ARISTA NETWORKS, INC"
SKYLINBEMATRIX.xlsx,BOM,____4,ASY-54577-110;A0,864.0,H GPSS-M3-6-P,B,,GUIDE PIN 3MM X 6MM PI,2.2,EA,4054.3,19000.0,3212.3,19842.0,70.0,PENCOM-SO CA,"ARISTA NETWORKS, INC"
SKYLINBEMATRIX.xlsx,BOM,____4,ASY-54577-110;A0,864.0,H GPSS-M3-6-P,B,,GUIDE PIN 3MM X 6MM PI,2.2,EA,4054.3,19000.0,3212.3,19842.0,70.0,PENCOM-SO CA,"ARISTA NETWORKS, INC"
SKYLINBEMATRIX.xlsx,BOM,____4,ASY-54577-110;A0,864.0,H MECH-00301-03,B,,GUIDE PIN FACEPLATE PE,1.1,EA,6816.0,0.0,0.0,6816.0,90.0,PENCOM-SO CA,"ARISTA NETWORKS, INC"
SKYLINBEMATRIX.xlsx,BOM,____4,ASY-54577-110;A0,864.0,H GPSS-M4-15-P,B,,GUIDE PIN PI 1119,3.3,EA,2689.7,0.0,336.6,2353.1,90.0,PENCOM-SO CA,"ARISTA NETWORKS, INC"
SKYLINBEMATRIX.xlsx,BOM,____4,ASY-54577-110;A0,864.0,H MECH-02135-01,B,,"INSERT,STANDOFF,CUSTOM",4.4,EA,2388.8,0.0,308.0,2080.8,82.0,HARDWARE SPECIALTY,"ARISTA NETWORKS, INC"
SKYLINBEMATRIX.xlsx,BOM,_____5,ASY-54577-110;A0,864.0,H PF11-M4-0,B,,"LARGE KNOW, SPRING-LOA",2.3,EA,7364.8,4000.0,1915.0,9449.8,80.0,SW ANDERSON COMPANY,"ARISTA NETWORKS, INC"
SKYLINBEMATRIX.xlsx,BOM,__2,ASY-54577-110;A0,864.0,A LBL-01461-03;A0,B,,"LBL, DN16, CHASSIS, MO",1.15,EA,189.85,500.0,230.0,459.85,30.0,"CYMMETRIK PRINTING CO, LTD","ARISTA NETWORKS, INC"
SKYLINBEMATRIX.xlsx,BOM,__2,ASY-54577-110;A0,864.0,A LBL-00212-01,B,,"LBL,ASY NUMBER",1.15,EA,4704.45,0.0,563.5,4140.95,15.0,LUSTRE-CAL NAMEPLATE,"ARISTA NETWORKS, INC"
SKYLINBEMATRIX.xlsx,BOM,__2,ASY-54577-110;A0,864.0,A LBL-01268-01;B0,B,,"LBL,DN,CHAS,PROTECTIVE",1.15,EA,1335.3,0.0,644.45,690.85,30.0,"CYMMETRIK PRINTING CO, LTD","ARISTA NETWORKS, INC"
SKYLINBEMATRIX.xlsx,BOM,__2,ASY-54577-110;A0,864.0,A LBL-01269-01;B0,B,,"LBL,DN,CHAS,PROTECTIVE",2.3,EA,1777.6,0.0,1288.9,488.7,30.0,"CYMMETRIK PRINTING CO, LTD","ARISTA NETWORKS, INC"
SKYLINBEMATRIX.xlsx,BOM,___3,ASY-54577-110;A0,864.0,A LBL-01241-01,B,,"LBL,DN,RMK,INSTRUCTION",1.15,EA,1849.65,0.0,303.6,1546.05,30.0,"CYMMETRIK PRINTING CO, LTD","ARISTA NETWORKS, INC"
SKYLINBEMATRIX.xlsx,BOM,__2,ASY-54577-110;A0,864.0,A LBL-01231-03;A0,B,,"LBL,DN16,BOTTOM CCB,FM",1.15,EA,362.3,500.0,218.45,643.85,30.0,"CYMMETRIK PRINTING CO, LTD","ARISTA NETWORKS, INC"
SKYLINBEMATRIX.xlsx,BOM,__2,ASY-54577-110;A0,864.0,A LBL-01530-02;A1,B,,"LBL,DN16,CCB,FILLER,RI",1.15,EA,295.3,250.0,218.45,326.85,30.0,"CYMMETRIK PRINTING CO, LTD","ARISTA NETWORKS, INC"
SKYLINBEMATRIX.xlsx,BOM,__2,ASY-54577-110;A0,864.0,A LBL-01529-01;A3,B,,"LBL,DN16,CCB,LEFT,LOWE",1.15,EA,1085.3,0.0,218.45,866.85,30.0,"CYMMETRIK PRINTING CO, LTD","ARISTA NETWORKS, INC"
SKYLINBEMATRIX.xlsx,BOM,__2,ASY-54577-110;A0,864.0,A LBL-01528-01;A4,B,,"LBL,DN16,CCB,LEFT,UPPE",1.15,EA,77.3,1100.0,210.45,966.85,30.0,"CYMMETRIK PRINTING CO, LTD","ARISTA NETWORKS, INC"
SKYLINBEMATRIX.xlsx,BOM,__2,ASY-54577-110;A0,864.0,A LBL-01229-02;A1,B,,"LBL,DN16,CHAS,LC, ESD",1.15,EA,186.3,0.0,218.45,-32.15,30.0,"CYMMETRIK PRINTING CO, LTD","ARISTA NETWORKS, INC"
SKYLINBEMATRIX.xlsx,BOM,__2,ASY-54577-110;A0,864.0,A LBL-01526-01;A1,B,,"LBL,DN16,CHAS,SUP SHEL",1.15,EA,1117.3,150.0,210.45,1056.85,30.0,"CYMMETRIK PRINTING CO, LTD","ARISTA NETWORKS, INC"
SKYLINBEMATRIX.xlsx,BOM,__2,ASY-54577-110;A0,864.0,A LBL-01527-01;A0,B,,"LBL,DN16,CHAS,SUP SHEL",1.15,EA,69.3,1000.0,210.45,858.85,30.0,"CYMMETRIK PRINTING CO, LTD","ARISTA NETWORKS, INC"
SKYLINBEMATRIX.xlsx,BOM,____4,ASY-54577-110;A0,864.0,A LBL-01426-01;A0,B,,"LBL,DN16,CHAS,WALL RT,",2.3,EA,1562.8,0.0,278.3,1284.5,97.0,BOYD CORPORATION,"ARISTA NETWORKS, INC"
SKYLINBEMATRIX.xlsx,BOM,____4,ASY-54577-110;A0,864.0,A LBL-01427-01;A0,B,,"LBL,DN16,CHAS,WALL RT,",1.15,EA,464.4,250.0,139.15,575.25,97.0,BOYD CORPORATION,"ARISTA NETWORKS, INC"
SKYLINBEMATRIX.xlsx,BOM,__2,ASY-54577-110;A0,864.0,A LBL-01232-02;A0,B,,"LBL,DN16,CHASSIS,CAUTI",2.3,EA,967.6,0.0,420.9,546.7,30.0,"CYMMETRIK PRINTING CO, LTD","ARISTA NETWORKS, INC"
SKYLINBEMATRIX.xlsx,BOM,__2,ASY-54577-110;A0,864.0,A LBL-01596-01;A0,B,,"LBL,DN16,LIFTING BRACK",4.6,EA,626.2,1000.0,841.8,784.4,30.0,"CYMMETRIK PRINTING CO, LTD","ARISTA NETWORKS, INC"
SKYLINBEMATRIX.xlsx,BOM,__2,ASY-54577-110;A0,864.0,A LBL-01203-02;A1,B,,"LBL,DN16,PSU CAGE FRON",1.15,EA,610.3,0.0,210.45,399.85,30.0,"CYMMETRIK PRINTING CO, LTD","ARISTA NETWORKS, INC"
SKYLINBEMATRIX.xlsx,BOM,__2,ASY-54577-110;A0,864.0,A LBL-01207-02;A2,B,,"LBL,DN16,PSU CAGE FRON",1.15,EA,64.3,500.0,210.45,353.85,30.0,"CYMMETRIK PRINTING CO, LTD","ARISTA NETWORKS, INC"
SKYLINBEMATRIX.xlsx,BOM,__2,ASY-54577-110;A0,864.0,A LBL-01199-04;A0,B,,"LBL,DN16,PSU,CAGE,FRON",1.15,EA,1092.3,0.0,218.45,873.85,30.0,"CYMMETRIK PRINTING CO, LTD","ARISTA NETWORKS, INC"
SKYLINBEMATRIX.xlsx,BOM,__2,ASY-54577-110;A0,864.0,A LBL-01200-02;A1,B,,"LBL,DN16,PSU,CAGE,FRON",1.15,EA,513.3,0.0,210.45,302.85,30.0,"CYMMETRIK PRINTING CO, LTD","ARISTA NETWORKS, INC"
SKYLINBEMATRIX.xlsx,BOM,__2,ASY-54577-110;A0,864.0,A LBL-01201-02;A0,B,,"LBL,DN16,PSU,CAGE,FRON",1.15,EA,230.3,500.0,218.45,511.85,30.0,"CYMMETRIK PRINTING CO, LTD","ARISTA NETWORKS, INC"
SKYLINBEMATRIX.xlsx,BOM,__2,ASY-54577-110;A0,864.0,A LBL-01202-02;A1,B,,"LBL,DN16,PSU,CAGE,FRON",1.15,EA,251.3,500.0,218.45,532.85,30.0,"CYMMETRIK PRINTING CO, LTD","ARISTA NETWORKS, INC"
SKYLINBEMATRIX.xlsx,BOM,__2,ASY-54577-110;A0,864.0,A LBL-01230-02;A0,B,,"LBL,DN16,TOP CCB,FM,UP",1.15,EA,174.3,250.0,218.45,205.85,30.0,"CYMMETRIK PRINTING CO, LTD","ARISTA NETWORKS, INC"
SKYLINBEMATRIX.xlsx,BOM,__2,ASY-54577-110;A0,864.0,A LBL-01322-01;A0,B,,"LBL,DN8,CHAS,SHELF,MID",2.3,EA,1287.4,1000.0,853.0,1434.4,30.0,"CYMMETRIK PRINTING CO, LTD","ARISTA NETWORKS, INC"
SKYLINBEMATRIX.xlsx,BOM,__2,ASY-54577-110;A0,864.0,A LBL-00672-01,B,,"LBL,NO LIFT,HANDLE,BIS",2.3,EA,641.6,200.0,420.9,420.7,30.0,"CYMMETRIK PRINTING CO, LTD","ARISTA NETWORKS, INC"
SKYLINBEMATRIX.xlsx,BOM,___3,ASY-54577-110;A0,864.0,H FAS-00261,B,,M3X10 FH SCREW PHIL. T,4.4,EA,8569.9,23300.0,11384.35,20485.55,70.0,PENCOM-SO CA,"ARISTA NETWORKS, INC"
SKYLINBEMATRIX.xlsx,BOM,___3,ASY-54577-110;A0,864.0,H FAS-00261,B,,M3X10 FH SCREW PHIL. T,4.4,EA,8569.9,23300.0,11384.35,20485.55,70.0,PENCOM-SO CA,"ARISTA NETWORKS, INC"
SKYLINBEMATRIX.xlsx,BOM,__2,ASY-54577-110;A0,864.0,H FAS-00261,B,,M3X10 FH SCREW PHIL. T,18.7,EA,8569.9,23300.0,11384.35,20485.55,70.0,PENCOM-SO CA,"ARISTA NETWORKS, INC"
SKYLINBEMATRIX.xlsx,BOM,__2,ASY-54577-110;A0,864.0,H FAS-05002,B,,M3X10MM PH PN HD STLL,23.1,EA,25394.4,35000.0,27424.2,32970.2,70.0,PENCOM-SO CA,"ARISTA NETWORKS, INC"
SKYLINBEMATRIX.xlsx,BOM,___3,ASY-54577-110;A0,864.0,H FAS-00576,B,,"M3X8MM,PH,UFL HD,STL,Z",2.2,EA,636.0,3000.0,1458.6,2177.4,90.0,PENCOM-SO CA,"ARISTA NETWORKS, INC"
SKYLINBEMATRIX.xlsx,BOM,__2,ASY-54577-110;A0,864.0,H FAS-00576,B,,"M3X8MM,PH,UFL HD,STL,Z",2.2,EA,636.0,3000.0,1458.6,2177.4,90.0,PENCOM-SO CA,"ARISTA NETWORKS, INC"
SKYLINBEMATRIX.xlsx,BOM,__2,ASY-54577-110;A0,864.0,H FAS-05001,B,,M4 X 8 SEMS P.H. SCREW,17.6,EA,10888.2,3500.0,3868.8,10519.4,70.0,PENCOM-SO CA,"ARISTA NETWORKS, INC"
SKYLINBEMATRIX.xlsx,BOM,____4,ASY-54577-110;A0,864.0,H CLS-M4-1,B,,M4X0.7 PEM NUTPENN ENG,4.4,EA,1602.6,20000.0,5028.6,16574.0,50.0,SW ANDERSON COMPANY,"ARISTA NETWORKS, INC"
SKYLINBEMATRIX.xlsx,BOM,____4,ASY-54577-110;A0,864.0,H CLS-M4-1,B,,M4X0.7 PEM NUTPENN ENG,2.2,EA,1602.6,20000.0,5028.6,16574.0,50.0,SW ANDERSON COMPANY,"ARISTA NETWORKS, INC"
SKYLINBEMATRIX.xlsx,BOM,_____5,ASY-54577-110;A0,864.0,H CLS-M4-1,B,,M4X0.7 PEM NUTPENN ENG,5.5,EA,1602.6,20000.0,5028.6,16574.0,50.0,SW ANDERSON COMPANY,"ARISTA NETWORKS, INC"
SKYLINBEMATRIX.xlsx,BOM,____4,ASY-54577-110;A0,864.0,H CLS-M4-1,B,,M4X0.7 PEM NUTPENN ENG,4.4,EA,1602.6,20000.0,5028.6,16574.0,50.0,SW ANDERSON COMPANY,"ARISTA NETWORKS, INC"
SKYLINBEMATRIX.xlsx,BOM,____4,ASY-54577-110;A0,864.0,H CLS-M4-1,B,,M4X0.7 PEM NUTPENN ENG,6.6,EA,1602.6,20000.0,5028.6,16574.0,50.0,SW ANDERSON COMPANY,"ARISTA NETWORKS, INC"
SKYLINBEMATRIX.xlsx,BOM,_____5,ASY-54577-110;A0,864.0,H CLS-M4-1,B,,M4X0.7 PEM NUTPENN ENG,5.5,EA,1602.6,20000.0,5028.6,16574.0,50.0,SW ANDERSON COMPANY,"ARISTA NETWORKS, INC"
SKYLINBEMATRIX.xlsx,BOM,_____5,ASY-54577-110;A0,864.0,H CLS-M4-1,B,,M4X0.7 PEM NUTPENN ENG,2.2,EA,1602.6,20000.0,5028.6,16574.0,50.0,SW ANDERSON COMPANY,"ARISTA NETWORKS, INC"
SKYLINBEMATRIX.xlsx,BOM,_____5,ASY-54577-110;A0,864.0,H CLS-M4-1,B,,M4X0.7 PEM NUTPENN ENG,4.4,EA,1602.6,20000.0,5028.6,16574.0,50.0,SW ANDERSON COMPANY,"ARISTA NETWORKS, INC"
SKYLINBEMATRIX.xlsx,BOM,_____5,ASY-54577-110;A0,864.0,H CLS-M4-1,B,,M4X0.7 PEM NUTPENN ENG,1.1,EA,1602.6,20000.0,5028.6,16574.0,50.0,SW ANDERSON COMPANY,"ARISTA NETWORKS, INC"
SKYLINBEMATRIX.xlsx,BOM,____4,ASY-54577-110;A0,864.0,H CLS-M4-1,B,,M4X0.7 PEM NUTPENN ENG,6.6,EA,1602.6,20000.0,5028.6,16574.0,50.0,SW ANDERSON COMPANY,"ARISTA NETWORKS, INC"
SKYLINBEMATRIX.xlsx,BOM,____4,ASY-54577-110;A0,864.0,H CLS-M4-1,B,,M4X0.7 PEM NUTPENN ENG,3.3,EA,1602.6,20000.0,5028.6,16574.0,50.0,SW ANDERSON COMPANY,"ARISTA NETWORKS, INC"
SKYLINBEMATRIX.xlsx,BOM,___3,ASY-54577-110;A0,864.0,H CLS-M4-1,B,,M4X0.7 PEM NUTPENN ENG,2.2,EA,1602.6,20000.0,5028.6,16574.0,50.0,SW ANDERSON COMPANY,"ARISTA NETWORKS, INC"
SKYLINBEMATRIX.xlsx,BOM,__2,ASY-54577-110;A0,864.0,H FAS-00167,B,,M6 CAGE NUT PENCOM # N,38.5,EA,20248.7,25000.0,15457.5,29791.2,70.0,PENCOM-SO CA,"ARISTA NETWORKS, INC"
SKYLINBEMATRIX.xlsx,BOM,__2,ASY-54577-110;A0,864.0,H FAS-00380,B,,M6 HEX NUT PENCOM NU12,4.4,EA,7615.4,3000.0,4540.6,6074.8,50.0,PENCOM-SO CA,"ARISTA NETWORKS, INC"
SKYLINBEMATRIX.xlsx,BOM,__2,ASY-54577-110;A0,864.0,H FAS-00381,B,,M6 LOCK WASHER PENCOM,4.4,EA,10212.8,9000.0,8060.6,11152.2,70.0,PENCOM-SO CA,"ARISTA NETWORKS, INC"
SKYLINBEMATRIX.xlsx,BOM,__2,ASY-54577-110;A0,864.0,H FAS-00381,B,,M6 LOCK WASHER PENCOM,17.6,EA,10212.8,9000.0,8060.6,11152.2,70.0,PENCOM-SO CA,"ARISTA NETWORKS, INC"
SKYLINBEMATRIX.xlsx,BOM,__2,ASY-54577-110;A0,864.0,H FAS-00157,B,,M6 X 16MM PHIL. P.H. S,38.5,EA,31489.7,25000.0,15457.5,41032.2,70.0,PENCOM-SO CA,"ARISTA NETWORKS, INC"
SKYLINBEMATRIX.xlsx,BOM,____4,ASY-54577-110;A0,864.0,H MECH-04255-01,B,,"MECH, DENALI, FACEPLAT",17.6,EA,21967.0,18000.0,1312.0,38655.0,30.0,AFAR TECHNOLOGY (HK) LIMITED,"ARISTA NETWORKS, INC"
SKYLINBEMATRIX.xlsx,BOM,____4,ASY-54577-110;A0,864.0,H MECH-04255-01,B,,"MECH, DENALI, FACEPLAT",17.6,EA,21967.0,18000.0,1312.0,38655.0,30.0,AFAR TECHNOLOGY (HK) LIMITED,"ARISTA NETWORKS, INC"
SKYLINBEMATRIX.xlsx,BOM,____4,ASY-54577-110;A0,864.0,H MECH-03876-01,B,,"MECH, DENALI, FACEPLAT",6.6,EA,24566.6,10500.0,2868.0,32198.6,30.0,AFAR TECHNOLOGY (HK) LIMITED,"ARISTA NETWORKS, INC"
SKYLINBEMATRIX.xlsx,BOM,____4,ASY-54577-110;A0,864.0,H MECH-03876-01,B,,"MECH, DENALI, FACEPLAT",6.6,EA,24566.6,10500.0,2868.0,32198.6,30.0,AFAR TECHNOLOGY (HK) LIMITED,"ARISTA NETWORKS, INC"
SKYLINBEMATRIX.xlsx,BOM,____4,ASY-54577-110;A0,864.0,H MECH-03876-01,B,,"MECH, DENALI, FACEPLAT",6.6,EA,24566.6,10500.0,2868.0,32198.6,30.0,AFAR TECHNOLOGY (HK) LIMITED,"ARISTA NETWORKS, INC"
SKYLINBEMATRIX.xlsx,BOM,____4,ASY-54577-110;A0,864.0,H MECH-03876-01,B,,"MECH, DENALI, FACEPLAT",6.0,EA,24566.6,10500.0,2868.0,32198.6,30.0,AFAR TECHNOLOGY (HK) LIMITED,"ARISTA NETWORKS, INC"
SKYLINBEMATRIX.xlsx,BOM,___3,ASY-54577-110;A0,864.0,A MECH-01645-02A0,B,,"MECH, DN, TOOL HOLDER,",2.0,EA,1152.0,0.0,1490.0,-338.0,30.0,SANMINA-SCI CORPORATION,"ARISTA NETWORKS, INC"
SKYLINBEMATRIX.xlsx,BOM,___3,ASY-54577-110;A0,864.0,A MECH-01645-02A0,B,,"MECH, DN, TOOL HOLDER,",2.0,EA,1152.0,0.0,1490.0,-338.0,30.0,SANMINA-SCI CORPORATION,"ARISTA NETWORKS, INC"
SKYLINBEMATRIX.xlsx,BOM,__2,ASY-54577-110;A0,864.0,A MECH-02136-03A0,B,,"MECH, DN16, CHAS, FILL",1.0,EA,1053.0,0.0,183.0,870.0,50.0,SANMINA-SCI CORPORATION,"ARISTA NETWORKS, INC"
SKYLINBEMATRIX.xlsx,BOM,__2,ASY-54577-110;A0,864.0,A MECH-02137-03A0,B,,"MECH, DN16, CHAS, FILL",1.0,EA,435.0,0.0,183.0,252.0,50.0,SANMINA-SCI CORPORATION,"ARISTA NETWORKS, INC"
SKYLINBEMATRIX.xlsx,BOM,__2,ASY-54577-110;A0,864.0,A MECH-02138-03A0,B,,"MECH, DN16, CHAS, FILL",1.0,EA,341.0,0.0,183.0,158.0,50.0,SANMINA-SCI CORPORATION,"ARISTA NETWORKS, INC"
SKYLINBEMATRIX.xlsx,BOM,__2,ASY-54577-110;A0,864.0,A MECH-02144-03A0,B,,"MECH, DN16, CHAS, FILL",1.0,EA,976.0,0.0,183.0,793.0,60.0,SANMINA-SCI CORPORATION,"ARISTA NETWORKS, INC"
SKYLINBEMATRIX.xlsx,BOM,__2,ASY-54577-110;A0,864.0,A MECH-02145-03A0,B,,"MECH, DN16, CHAS, FILL",1.0,EA,202.0,1000.0,183.0,1019.0,50.0,SANMINA-SCI CORPORATION,"ARISTA NETWORKS, INC"
SKYLINBEMATRIX.xlsx,BOM,__2,ASY-54577-110;A0,864.0,A MECH-02146-03A0,B,,"MECH, DN16, CHAS, FILL",1.0,EA,695.0,0.0,183.0,512.0,50.0,SANMINA-SCI CORPORATION,"ARISTA NETWORKS, INC"
SKYLINBEMATRIX.xlsx,BOM,__2,ASY-54577-110;A0,864.0,A MECH-02147-03A0,B,,"MECH, DN16, CHAS, FILL",1.0,EA,187.0,1000.0,183.0,1004.0,50.0,SANMINA-SCI CORPORATION,"ARISTA NETWORKS, INC"
SKYLINBEMATRIX.xlsx,BOM,____4,ASY-54577-110;A0,864.0,B MECH-02200-02A0,B,,"MECH, DN16, CHASSIS, C",1.0,EA,1358.0,400.0,687.0,1071.0,70.0,W&B TECHNOLOGY LTD,"ARISTA NETWORKS, INC"
SKYLINBEMATRIX.xlsx,BOM,___3,ASY-54577-110;A0,864.0,B MECH-02200-02A0,B,,"MECH, DN16, CHASSIS, C",3.0,EA,1358.0,400.0,687.0,1071.0,70.0,W&B TECHNOLOGY LTD,"ARISTA NETWORKS, INC"
SKYLINBEMATRIX.xlsx,BOM,___3,ASY-54577-110;A0,864.0,H MECH-01196-03,B,,"MECH, DN8, MAIN BUSBAR",17.6,EA,7914.05,18000.0,8215.75,17698.3,70.0,PENCOM-SO CA,"ARISTA NETWORKS, INC"
SKYLINBEMATRIX.xlsx,BOM,__2,ASY-54577-110;A0,864.0,A MECH-02687-02,B,,"MECH,CHAS,AIR BLOCKER,",10.0,EA,7087.0,2500.0,3690.0,5897.0,90.0,W&B TECHNOLOGY LTD,"ARISTA NETWORKS, INC"
SKYLINBEMATRIX.xlsx,BOM,__2,ASY-54577-110;A0,864.0,A MECH-02688-02,B,,"MECH,CHAS,AIR BLOCKER,",2.0,EA,1534.0,1000.0,738.0,1796.0,90.0,W&B TECHNOLOGY LTD,"ARISTA NETWORKS, INC"
SKYLINBEMATRIX.xlsx,BOM,___3,ASY-54577-110;A0,864.0,A MECH-02488-04A1,B,,"MECH,DENALI,LANYARD,HA",4.0,EA,2582.0,1000.0,1154.0,2428.0,56.0,W&B TECHNOLOGY LTD,"ARISTA NETWORKS, INC"
SKYLINBEMATRIX.xlsx,BOM,____4,ASY-54577-110;A0,864.0,H MECH-02436-01,B,,"MECH,DN,CHASSIS,HANDLE",2.2,EA,2611.5,2500.0,1876.6,3234.9,45.0,LEMTECH INTERNATIONAL LTD,"ARISTA NETWORKS, INC"
SKYLINBEMATRIX.xlsx,BOM,____4,ASY-54577-110;A0,864.0,A MECH-01820-02,B,,"MECH,DN,EJECTOR, TOOL",4.0,EA,1933.0,1000.0,918.0,2015.0,30.0,SANMINA-SCI CORPORATION,"ARISTA NETWORKS, INC"
SKYLINBEMATRIX.xlsx,BOM,____4,ASY-54577-110;A0,864.0,MECH-01827-01;B0,S,6N03,"MECH,DN,EJECTOR,TOOL,C",4.0,EA,1392.0,220.0,904.0,708.0,5.0,,"ARISTA NETWORKS, INC"
SKYLINBEMATRIX.xlsx,BOM,__2,ASY-54577-110;A0,864.0,A MECH-02168-01C0,B,,"MECH,DN16,AIR SEAL,BRI",1.15,EA,757.3,0.0,210.45,546.85,97.0,BOYD CORPORATION,"ARISTA NETWORKS, INC"
SKYLINBEMATRIX.xlsx,BOM,__2,ASY-54577-110;A0,864.0,A MECH-02169-02;A,B,,"MECH,DN16,AIR SEAL,BRI",1.0,EA,497.0,0.0,191.0,306.0,50.0,BOYD CORPORATION,"ARISTA NETWORKS, INC"
SKYLINBEMATRIX.xlsx,BOM,__2,ASY-54577-110;A0,864.0,A MECH-02184-01C0,B,,"MECH,DN16,AIR SEAL,BRI",1.0,EA,397.0,250.0,183.0,464.0,97.0,BOYD CORPORATION,"ARISTA NETWORKS, INC"
SKYLINBEMATRIX.xlsx,BOM,___3,ASY-54577-110;A0,864.0,A MECH-02323-01,B,,"MECH,DN16,AIR SEAL,BUS",1.0,EA,503.0,150.0,180.0,473.0,97.0,BOYD CORPORATION,"ARISTA NETWORKS, INC"
SKYLINBEMATRIX.xlsx,BOM,___3,ASY-54577-110;A0,864.0,A MECH-02324-01,B,,"MECH,DN16,AIR SEAL,BUS",1.0,EA,378.0,250.0,180.0,448.0,97.0,BOYD CORPORATION,"ARISTA NETWORKS, INC"
SKYLINBEMATRIX.xlsx,BOM,___3,ASY-54577-110;A0,864.0,A MECH-02854-01,B,,"MECH,DN16,AIR SEAL,CCB",4.0,EA,2666.0,0.0,720.0,1946.0,97.0,BOYD CORPORATION,"ARISTA NETWORKS, INC"
SKYLINBEMATRIX.xlsx,BOM,___3,ASY-54577-110;A0,864.0,A MECH-02866-01,B,,"MECH,DN16,AIR SEAL,CCB",3.45,EA,2176.35,0.0,621.0,1555.35,97.0,BOYD CORPORATION,"ARISTA NETWORKS, INC"
SKYLINBEMATRIX.xlsx,BOM,___3,ASY-54577-110;A0,864.0,A MECH-02867-01,B,,"MECH,DN16,AIR SEAL,CCB",1.0,EA,336.0,300.0,180.0,456.0,97.0,BOYD CORPORATION,"ARISTA NETWORKS, INC"
SKYLINBEMATRIX.xlsx,BOM,___3,ASY-54577-110;A0,864.0,A MECH-02850-01,B,,"MECH,DN16,AIR SEAL,CCB",2.3,EA,1799.5,0.0,379.5,1420.0,97.0,BOYD CORPORATION,"ARISTA NETWORKS, INC"
SKYLINBEMATRIX.xlsx,BOM,___3,ASY-54577-110;A0,864.0,A MECH-02186-01B0,B,,"MECH,DN16,AIR SEAL,FC,",1.0,EA,417.0,250.0,180.0,487.0,97.0,BOYD CORPORATION,"ARISTA NETWORKS, INC"
SKYLINBEMATRIX.xlsx,BOM,____4,ASY-54577-110;A0,864.0,B MECH-02148-02A0,B,,"MECH,DN16,PSU CAGE CAT",21.0,EA,-1529.0,0.0,3523.0,-5052.0,45.0,LEMTECH INTERNATIONAL LTD,"ARISTA NETWORKS, INC"
SKYLINBEMATRIX.xlsx,BOM,___3,ASY-54577-110;A0,864.0,B MECH-02148-02A0,B,,"MECH,DN16,PSU CAGE CAT",3.0,EA,-1529.0,0.0,3523.0,-5052.0,45.0,LEMTECH INTERNATIONAL LTD,"ARISTA NETWORKS, INC"
SKYLINBEMATRIX.xlsx,BOM,___3,ASY-54577-110;A0,864.0,A MECH-02122-01,B,,"MECH,DN8,BUSBAR,MAIN,A",1.0,EA,349.0,275.0,180.0,444.0,97.0,BOYD CORPORATION,"ARISTA NETWORKS, INC"
SKYLINBEMATRIX.xlsx,BOM,___3,ASY-54577-110;A0,864.0,A MECH-01883-01,B,,"MECH,LANYARD,RETRACTAB",4.0,EA,1533.0,1000.0,1154.0,1379.0,14.0,WEST COAST CORPORATION,"ARISTA NETWORKS, INC"
SKYLINBEMATRIX.xlsx,BOM,___3,ASY-54577-110;A0,864.0,MTL-04154-03;A0,S,6N04,MTL DENALI SKYLINE LT,2.0,EA,491.0,7.0,216.0,282.0,1.0,,"ARISTA NETWORKS, INC"
SKYLINBEMATRIX.xlsx,BOM,___3,ASY-54577-110;A0,864.0,MTL-03445-03;B0,S,6N03,MTL DN16 CHASSIS FABRI,1.0,EA,67.0,210.0,329.0,-52.0,5.0,,"ARISTA NETWORKS, INC"
SKYLINBEMATRIX.xlsx,BOM,___3,ASY-54577-110;A0,864.0,MTL-03445-03;B0,S,6N03,MTL DN16 CHASSIS FABRI,1.0,EA,67.0,210.0,329.0,-52.0,5.0,,"ARISTA NETWORKS, INC"
SKYLINBEMATRIX.xlsx,BOM,____4,ASY-54577-110;A0,864.0,B MTL-03978-01;C0,B,,"MTL, DN, CHASSIS, DIVI",12.0,EA,8604.0,18500.0,7442.0,19662.0,75.0,LEMTECH INTERNATIONAL LTD,"ARISTA NETWORKS, INC"
SKYLINBEMATRIX.xlsx,BOM,____4,ASY-54577-110;A0,864.0,MTL-03976-01;B0,S,6P25C,"MTL, DN, CHASSIS, DIVI",6.0,EA,2008.0,1485.0,3283.0,210.0,1.0,,"ARISTA NETWORKS, INC"
SKYLINBEMATRIX.xlsx,BOM,____4,ASY-54577-110;A0,864.0,B MTL-03978-01;C0,B,,"MTL, DN, CHASSIS, DIVI",12.0,EA,8604.0,18500.0,7442.0,19662.0,75.0,LEMTECH INTERNATIONAL LTD,"ARISTA NETWORKS, INC"
SKYLINBEMATRIX.xlsx,BOM,____4,ASY-54577-110;A0,864.0,MTL-03976-01;B0,S,6P25C,"MTL, DN, CHASSIS, DIVI",6.0,EA,2008.0,1485.0,3283.0,210.0,1.0,,"ARISTA NETWORKS, INC"
SKYLINBEMATRIX.xlsx,BOM,____4,ASY-54577-110;A0,864.0,MTL-03977-01;A0,S,6P25C,"MTL, DN, CHASSIS, FABR",6.0,EA,1560.0,1750.0,3283.0,27.0,1.0,,"ARISTA NETWORKS, INC"
SKYLINBEMATRIX.xlsx,BOM,____4,ASY-54577-110;A0,864.0,MTL-03977-01;A0,S,6P25C,"MTL, DN, CHASSIS, FABR",6.0,EA,1560.0,1750.0,3283.0,27.0,1.0,,"ARISTA NETWORKS, INC"
SKYLINBEMATRIX.xlsx,BOM,____4,ASY-54577-110;A0,864.0,MTL-02356-04;B0,S,6P25C,"MTL, DN, CHASSIS, HAND",2.0,EA,1122.0,610.0,1706.0,26.0,5.0,,"ARISTA NETWORKS, INC"
SKYLINBEMATRIX.xlsx,BOM,____4,ASY-54577-110;A0,864.0,MTL-02358-03;A3,S,6P20C,"MTL, DN, CHASSIS, HAND",4.0,EA,2094.0,1350.0,3412.0,32.0,5.0,,"ARISTA NETWORKS, INC"
SKYLINBEMATRIX.xlsx,BOM,____4,ASY-54577-110;A0,864.0,MTL-02360-06;A0,S,6P20C,"MTL, DN, CHASSIS, HAND",2.0,EA,1431.0,0.0,1706.0,-275.0,1.0,,"ARISTA NETWORKS, INC"
SKYLINBEMATRIX.xlsx,BOM,____4,ASY-54577-110;A0,864.0,MTL-02362-04;B0,S,6N04,"MTL, DN, CHASSIS, HAND",2.0,EA,1006.0,942.0,1706.0,242.0,5.0,,"ARISTA NETWORKS, INC"
SKYLINBEMATRIX.xlsx,BOM,____4,ASY-54577-110;A0,864.0,MTL-02363-03;A0,S,6N04,"MTL, DN, CHASSIS, HAND",2.0,EA,2556.0,0.0,1706.0,850.0,1.0,,"ARISTA NETWORKS, INC"
SKYLINBEMATRIX.xlsx,BOM,___3,ASY-54577-110;A0,864.0,MTL-02844-02;A0,S,6P20C,"MTL, DN, TOOL HOLDER,",2.0,EA,2188.0,674.0,1490.0,1372.0,5.0,,"ARISTA NETWORKS, INC"
SKYLINBEMATRIX.xlsx,BOM,___3,ASY-54577-110;A0,864.0,MTL-02844-02;A0,S,6P20C,"MTL, DN, TOOL HOLDER,",2.0,EA,2188.0,674.0,1490.0,1372.0,5.0,,"ARISTA NETWORKS, INC"
SKYLINBEMATRIX.xlsx,BOM,____4,ASY-54577-110;A0,864.0,MTL-03517-02;A0,S,6N03,"MTL, DN16, AIR SEAL, B",1.0,EA,772.0,0.0,132.0,640.0,1.0,,"ARISTA NETWORKS, INC"
SKYLINBEMATRIX.xlsx,BOM,___3,ASY-54577-110;A0,864.0,MTL-03442-02;A0,S,6N042,"MTL, DN16, CABLE MODUL",1.0,EA,76.0,0.0,180.0,-104.0,1.0,,"ARISTA NETWORKS, INC"
SKYLINBEMATRIX.xlsx,BOM,___3,ASY-54577-110;A0,864.0,MTL-03484-02;A0,S,6N03,"MTL, DN16, CABLE MODUL",1.0,EA,99.0,83.0,180.0,2.0,1.0,,"ARISTA NETWORKS, INC"
SKYLINBEMATRIX.xlsx,BOM,___3,ASY-54577-110;A0,864.0,MTL-04230-01;A0,S,6N03,"MTL, DN16, CABLE MODUL",1.0,EA,79.0,122.0,180.0,21.0,1.0,,"ARISTA NETWORKS, INC"
SKYLINBEMATRIX.xlsx,BOM,___3,ASY-54577-110;A0,864.0,MTL-03480-02;A0,S,6N04,"MTL, DN16, CHAS, CCB,",1.0,EA,155.0,147.0,275.0,27.0,1.0,,"ARISTA NETWORKS, INC"
SKYLINBEMATRIX.xlsx,BOM,___3,ASY-54577-110;A0,864.0,MTL-03480-02;A0,S,6N04,"MTL, DN16, CHAS, CCB,",1.0,EA,155.0,147.0,275.0,27.0,1.0,,"ARISTA NETWORKS, INC"
SKYLINBEMATRIX.xlsx,BOM,____4,ASY-54577-110;A0,864.0,MTL-03446-01;B0,S,6N04,"MTL, DN16, CHASSIS, CA",1.0,EA,210.0,0.0,121.0,89.0,1.0,,"ARISTA NETWORKS, INC"
SKYLINBEMATRIX.xlsx,BOM,____4,ASY-54577-110;A0,864.0,MTL-03417-02;A0,S,6N04,"MTL, DN16, CHASSIS, HA",1.0,EA,267.0,0.0,121.0,146.0,1.0,,"ARISTA NETWORKS, INC"
SKYLINBEMATRIX.xlsx,BOM,____4,ASY-54577-110;A0,864.0,MTL-03447-02;A0,S,6N04,"MTL, DN16, CHASSIS, HA",1.0,EA,143.0,0.0,121.0,22.0,1.0,,"ARISTA NETWORKS, INC"
SKYLINBEMATRIX.xlsx,BOM,___3,ASY-54577-110;A0,864.0,MTL-03398-02;A0,S,6N04,"MTL, DN16, CHASSIS, LO",1.0,EA,38.0,80.0,180.0,-62.0,1.0,,"ARISTA NETWORKS, INC"
SKYLINBEMATRIX.xlsx,BOM,___3,ASY-54577-110;A0,864.0,MTL-03427-01;B0,S,6N03,"MTL, DN16, CHASSIS, RA",1.0,EA,95.0,75.0,180.0,-10.0,5.0,,"ARISTA NETWORKS, INC"
SKYLINBEMATRIX.xlsx,BOM,___3,ASY-54577-110;A0,864.0,MTL-03428-01;B0,S,6N03,"MTL, DN16, CHASSIS, RA",1.0,EA,140.0,0.0,180.0,-40.0,5.0,,"ARISTA NETWORKS, INC"
SKYLINBEMATRIX.xlsx,BOM,____4,ASY-54577-110;A0,864.0,MTL-03402-03;A0,S,6N04,"MTL, DN16, CHASSIS, SH",1.0,EA,135.0,0.0,136.0,-1.0,1.0,,"ARISTA NETWORKS, INC"
SKYLINBEMATRIX.xlsx,BOM,____4,ASY-54577-110;A0,864.0,MTL-03404-02;A0,S,6N04,"MTL, DN16, CHASSIS, SH",1.0,EA,251.0,7.0,136.0,122.0,1.0,,"ARISTA NETWORKS, INC"
SKYLINBEMATRIX.xlsx,BOM,___3,ASY-54577-110;A0,864.0,MTL-03422-03;A0,S,6N04,"MTL, DN16, CHASSIS, SI",1.0,EA,71.0,115.0,180.0,6.0,1.0,,"ARISTA NETWORKS, INC"
SKYLINBEMATRIX.xlsx,BOM,___3,ASY-54577-110;A0,864.0,MTL-03423-03;A0,S,6N04,"MTL, DN16, CHASSIS, SI",1.0,EA,65.0,40.0,180.0,-75.0,1.0,,"ARISTA NETWORKS, INC"
SKYLINBEMATRIX.xlsx,BOM,___3,ASY-54577-110;A0,864.0,MTL-03497-03;B0,S,6N03,"MTL, DN16, CHASSIS, SK",1.0,EA,89.0,250.0,329.0,10.0,5.0,,"ARISTA NETWORKS, INC"
SKYLINBEMATRIX.xlsx,BOM,___3,ASY-54577-110;A0,864.0,MTL-03497-03;B0,S,6N03,"MTL, DN16, CHASSIS, SK",1.0,EA,89.0,250.0,329.0,10.0,5.0,,"ARISTA NETWORKS, INC"
SKYLINBEMATRIX.xlsx,BOM,___3,ASY-54577-110;A0,864.0,MTL-03424-04;A0,S,6N04,"MTL, DN16, CHASSIS, ST",1.0,EA,53.0,16.0,180.0,-111.0,1.0,,"ARISTA NETWORKS, INC"
SKYLINBEMATRIX.xlsx,BOM,____4,ASY-54577-110;A0,864.0,MTL-03405-02;A0,S,6N042,"MTL, DN16, CHASSIS, SU",1.0,EA,199.0,56.0,136.0,119.0,1.0,,"ARISTA NETWORKS, INC"
SKYLINBEMATRIX.xlsx,BOM,___3,ASY-54577-110;A0,864.0,MTL-03412-02;A0,S,6N045,"MTL, DN16, CHASSIS, TO",1.0,EA,64.0,27.0,180.0,-89.0,1.0,,"ARISTA NETWORKS, INC"
SKYLINBEMATRIX.xlsx,BOM,____4,ASY-54577-110;A0,864.0,MTL-03554-03;A0,S,6N03,"MTL, DN16, COVER, LWR,",2.0,EA,165.0,0.0,264.0,-99.0,1.0,,"ARISTA NETWORKS, INC"
SKYLINBEMATRIX.xlsx,BOM,____4,ASY-54577-110;A0,864.0,MTL-04466-01;A0,S,6N04,"MTL, DN16, GLIDE, PSU",3.0,EA,1664.0,91.0,843.0,912.0,1.0,,"ARISTA NETWORKS, INC"
SKYLINBEMATRIX.xlsx,BOM,___3,ASY-54577-110;A0,864.0,MTL-04466-01;A0,S,6N04,"MTL, DN16, GLIDE, PSU",3.0,EA,1664.0,91.0,843.0,912.0,1.0,,"ARISTA NETWORKS, INC"
SKYLINBEMATRIX.xlsx,BOM,____4,ASY-54577-110;A0,864.0,MTL-03461-03;A0,S,6N04,"MTL, DN16, PSU CAGE, D",21.0,EA,-819.0,4387.0,3046.0,522.0,5.0,,"ARISTA NETWORKS, INC"
SKYLINBEMATRIX.xlsx,BOM,____4,ASY-54577-110;A0,864.0,MTL-03462-02;A1,S,6P20C,"MTL, DN16, PSU CAGE, D",21.0,EA,750.0,905.0,3111.0,-1456.0,1.0,,"ARISTA NETWORKS, INC"
SKYLINBEMATRIX.xlsx,BOM,___3,ASY-54577-110;A0,864.0,MTL-03463-02;A0,S,6N04,"MTL, DN16, PSU CAGE, S",2.0,EA,244.0,0.0,318.0,-74.0,1.0,,"ARISTA NETWORKS, INC"
SKYLINBEMATRIX.xlsx,BOM,___3,ASY-54577-110;A0,864.0,MTL-03464-02;A0,S,6N03,"MTL, DN16, PSU CAGE, S",8.0,EA,1101.0,322.0,1272.0,151.0,1.0,,"ARISTA NETWORKS, INC"
SKYLINBEMATRIX.xlsx,BOM,___3,ASY-54577-110;A0,864.0,MTL-03496-05;A0,S,6N04,"MTL, DN16, SKYLINE, CC",1.0,EA,34.0,94.0,329.0,-201.0,1.0,,"ARISTA NETWORKS, INC"
SKYLINBEMATRIX.xlsx,BOM,___3,ASY-54577-110;A0,864.0,MTL-03496-05;A0,S,6N04,"MTL, DN16, SKYLINE, CC",1.0,EA,34.0,94.0,329.0,-201.0,1.0,,"ARISTA NETWORKS, INC"
SKYLINBEMATRIX.xlsx,BOM,____4,ASY-54577-110;A0,864.0,MTL-02226-02;A0,S,6P25C,"MTL, DN8, CHASSIS, SH",2.0,EA,587.0,11.0,740.0,-142.0,1.0,,"ARISTA NETWORKS, INC"
SKYLINBEMATRIX.xlsx,BOM,____4,ASY-54577-110;A0,864.0,ASY-05445-02;A0,S,6N04,"MTL,DENALI,SKYLINE,RT",2.0,,56.0,490.0,242.0,304.0,1.0,,"ARISTA NETWORKS, INC"
SKYLINBEMATRIX.xlsx,BOM,____4,ASY-54577-110;A0,864.0,ASY-05446-03;A0,S,6N04,"MTL,DENALI,SKYLINE,RT",1.0,,150.0,0.0,121.0,29.0,1.0,,"ARISTA NETWORKS, INC"
SKYLINBEMATRIX.xlsx,BOM,___3,ASY-54577-110;A0,864.0,MTL-03552-04;A0,S,6P25C,"MTL,DN, RACK KIT, REAR",2.0,EA,1705.0,4.0,528.0,1181.0,5.0,,"ARISTA NETWORKS, INC"
SKYLINBEMATRIX.xlsx,BOM,____4,ASY-54577-110;A0,864.0,MTL-02357-02;A0,S,6P20C,"MTL,DN,CHASSIS,HANDLE,",4.0,EA,1826.0,1600.0,3412.0,14.0,1.0,,"ARISTA NETWORKS, INC"
SKYLINBEMATRIX.xlsx,BOM,___3,ASY-54577-110;A0,864.0,MTL-03527-04;A0,S,6P20C,"MTL,DN,RACK KIT,FRONT,",4.0,EA,1686.0,480.0,1056.0,1110.0,5.0,,"ARISTA NETWORKS, INC"
SKYLINBEMATRIX.xlsx,BOM,___3,ASY-54577-110;A0,864.0,MTL-03528-05;A0,S,6P25C,"MTL,DN,RACK KIT,FRONT,",2.0,EA,1171.0,0.0,528.0,643.0,5.0,,"ARISTA NETWORKS, INC"
SKYLINBEMATRIX.xlsx,BOM,___3,ASY-54577-110;A0,864.0,MTL-03529-05;B0,S,6P20C,"MTL,DN,RACK KIT,FRONT,",2.0,EA,529.0,441.0,740.0,230.0,5.0,,"ARISTA NETWORKS, INC"
SKYLINBEMATRIX.xlsx,BOM,___3,ASY-54577-110;A0,864.0,MTL-03664-05;B0,S,6N04,"MTL,DN,RACK KIT,FRONT,",1.0,EA,565.0,273.0,264.0,574.0,5.0,,"ARISTA NETWORKS, INC"
SKYLINBEMATRIX.xlsx,BOM,___3,ASY-54577-110;A0,864.0,MTL-04470-02;A0,S,6N04,"MTL,DN12,CHASSIS,VERT",2.0,EA,93.0,283.0,360.0,16.0,1.0,,"ARISTA NETWORKS, INC"
SKYLINBEMATRIX.xlsx,BOM,__2,ASY-54577-110;A0,864.0,MTL-03516-03;A0,S,6N02,"MTL,DN16,AIR,SEAL,BRKT",1.0,EA,109.0,0.0,183.0,-74.0,1.0,,"ARISTA NETWORKS, INC"
SKYLINBEMATRIX.xlsx,BOM,___3,ASY-54577-110;A0,864.0,MTL-03506-03;A0,S,6N02,"MTL,DN16,BRACKET,BUS B",2.0,EA,212.0,0.0,0.0,212.0,5.0,,"ARISTA NETWORKS, INC"
SKYLINBEMATRIX.xlsx,BOM,___3,ASY-54577-110;A0,864.0,MTL-03500-01;B0,S,6N03,"MTL,DN16,CCB TOP,FABRI",2.0,EA,218.0,120.0,330.0,8.0,1.0,,"ARISTA NETWORKS, INC"
SKYLINBEMATRIX.xlsx,BOM,___3,ASY-54577-110;A0,864.0,MTL-03499-02;A0,S,6N04,"MTL,DN16,CCB TOP,SIDE",1.0,EA,130.0,0.0,165.0,-35.0,1.0,,"ARISTA NETWORKS, INC"
SKYLINBEMATRIX.xlsx,BOM,___3,ASY-54577-110;A0,864.0,MTL-03476-02;A0,S,6N04,"MTL,DN16,CCB,BOTTOM SI",1.0,EA,92.0,80.0,164.0,8.0,1.0,,"ARISTA NETWORKS, INC"
SKYLINBEMATRIX.xlsx,BOM,__2,ASY-54577-110;A0,864.0,MTL-03503-03;A0,S,6N04,"MTL,DN16,CCB,FABRIC MO",1.0,EA,199.0,84.0,200.0,83.0,1.0,,"ARISTA NETWORKS, INC"
SKYLINBEMATRIX.xlsx,BOM,___3,ASY-54577-110;A0,864.0,MTL-03478-02;A0,S,6N03,"MTL,DN16,CCB,FC.CG,MID",1.0,EA,197.0,0.0,164.0,33.0,1.0,,"ARISTA NETWORKS, INC"
SKYLINBEMATRIX.xlsx,BOM,____4,ASY-54577-110;A0,864.0,MTL-04469-01;A0,S,6N04,"MTL,DN16,CHAS,CCB,FC,V",1.0,EA,240.0,88.0,121.0,207.0,5.0,,"ARISTA NETWORKS, INC"
SKYLINBEMATRIX.xlsx,BOM,__2,ASY-54577-110;A0,864.0,MTL-04637-01;A0,S,6N03,"MTL,DN16,CHAS,HOIST,RI",4.0,EA,48.0,708.0,800.0,-44.0,5.0,,"ARISTA NETWORKS, INC"
SKYLINBEMATRIX.xlsx,BOM,____4,ASY-54577-110;A0,864.0,MTL-03407-02;A0,S,6N04,"MTL,DN16,CHAS,SHELF,UP",1.0,,82.0,54.0,136.0,0.0,1.0,,"ARISTA NETWORKS, INC"
SKYLINBEMATRIX.xlsx,BOM,____4,ASY-54577-110;A0,864.0,MTL-03406-02;A0,S,6N04,"MTL,DN16,CHAS,SUP,SHEL",1.0,EA,323.0,0.0,136.0,187.0,1.0,,"ARISTA NETWORKS, INC"
SKYLINBEMATRIX.xlsx,BOM,____4,ASY-54577-110;A0,864.0,MTL-03409-02;A0,S,6N04,"MTL,DN16,CHAS,SUP,SHEL",1.0,EA,78.0,70.0,136.0,12.0,1.0,,"ARISTA NETWORKS, INC"
SKYLINBEMATRIX.xlsx,BOM,____4,ASY-54577-110;A0,864.0,MTL-03401-02;A0,S,6N041,"MTL,DN16,CHASSIS,SHELF",2.0,EA,125.0,216.0,328.0,13.0,1.0,,"ARISTA NETWORKS, INC"
SKYLINBEMATRIX.xlsx,BOM,___3,ASY-54577-110;A0,864.0,ASY-04513-03;A0,S,6AARI,"MTL,DN16,CHASSIS,SHELF",1.0,EA,-1.0,139.0,180.0,-42.0,3.0,,"ARISTA NETWORKS, INC"
SKYLINBEMATRIX.xlsx,BOM,____4,ASY-54577-110;A0,864.0,MTL-03408-03;A0,S,6N04,"MTL,DN16,CHASSIS,SHELF",1.0,EA,28.0,115.0,136.0,7.0,1.0,,"ARISTA NETWORKS, INC"
SKYLINBEMATRIX.xlsx,BOM,____4,ASY-54577-110;A0,864.0,MTL-03471-04;A0,S,6N04,"MTL,DN16,PSU CAGE,FRON",1.0,EA,137.0,0.0,0.0,137.0,5.0,,"ARISTA NETWORKS, INC"
SKYLINBEMATRIX.xlsx,BOM,___3,ASY-54577-110;A0,864.0,MTL-03469-02;A0,S,6N04,"MTL,DN16,PSU,HARD STOP",1.0,EA,219.0,0.0,159.0,60.0,1.0,,"ARISTA NETWORKS, INC"
SKYLINBEMATRIX.xlsx,BOM,___3,ASY-54577-110;A0,864.0,MTL-03474-01;B0,S,6N04,"MTL,DN16_CHAS_STFNR, B",4.0,EA,260.0,470.0,720.0,10.0,1.0,,"ARISTA NETWORKS, INC"
SKYLINBEMATRIX.xlsx,BOM,___3,ASY-54577-110;A0,864.0,MTL-02254-02;A1,S,6N04,"MTL,DN8,CHASSIS,LINECA",2.0,EA,746.0,0.0,820.0,-74.0,1.0,,"ARISTA NETWORKS, INC"
SKYLINBEMATRIX.xlsx,BOM,____4,ASY-54577-110;A0,864.0,MTL-02325-02;A0,S,6P25C,"MTL,DN8,SUP DIVDR,EJEC",1.0,EA,583.0,0.0,227.0,356.0,5.0,,"ARISTA NETWORKS, INC"
SKYLINBEMATRIX.xlsx,BOM,__2,ASY-54577-110;A0,864.0,MTL-03504-01;A0,S,6N04,"MTL,SKYLINE.CHS,HATCH,",1.0,EA,358.0,0.0,183.0,175.0,1.0,,"ARISTA NETWORKS, INC"
SKYLINBEMATRIX.xlsx,BOM,___3,ASY-54577-110;A0,864.0,H SP-M4-2,B,,"NUT, RND, M4, 2mmTHK,",2.2,EA,482.1,0.0,0.0,482.1,30.0,SW ANDERSON COMPANY,"ARISTA NETWORKS, INC"
SKYLINBEMATRIX.xlsx,BOM,__2,ASY-54577-110;A0,864.0,A PCA-01356-02;A0,B,,"PCA, DN16, SKYLINE BRI",1.0,EA,285.0,16.0,183.0,118.0,85.0,AMPHENOL TCS,"ARISTA NETWORKS, INC"
SKYLINBEMATRIX.xlsx,BOM,__2,ASY-54577-110;A0,864.0,A PCA-01355-03;A0,B,,"PCA, DN16, SKYLINE LC",1.0,EA,296.0,4.0,183.0,117.0,85.0,AMPHENOL TCS,"ARISTA NETWORKS, INC"
SKYLINBEMATRIX.xlsx,BOM,__2,ASY-54577-110;A0,864.0,A PCA-01354-04;A0,B,,"PCA, DN16, SKYLINE MID",1.0,EA,141.0,124.0,183.0,82.0,105.0,AMPHENOL TCS,"ARISTA NETWORKS, INC"
SKYLINBEMATRIX.xlsx,BOM,__2,ASY-54577-110;A0,864.0,A PCA-01357-01;A0,B,,"PCA, DN16, SKYLINE PSU",1.0,EA,403.0,0.0,183.0,220.0,105.0,AMPHENOL TCS,"ARISTA NETWORKS, INC"
SKYLINBEMATRIX.xlsx,BOM,__2,ASY-54577-110;A0,864.0,A PCA-01305-03,B,,"PCA, FDL-BOARD-WP ENAB",2.0,EA,1647.0,272.0,1218.0,701.0,45.0,SANMINA-SCI CORPORATION,"ARISTA NETWORKS, INC"
SKYLINBEMATRIX.xlsx,BOM,___3,ASY-54577-110;A0,864.0,H TPS-4MM-12,B,,PEM TPS-4MM-12 SELF-CL,3.3,EA,5269.3,18200.0,4136.2,19333.1,70.0,SW ANDERSON COMPANY,"ARISTA NETWORKS, INC"
SKYLINBEMATRIX.xlsx,BOM,____4,ASY-54577-110;A0,864.0,H TPS-4MM-8,B,,PEM TPS-4MM-8 SELF-CLI,3.3,EA,2726.4,4000.0,3208.0,3518.4,30.0,SW ANDERSON COMPANY,"ARISTA NETWORKS, INC"
SKYLINBEMATRIX.xlsx,BOM,____4,ASY-54577-110;A0,864.0,H TPS-4MM-8,B,,PEM TPS-4MM-8 SELF-CLI,6.6,EA,2726.4,4000.0,3208.0,3518.4,30.0,SW ANDERSON COMPANY,"ARISTA NETWORKS, INC"
SKYLINBEMATRIX.xlsx,BOM,__2,ASY-54577-110;A0,864.0,A CBL-00711-01;A0,B,,"POWER CORD, SAF-D GRID",24.0,EA,9247.0,17800.0,10272.0,16775.0,70.0,IDEAL ANDERSON ASIA PACIFIC LT,"ARISTA NETWORKS, INC"
SKYLINBEMATRIX.xlsx,BOM,____4,ASY-54577-110;A0,864.0,H SK41H,B,,RIVET 920087,9.2,EA,541727.15,4600000.0,1120701.8,4021025.35,90.0,PENCOM-SO CA,"ARISTA NETWORKS, INC"
SKYLINBEMATRIX.xlsx,BOM,____4,ASY-54577-110;A0,864.0,H SK41H,B,,RIVET 920087,59.8,EA,541727.15,4600000.0,1120701.8,4021025.35,90.0,PENCOM-SO CA,"ARISTA NETWORKS, INC"
SKYLINBEMATRIX.xlsx,BOM,____4,ASY-54577-110;A0,864.0,H SK41H,B,,RIVET 920087,82.8,EA,541727.15,4600000.0,1120701.8,4021025.35,90.0,PENCOM-SO CA,"ARISTA NETWORKS, INC"
SKYLINBEMATRIX.xlsx,BOM,____4,ASY-54577-110;A0,864.0,H SK41H,B,,RIVET 920087,34.5,EA,541727.15,4600000.0,1120701.8,4021025.35,90.0,PENCOM-SO CA,"ARISTA NETWORKS, INC"
SKYLINBEMATRIX.xlsx,BOM,____4,ASY-54577-110;A0,864.0,H SK41H,B,,RIVET 920087,21.85,EA,541727.15,4600000.0,1120701.8,4021025.35,90.0,PENCOM-SO CA,"ARISTA NETWORKS, INC"
SKYLINBEMATRIX.xlsx,BOM,___3,ASY-54577-110;A0,864.0,H SK41H,B,,RIVET 920087,959.1,EA,541727.15,4600000.0,1120701.8,4021025.35,90.0,PENCOM-SO CA,"ARISTA NETWORKS, INC"
SKYLINBEMATRIX.xlsx,BOM,___3,ASY-54577-110;A0,864.0,H SK41H,B,,RIVET 920087,86.25,EA,541727.15,4600000.0,1120701.8,4021025.35,90.0,PENCOM-SO CA,"ARISTA NETWORKS, INC"
SKYLINBEMATRIX.xlsx,BOM,___3,ASY-54577-110;A0,864.0,H SK41H,B,,RIVET 920087,81.65,EA,541727.15,4600000.0,1120701.8,4021025.35,90.0,PENCOM-SO CA,"ARISTA NETWORKS, INC"
SKYLINBEMATRIX.xlsx,BOM,____4,ASY-54577-110;A0,864.0,H SK42H,B,,RIVET PENCOM RI1337 HA,66.7,EA,107026.7,309000.0,133399.8,282626.9,70.0,PENCOM-SO CA,"ARISTA NETWORKS, INC"
SKYLINBEMATRIX.xlsx,BOM,____4,ASY-54577-110;A0,864.0,H SK42H,B,,RIVET PENCOM RI1337 HA,16.1,EA,107026.7,309000.0,133399.8,282626.9,70.0,PENCOM-SO CA,"ARISTA NETWORKS, INC"
SKYLINBEMATRIX.xlsx,BOM,____4,ASY-54577-110;A0,864.0,H SK42H,B,,RIVET PENCOM RI1337 HA,16.1,EA,107026.7,309000.0,133399.8,282626.9,70.0,PENCOM-SO CA,"ARISTA NETWORKS, INC"
SKYLINBEMATRIX.xlsx,BOM,___3,ASY-54577-110;A0,864.0,H SK42H,B,,RIVET PENCOM RI1337 HA,146.05,EA,107026.7,309000.0,133399.8,282626.9,70.0,PENCOM-SO CA,"ARISTA NETWORKS, INC"
SKYLINBEMATRIX.xlsx,BOM,___3,ASY-54577-110;A0,864.0,H SK42H,B,,RIVET PENCOM RI1337 HA,6.9,EA,107026.7,309000.0,133399.8,282626.9,70.0,PENCOM-SO CA,"ARISTA NETWORKS, INC"
SKYLINBEMATRIX.xlsx,BOM,___3,ASY-54577-110;A0,864.0,H SK42H,B,,RIVET PENCOM RI1337 HA,27.6,EA,107026.7,309000.0,133399.8,282626.9,70.0,PENCOM-SO CA,"ARISTA NETWORKS, INC"
SKYLINBEMATRIX.xlsx,BOM,___3,ASY-54577-110;A0,864.0,H FAS-00784,B,,"RIVET SOLID 1/4""L, 1/8",48.4,EA,29371.2,47000.0,12777.6,63593.6,70.0,PENCOM-SO CA,"ARISTA NETWORKS, INC"
SKYLINBEMATRIX.xlsx,BOM,____4,ASY-54577-110;A0,864.0,H SKK3050PT,B,,"RIVET, POP ARISTA PN F",46.2,EA,7801.4,10000.0,7750.6,10050.8,30.0,SW ANDERSON COMPANY,"ARISTA NETWORKS, INC"
SKYLINBEMATRIX.xlsx,BOM,___3,ASY-54577-110;A0,864.0,H SKK3050PT,B,,"RIVET, POP ARISTA PN F",6.6,EA,7801.4,10000.0,7750.6,10050.8,30.0,SW ANDERSON COMPANY,"ARISTA NETWORKS, INC"
SKYLINBEMATRIX.xlsx,BOM,____4,ASY-54577-110;A0,864.0,H FAS-00409,B,,"RIVET,POP,SD46SB",4.4,EA,11336.6,0.0,426.8,10909.8,82.0,HARDWARE SPECIALTY,"ARISTA NETWORKS, INC"
SKYLINBEMATRIX.xlsx,BOM,__2,ASY-54577-110;A0,864.0,H FAS-00978,B,,SC6000 - M3 X 27MM SEM,14.0,EA,15082.0,0.0,4150.0,10932.0,70.0,AERO-SPACE COMPUTER,"ARISTA NETWORKS, INC"
SKYLINBEMATRIX.xlsx,BOM,___3,ASY-54577-110;A0,864.0,H FAS-00532,B,,SCREW HDW. SPEC #90762,114.4,EA,56844.5,56000.0,39979.3,72865.2,72.0,HARDWARE SPECIALTY,"ARISTA NETWORKS, INC"
SKYLINBEMATRIX.xlsx,BOM,__2,ASY-54577-110;A0,864.0,H FAS-00532,B,,SCREW HDW. SPEC #90762,25.3,EA,56844.5,56000.0,39979.3,72865.2,72.0,HARDWARE SPECIALTY,"ARISTA NETWORKS, INC"
SKYLINBEMATRIX.xlsx,BOM,___3,ASY-54577-110;A0,864.0,H FAS-05905,B,,SCREW PENCOM #SE1229,8.8,EA,4935.4,6000.0,3193.2,7742.2,70.0,PENCOM-SO CA,"ARISTA NETWORKS, INC"
SKYLINBEMATRIX.xlsx,BOM,__2,ASY-54577-110;A0,864.0,H FAS-00914,B,,"SCREW, M4 X 18 ZN LK,",3.3,EA,1484.6,1000.0,603.9,1880.7,72.0,HARDWARE SPECIALTY,"ARISTA NETWORKS, INC"
SKYLINBEMATRIX.xlsx,BOM,__2,ASY-54577-110;A0,864.0,H FAS-01227,B,,"SCREW, MACH, M4x14mmL,",2.2,EA,1357.0,500.0,593.8,1263.2,70.0,PENCOM-SO CA,"ARISTA NETWORKS, INC"
SKYLINBEMATRIX.xlsx,BOM,__2,ASY-54577-110;A0,864.0,H FAS-00892,B,,"SCREW, MACH, M6x20mmL,",17.6,EA,2305.4,7200.0,3520.0,5985.4,90.0,PENCOM-SO CA,"ARISTA NETWORKS, INC"
SKYLINBEMATRIX.xlsx,BOM,___3,ASY-54577-110;A0,864.0,H FAS-00604,B,,"SCREW,MACH,M3X6MML,PH,",3.3,EA,11753.4,1000.0,4782.9,7970.5,72.0,HARDWARE SPECIALTY,"ARISTA NETWORKS, INC"
SKYLINBEMATRIX.xlsx,BOM,___3,ASY-54577-110;A0,864.0,H FAS-00604,B,,"SCREW,MACH,M3X6MML,PH,",3.3,EA,11753.4,1000.0,4782.9,7970.5,72.0,HARDWARE SPECIALTY,"ARISTA NETWORKS, INC"
SKYLINBEMATRIX.xlsx,BOM,__2,ASY-54577-110;A0,864.0,H FAS-00604,B,,"SCREW,MACH,M3X6MML,PH,",6.6,EA,11753.4,1000.0,4782.9,7970.5,72.0,HARDWARE SPECIALTY,"ARISTA NETWORKS, INC"
SKYLINBEMATRIX.xlsx,BOM,__2,ASY-54577-110;A0,864.0,H FAS-00609,B,,"SCREW,MACH,M3X6MML,PH,",147.4,EA,123681.3,200000.0,113215.95,210465.35,70.0,PENCOM-SO CA,"ARISTA NETWORKS, INC"
SKYLINBEMATRIX.xlsx,BOM,__2,ASY-54577-110;A0,864.0,H FAS-00604,B,,"SCREW,MACH,M3X6MML,PH,",13.2,EA,11753.4,1000.0,4782.9,7970.5,72.0,HARDWARE SPECIALTY,"ARISTA NETWORKS, INC"
SKYLINBEMATRIX.xlsx,BOM,__2,ASY-54577-110;A0,864.0,H FAS-00575,B,,"SCREW,MACH,M4X35MML,PH",6.6,EA,5885.2,4500.0,2929.8,7455.4,90.0,PENCOM-SO CA,"ARISTA NETWORKS, INC"
SKYLINBEMATRIX.xlsx,BOM,__2,ASY-54577-110;A0,864.0,H FAS-00872,B,,"SCREW,MACH,M6X8MM,PH P",8.8,EA,2226.6,3200.0,1674.4,3752.2,90.0,PENCOM-SO CA,"ARISTA NETWORKS, INC"
SKYLINBEMATRIX.xlsx,BOM,__2,ASY-54577-110;A0,864.0,H FAS-00120,B,,"SCREW,PAN HEAD #1 PHIL",39.6,EA,11555.2,12900.0,7606.8,16848.4,70.0,PENCOM-SO CA,"ARISTA NETWORKS, INC"
SKYLINBEMATRIX.xlsx,BOM,__2,ASY-54577-110;A0,864.0,H FAS-00121,B,,"SCREW,PAN HEAD #2 PHIL",33.0,EA,7250.0,17500.0,6792.2,17957.8,70.0,PENCOM-SO CA,"ARISTA NETWORKS, INC"
SKYLINBEMATRIX.xlsx,BOM,____4,ASY-54577-110;A0,864.0,H FAS-00743,B,,"SCREW,PH,FLAT-HEAD,M4X",3.3,EA,1439.6,500.0,485.1,1454.5,90.0,PENCOM-SO CA,"ARISTA NETWORKS, INC"
SKYLINBEMATRIX.xlsx,BOM,_____5,ASY-54577-110;A0,864.0,H CLS-M6-0,B,,SELF-CLINCHING NUT M6X,8.8,EA,1346.8,1000.0,1425.6,921.2,30.0,SW ANDERSON COMPANY,"ARISTA NETWORKS, INC"
SKYLINBEMATRIX.xlsx,BOM,____4,ASY-54577-110;A0,864.0,H TPS-6MM-12,B,,SELF-CLINCHING PILOT P,6.6,EA,1514.2,0.0,0.0,1514.2,30.0,SW ANDERSON COMPANY,"ARISTA NETWORKS, INC"
SKYLINBEMATRIX.xlsx,BOM,____4,ASY-54577-110;A0,864.0,H FAS-00525,B,,SPRING CENTURY #80506,6.6,EA,937.1,10528.0,5995.3,5469.8,55.0,CENTURY SPRING CORP,"ARISTA NETWORKS, INC"
SKYLINBEMATRIX.xlsx,BOM,____4,ASY-54577-110;A0,864.0,H FAS-00525,B,,SPRING CENTURY #80506,6.6,EA,937.1,10528.0,5995.3,5469.8,55.0,CENTURY SPRING CORP,"ARISTA NETWORKS, INC"
SKYLINBEMATRIX.xlsx,BOM,____4,ASY-54577-110;A0,864.0,H FAS-00797,B,,"SPRING,EXT.,0.188"" OD,",2.2,EA,4164.5,1200.0,1876.6,3487.9,55.0,CENTURY SPRING CORP,"ARISTA NETWORKS, INC"
SKYLINBEMATRIX.xlsx,BOM,___3,ASY-54577-110;A0,864.0,H FAS-00248;A1,B,,"STANDOFF, RND, M3, 8mm",6.6,EA,5000.0,500.0,0.0,5500.0,90.0,PENCOM-SO CA,"ARISTA NETWORKS, INC"
SKYLINBEMATRIX.xlsx,BOM,____4,ASY-54577-110;A0,864.0,H MECH-00314-01,B,,"STANDOFF, THIN SHEET,",13.2,EA,-13.2,39000.0,18036.0,20950.8,90.0,PENCOM-SO CA,"ARISTA NETWORKS, INC"
SKYLINBEMATRIX.xlsx,BOM,____4,ASY-54577-110;A0,864.0,H FAS-00744,B,,"STANDOFF,HEX,M4x0.7,18",3.3,EA,1738.6,600.0,485.1,1853.5,90.0,PENCOM-SO CA,"ARISTA NETWORKS, INC"
SKYLINBEMATRIX.xlsx,BOM,___3,ASY-54577-110;A0,864.0,H FAS-00273,B,,"STANDOFF,SELF-CLINCHIN",2.2,EA,0.0,580.0,0.0,580.0,72.0,HARDWARE SPECIALTY,"ARISTA NETWORKS, INC"
SKYLINBEMATRIX.xlsx,BOM,__2,ASY-54577-110;A0,864.0,P S-1427,B,,"ULINE S-1427 2X24"" BOL",1.0,EA,263.0,0.0,200.0,63.0,20.0,(D)ULINE SHIPPING SUPPLIES,"ARISTA NETWORKS, INC"
SKYLINBEMATRIX.xlsx,BOM,__2,ASY-54577-110;A0,864.0,P S-3071,B,,"ULINE S-3071 4 X 24"" B",1.0,EA,239.0,0.0,200.0,39.0,20.0,(D)ULINE SHIPPING SUPPLIES,"ARISTA NETWORKS, INC"
SKYLINBEMATRIX.xlsx,BOM,__2,ASY-54577-110;A0,864.0,P S-948,B,,"ULINE S-948 5 X 7"" BOL",2.0,EA,886.0,1000.0,1767.0,119.0,20.0,(D)ULINE SHIPPING SUPPLIES,"ARISTA NETWORKS, INC"
SKYLINBEMATRIX.xlsx,BOM,____4,ASY-54577-110;A0,864.0,H SKK3030PT,B,,VMI 3MM POP STEEL RIVE,20.7,EA,977780.94,10000.0,2503430.45,-1515649.51,5.0,SW ANDERSON COMPANY,"ARISTA NETWORKS, INC"
SKYLINBEMATRIX.xlsx,BOM,____4,ASY-54577-110;A0,864.0,H SKK3030PT,B,,VMI 3MM POP STEEL RIVE,27.6,EA,977780.94,10000.0,2503430.45,-1515649.51,5.0,SW ANDERSON COMPANY,"ARISTA NETWORKS, INC"
SKYLINBEMATRIX.xlsx,BOM,___3,ASY-54577-110;A0,864.0,H SKK3025PT,B,,VMI 3MM POP STEEL RIVE,13.2,EA,658305.45,600000.0,1751453.6,-493148.15,5.0,SW ANDERSON COMPANY,"ARISTA NETWORKS, INC"
SKYLINBEMATRIX.xlsx,BOM,___3,ASY-54577-110;A0,864.0,H SKK3030PT,B,,VMI 3MM POP STEEL RIVE,115.0,EA,977780.94,10000.0,2503430.45,-1515649.51,5.0,SW ANDERSON COMPANY,"ARISTA NETWORKS, INC"
SKYLINBEMATRIX.xlsx,BOM,____4,ASY-54577-110;A0,864.0,H SKK3025PT,B,,VMI 3MM POP STEEL RIVE,4.4,EA,658305.45,600000.0,1751453.6,-493148.15,5.0,SW ANDERSON COMPANY,"ARISTA NETWORKS, INC"
SKYLINBEMATRIX.xlsx,BOM,____4,ASY-54577-110;A0,864.0,H SKK3030PT,B,,VMI 3MM POP STEEL RIVE,144.9,EA,977780.94,10000.0,2503430.45,-1515649.51,5.0,SW ANDERSON COMPANY,"ARISTA NETWORKS, INC"
SKYLINBEMATRIX.xlsx,BOM,____4,ASY-54577-110;A0,864.0,H SKK3025PT,B,,VMI 3MM POP STEEL RIVE,4.4,EA,658305.45,600000.0,1751453.6,-493148.15,5.0,SW ANDERSON COMPANY,"ARISTA NETWORKS, INC"
SKYLINBEMATRIX.xlsx,BOM,___3,ASY-54577-110;A0,864.0,H SKK3030PT,B,,VMI 3MM POP STEEL RIVE,54.05,EA,977780.94,10000.0,2503430.45,-1515649.51,5.0,SW ANDERSON COMPANY,"ARISTA NETWORKS, INC"
SKYLINBEMATRIX.xlsx,BOM,___3,ASY-54577-110;A0,864.0,H SKK3030PT,B,,VMI 3MM POP STEEL RIVE,64.4,EA,977780.94,10000.0,2503430.45,-1515649.51,5.0,SW ANDERSON COMPANY,"ARISTA NETWORKS, INC"
SKYLINBEMATRIX.xlsx,BOM,___3,ASY-54577-110;A0,864.0,H SKK3030PT,B,,VMI 3MM POP STEEL RIVE,81.65,EA,977780.94,10000.0,2503430.45,-1515649.51,5.0,SW ANDERSON COMPANY,"ARISTA NETWORKS, INC"
SKYLINBEMATRIX.xlsx,BOM,___3,ASY-54577-110;A0,864.0,H SKK3030PT,B,,VMI 3MM POP STEEL RIVE,27.6,EA,977780.94,10000.0,2503430.45,-1515649.51,5.0,SW ANDERSON COMPANY,"ARISTA NETWORKS, INC"
SKYLINBEMATRIX.xlsx,BOM,____4,ASY-54577-110;A0,864.0,H CLS-M3-0,B,,VMI M3X0.5 PEM NUT,10.35,EA,14975.85,30000.0,33999.2,10976.65,5.0,SW ANDERSON COMPANY,"ARISTA NETWORKS, INC"
SKYLINBEMATRIX.xlsx,BOM,_____5,ASY-54577-110;A0,864.0,H CLS-M3-0,B,,VMI M3X0.5 PEM NUT,23.0,EA,14975.85,30000.0,33999.2,10976.65,5.0,SW ANDERSON COMPANY,"ARISTA NETWORKS, INC"
SKYLINBEMATRIX.xlsx,BOM,____4,ASY-54577-110;A0,864.0,H CLS-M3-0,B,,VMI M3X0.5 PEM NUT,19.55,EA,14975.85,30000.0,33999.2,10976.65,5.0,SW ANDERSON COMPANY,"ARISTA NETWORKS, INC"
SKYLINBEMATRIX.xlsx,BOM,____4,ASY-54577-110;A0,864.0,H CLS-M3-0,B,,VMI M3X0.5 PEM NUT,11.5,EA,14975.85,30000.0,33999.2,10976.65,5.0,SW ANDERSON COMPANY,"ARISTA NETWORKS, INC"
SKYLINBEMATRIX.xlsx,BOM,____4,ASY-54577-110;A0,864.0,H CLS-M3-0,B,,VMI M3X0.5 PEM NUT,6.9,EA,14975.85,30000.0,33999.2,10976.65,5.0,SW ANDERSON COMPANY,"ARISTA NETWORKS, INC"
SKYLINBEMATRIX.xlsx,BOM,____4,ASY-54577-110;A0,864.0,H CLS-M3-0,B,,VMI M3X0.5 PEM NUT,3.45,EA,14975.85,30000.0,33999.2,10976.65,5.0,SW ANDERSON COMPANY,"ARISTA NETWORKS, INC"
SKYLINBEMATRIX.xlsx,BOM,____4,ASY-54577-110;A0,864.0,H CLS-M3-0,B,,VMI M3X0.5 PEM NUT,6.9,EA,14975.85,30000.0,33999.2,10976.65,5.0,SW ANDERSON COMPANY,"ARISTA NETWORKS, INC"
SKYLINBEMATRIX.xlsx,BOM,____4,ASY-54577-110;A0,864.0,H CLS-M3-0,B,,VMI M3X0.5 PEM NUT,3.45,EA,14975.85,30000.0,33999.2,10976.65,5.0,SW ANDERSON COMPANY,"ARISTA NETWORKS, INC"
SKYLINBEMATRIX.xlsx,BOM,____4,ASY-54577-110;A0,864.0,H CLS-M3-0,B,,VMI M3X0.5 PEM NUT,13.8,EA,14975.85,30000.0,33999.2,10976.65,5.0,SW ANDERSON COMPANY,"ARISTA NETWORKS, INC"
SKYLINBEMATRIX.xlsx,BOM,____4,ASY-54577-110;A0,864.0,H CLS-M3-0,B,,VMI M3X0.5 PEM NUT,35.65,EA,14975.85,30000.0,33999.2,10976.65,5.0,SW ANDERSON COMPANY,"ARISTA NETWORKS, INC"
SKYLINBEMATRIX.xlsx,BOM,____4,ASY-54577-110;A0,864.0,H CLS-M3-0,B,,VMI M3X0.5 PEM NUT,4.6,EA,14975.85,30000.0,33999.2,10976.65,5.0,SW ANDERSON COMPANY,"ARISTA NETWORKS, INC"
SKYLINBEMATRIX.xlsx,BOM,_____5,ASY-54577-110;A0,864.0,H CLS-M3-1,B,,VMI PEM CLS-M3-1 SELF-,2.3,EA,17940.0,0.0,20595.8,-2655.8,5.0,SW ANDERSON COMPANY,"ARISTA NETWORKS, INC"
SKYLINBEMATRIX.xlsx,BOM,____4,ASY-54577-110;A0,864.0,H CLS-M3-1,B,,VMI PEM CLS-M3-1 SELF-,16.1,EA,17940.0,0.0,20595.8,-2655.8,5.0,SW ANDERSON COMPANY,"ARISTA NETWORKS, INC"
SKYLINBEMATRIX.xlsx,BOM,____4,ASY-54577-110;A0,864.0,H CLS-M3-1,B,,VMI PEM CLS-M3-1 SELF-,12.65,EA,17940.0,0.0,20595.8,-2655.8,5.0,SW ANDERSON COMPANY,"ARISTA NETWORKS, INC"
SKYLINBEMATRIX.xlsx,BOM,____4,ASY-54577-110;A0,864.0,H CLS-M3-1,B,,VMI PEM CLS-M3-1 SELF-,6.9,EA,17940.0,0.0,20595.8,-2655.8,5.0,SW ANDERSON COMPANY,"ARISTA NETWORKS, INC"
SKYLINBEMATRIX.xlsx,BOM,____4,ASY-54577-110;A0,864.0,H CLS-M3-1,B,,VMI PEM CLS-M3-1 SELF-,2.3,EA,17940.0,0.0,20595.8,-2655.8,5.0,SW ANDERSON COMPANY,"ARISTA NETWORKS, INC"
SKYLINBEMATRIX.xlsx,BOM,____4,ASY-54577-110;A0,864.0,H CLS-M3-1,B,,VMI PEM CLS-M3-1 SELF-,11.5,EA,17940.0,0.0,20595.8,-2655.8,5.0,SW ANDERSON COMPANY,"ARISTA NETWORKS, INC"
SKYLINBEMATRIX.xlsx,BOM,_____5,ASY-54577-110;A0,864.0,H CLS-M3-1,B,,VMI PEM CLS-M3-1 SELF-,6.9,EA,17940.0,0.0,20595.8,-2655.8,5.0,SW ANDERSON COMPANY,"ARISTA NETWORKS, INC"
SKYLINBEMATRIX.xlsx,BOM,____4,ASY-54577-110;A0,864.0,H CLS-M3-1,B,,VMI PEM CLS-M3-1 SELF-,13.8,EA,17940.0,0.0,20595.8,-2655.8,5.0,SW ANDERSON COMPANY,"ARISTA NETWORKS, INC"
SKYLINBEMATRIX.xlsx,BOM,____4,ASY-54577-110;A0,864.0,H CLS-M3-1,B,,VMI PEM CLS-M3-1 SELF-,6.9,EA,17940.0,0.0,20595.8,-2655.8,5.0,SW ANDERSON COMPANY,"ARISTA NETWORKS, INC"
SKYLINBEMATRIX.xlsx,BOM,____4,ASY-54577-110;A0,864.0,H CLS-M3-1,B,,VMI PEM CLS-M3-1 SELF-,6.9,EA,17940.0,0.0,20595.8,-2655.8,5.0,SW ANDERSON COMPANY,"ARISTA NETWORKS, INC"
SKYLINBEMATRIX.xlsx,BOM,____4,ASY-54577-110;A0,864.0,H CLS-M3-1,B,,VMI PEM CLS-M3-1 SELF-,3.45,EA,17940.0,0.0,20595.8,-2655.8,5.0,SW ANDERSON COMPANY,"ARISTA NETWORKS, INC"
SKYLINBEMATRIX.xlsx,BOM,____4,ASY-54577-110;A0,864.0,H CLS-M3-1,B,,VMI PEM CLS-M3-1 SELF-,6.9,EA,17940.0,0.0,20595.8,-2655.8,5.0,SW ANDERSON COMPANY,"ARISTA NETWORKS, INC"
SKYLINBEMATRIX.xlsx,BOM,____4,ASY-54577-110;A0,864.0,H CLS-M3-1,B,,VMI PEM CLS-M3-1 SELF-,6.9,EA,17940.0,0.0,20595.8,-2655.8,5.0,SW ANDERSON COMPANY,"ARISTA NETWORKS, INC"
SKYLINBEMATRIX.xlsx,BOM,____4,ASY-54577-110;A0,864.0,H CLS-M3-1,B,,VMI PEM CLS-M3-1 SELF-,3.45,EA,17940.0,0.0,20595.8,-2655.8,5.0,SW ANDERSON COMPANY,"ARISTA NETWORKS, INC"
SKYLINBEMATRIX.xlsx,BOM,____4,ASY-54577-110;A0,864.0,H CLS-M3-1,B,,VMI PEM CLS-M3-1 SELF-,32.2,EA,17940.0,0.0,20595.8,-2655.8,5.0,SW ANDERSON COMPANY,"ARISTA NETWORKS, INC"
SKYLINBEMATRIX.xlsx,BOM,_____5,ASY-54577-110;A0,864.0,H FEOX-M3,B,,VMI PEM FEOX-M3,9.2,EA,4139.75,10000.0,12067.0,2072.75,5.0,SW ANDERSON COMPANY,"ARISTA NETWORKS, INC"
SKYLINBEMATRIX.xlsx,BOM,__2,ASY-54577-110;A0,864.0,H FAS-00741,B,,"WASHER, FLAT, M3, 3.29",4.4,EA,4601.8,0.0,805.2,3796.6,90.0,PENCOM-SO CA,"ARISTA NETWORKS, INC"
SKYLINBEMATRIX.xlsx,BOM,__2,ASY-54577-110;A0,864.0,H FAS-00891,B,,"WASHER, FLAT,M6,6.67mm",17.6,EA,3137.4,7000.0,3520.0,6617.4,90.0,PENCOM-SO CA,"ARISTA NETWORKS, INC"
SKYLINBEMATRIX.xlsx,BOM,__2,ASY-54577-110;A0,864.0,A CT4BK18-C,B,,"WIRE_ZIP_TIE 4""",6.9,EA,7165.95,1000.0,4901.65,3264.3,55.0,D B ROBERTS COMPANY,"ARISTA NETWORKS, INC"
SKYLINBEMATRIX.xlsx,BOM,___3,ASY-54577-110;A0,864.0,A CT4BK18-C,B,,"WIRE_ZIP_TIE 4""",1.15,EA,7165.95,1000.0,4901.65,3264.3,55.0,D B ROBERTS COMPANY,"ARISTA NETWORKS, INC"
