source_file,sheet_name,process_sheet_number,end_item_part,parent_part,work_center,step_number,run_setup,operation_code,component_part,description,standard_rate,lead_time,crew_size
North face - Components matrix 1.xlsx,Assy WC,ASY-03128-24;A0,ASY-03128-24;A0,ASY-53727-127;A0,6AARI,00110,R,801,,ENSAMBLE SEGUN DIBUJO,0.667,0.0,4.0
North face - Components matrix 1.xlsx,Assy WC,ASY-03131-08;C0,ASY-03131-08;C0,ASY-53727-127;A0,6AARI,00100,R,801,,ENSAMBLE SEGUN DIBUJO,1.25,0.0,1.0
North face - Components matrix 1.xlsx,Assy WC,ASY-03135-03;A0,ASY-03135-03;A0,ASY-53727-127;A0,6N02,00110,R,102,,PUNZONADO EN TORRETA,57.0,0.0,1.0
North face - Components matrix 1.xlsx,Assy WC,ASY-03135-03;A0,ASY-03135-03;A0,ASY-53727-127;A0,6DBR,00120,R,200,,REBABEO PARA MANEJO,100.0,0.0,1.0
North face - Components matrix 1.xlsx,Assy WC,ASY-03135-03;A0,ASY-03135-03;A0,ASY-53727-127;A0,6BRK,00140,R,302,,DOBLADORA AMADA,250.0,0.0,1.0
North face - Components matrix 1.xlsx,Assy WC,ASY-03135-03;A0,ASY-03135-03;A0,ASY-53727-127;A0,6APEM,00160,R,400,,INSERCION DE PEM,11.0,0.0,1.0
North face - Components matrix 1.xlsx,Assy WC,ASY-03136-03;A0,ASY-03136-03;A0,ASY-53727-127;A0,6N045,00110,R,102,,PUNZONADO EN TORRETA,55.0,0.0,1.0
North face - Components matrix 1.xlsx,Assy WC,ASY-03136-03;A0,ASY-03136-03;A0,ASY-53727-127;A0,6DBR,00120,R,200,,REBABEO PARA MANEJO,100.0,0.0,1.0
North face - Components matrix 1.xlsx,Assy WC,ASY-03136-03;A0,ASY-03136-03;A0,ASY-53727-127;A0,6BRK,00140,R,302,,DOBLADORA AMADA,25.0,0.0,1.0
North face - Components matrix 1.xlsx,Assy WC,ASY-03136-03;A0,ASY-03136-03;A0,ASY-53727-127;A0,6APEM,00160,R,400,,INSERCION DE PEM,20.0,0.0,1.0
North face - Components matrix 1.xlsx,Assy WC,ASY-03137-03;A0,ASY-03137-03;A0,ASY-53727-127;A0,6N04,00110,R,102,,PUNZONADO EN TORRETA,44.0,0.0,1.0
North face - Components matrix 1.xlsx,Assy WC,ASY-03137-03;A0,ASY-03137-03;A0,ASY-53727-127;A0,6DBR,00120,R,200,,REBABEO PARA MANEJO,100.0,0.0,1.0
North face - Components matrix 1.xlsx,Assy WC,ASY-03137-03;A0,ASY-03137-03;A0,ASY-53727-127;A0,6BRK,00140,R,302,,DOBLADORA AMADA,25.0,0.0,1.0
North face - Components matrix 1.xlsx,Assy WC,ASY-03137-03;A0,ASY-03137-03;A0,ASY-53727-127;A0,6APEM,00160,R,400,,INSERCION DE PEM,200.0,0.0,1.0
North face - Components matrix 1.xlsx,Assy WC,ASY-03137-03;A0,ASY-03137-03;A0,ASY-53727-127;A0,6APEM,00180,R,400,,INSERCION DE PEM,62.0,0.0,1.0
North face - Components matrix 1.xlsx,Assy WC,ASY-03137-03;A0,ASY-03137-03;A0,ASY-53727-127;A0,6APEM,00200,R,400,,INSERCION DE PEM,23.0,0.0,1.0
North face - Components matrix 1.xlsx,Assy WC,ASY-03138-03;A0,ASY-03138-03;A0,ASY-53727-127;A0,6N04,00110,R,102,,PUNZONADO EN TORRETA,76.0,0.0,1.0
North face - Components matrix 1.xlsx,Assy WC,ASY-03138-03;A0,ASY-03138-03;A0,ASY-53727-127;A0,6DBR,00120,R,200,,REBABEO PARA MANEJO,100.0,0.0,1.0
North face - Components matrix 1.xlsx,Assy WC,ASY-03138-03;A0,ASY-03138-03;A0,ASY-53727-127;A0,6BRK,00140,R,302,,DOBLADORA AMADA,40.0,0.0,1.0
North face - Components matrix 1.xlsx,Assy WC,ASY-03138-03;A0,ASY-03138-03;A0,ASY-53727-127;A0,6APEM,00160,R,400,,INSERCION DE PEM,20.0,0.0,1.0
North face - Components matrix 1.xlsx,Assy WC,ASY-03139-03;A0,ASY-03139-03;A0,ASY-53727-127;A0,6N04,00110,R,102,,PUNZONADO EN TORRETA,48.0,0.0,1.0
North face - Components matrix 1.xlsx,Assy WC,ASY-03139-03;A0,ASY-03139-03;A0,ASY-53727-127;A0,6DBR,00120,R,200,,REBABEO PARA MANEJO,100.0,0.0,1.0
North face - Components matrix 1.xlsx,Assy WC,ASY-03139-03;A0,ASY-03139-03;A0,ASY-53727-127;A0,6BRK,00140,R,302,,DOBLADORA AMADA,25.0,0.0,1.0
North face - Components matrix 1.xlsx,Assy WC,ASY-03139-03;A0,ASY-03139-03;A0,ASY-53727-127;A0,6APEM,00160,R,400,,INSERCION DE PEM,120.0,0.0,1.0
North face - Components matrix 1.xlsx,Assy WC,ASY-03139-03;A0,ASY-03139-03;A0,ASY-53727-127;A0,6APEM,00180,R,400,,INSERCION DE PEM,30.0,0.0,1.0
North face - Components matrix 1.xlsx,Assy WC,ASY-03143-06;A0,ASY-03143-06;A0,ASY-53727-127;A0,6N041,00110,R,102,,PUNZONADO EN TORRETA,36.0,0.0,1.0
North face - Components matrix 1.xlsx,Assy WC,ASY-03143-06;A0,ASY-03143-06;A0,ASY-53727-127;A0,6DBR,00120,R,200,,REBABEO PARA MANEJO,100.0,0.0,1.0
North face - Components matrix 1.xlsx,Assy WC,ASY-03143-06;A0,ASY-03143-06;A0,ASY-53727-127;A0,6BRK,00140,R,302,,DOBLADORA AMADA,25.0,0.0,1.0
North face - Components matrix 1.xlsx,Assy WC,ASY-03143-06;A0,ASY-03143-06;A0,ASY-53727-127;A0,6APEM,00160,R,400,,INSERCION DE PEM,22.0,0.0,1.0
North face - Components matrix 1.xlsx,Assy WC,ASY-03143-06;A0,ASY-03143-06;A0,ASY-53727-127;A0,6APEM,00180,R,400,,INSERCION DE PEM,40.0,0.0,1.0
North face - Components matrix 1.xlsx,Assy WC,ASY-03145-02;A0,ASY-03145-02;A0,ASY-53727-127;A0,6N042,00110,R,102,,PUNZONADO EN TORRETA,100.0,0.0,1.0
North face - Components matrix 1.xlsx,Assy WC,ASY-03145-02;A0,ASY-03145-02;A0,ASY-53727-127;A0,6DBR,00120,R,200,,REBABEO PARA MANEJO,100.0,0.0,1.0
North face - Components matrix 1.xlsx,Assy WC,ASY-03145-02;A0,ASY-03145-02;A0,ASY-53727-127;A0,6BRK,00140,R,302,,DOBLADORA AMADA,44.25,0.0,1.0
North face - Components matrix 1.xlsx,Assy WC,ASY-03145-02;A0,ASY-03145-02;A0,ASY-53727-127;A0,6APEM,00160,R,400,,INSERCION DE PEM,60.0,0.0,1.0
North face - Components matrix 1.xlsx,Assy WC,ASY-03152-06;A0,ASY-03152-06;A0,ASY-53727-127;A0,6N042,00110,R,102,,PUNZONADO EN TORRETA,24.0,0.0,1.0
North face - Components matrix 1.xlsx,Assy WC,ASY-03152-06;A0,ASY-03152-06;A0,ASY-53727-127;A0,6DBR,00120,R,200,,REBABEO PARA MANEJO,100.0,0.0,1.0
North face - Components matrix 1.xlsx,Assy WC,ASY-03152-06;A0,ASY-03152-06;A0,ASY-53727-127;A0,6BRK,00140,R,302,,DOBLADORA AMADA,60.0,0.0,1.0
North face - Components matrix 1.xlsx,Assy WC,ASY-03152-06;A0,ASY-03152-06;A0,ASY-53727-127;A0,6APEM,00160,R,400,,INSERCION DE PEM,120.0,0.0,1.0
North face - Components matrix 1.xlsx,Assy WC,ASY-03152-06;A0,ASY-03152-06;A0,ASY-53727-127;A0,6APEM,00180,R,400,,INSERCION DE PEM,60.0,0.0,1.0
North face - Components matrix 1.xlsx,Assy WC,ASY-03152-06;A0,ASY-03152-06;A0,ASY-53727-127;A0,6APEM,00200,R,400,,INSERCION DE PEM,60.0,0.0,1.0
North face - Components matrix 1.xlsx,Assy WC,ASY-03153-05;A0,ASY-03153-05;A0,ASY-53727-127;A0,6N042,00110,R,102,,PUNZONADO EN TORRETA,24.0,0.0,1.0
North face - Components matrix 1.xlsx,Assy WC,ASY-03153-05;A0,ASY-03153-05;A0,ASY-53727-127;A0,6DBR,00120,R,200,,REBABEO PARA MANEJO,100.0,0.0,1.0
North face - Components matrix 1.xlsx,Assy WC,ASY-03153-05;A0,ASY-03153-05;A0,ASY-53727-127;A0,6BRK,00140,R,302,,DOBLADORA AMADA,60.0,0.0,1.0
North face - Components matrix 1.xlsx,Assy WC,ASY-03153-05;A0,ASY-03153-05;A0,ASY-53727-127;A0,6APEM,00160,R,400,,INSERCION DE PEM,150.0,0.0,1.0
North face - Components matrix 1.xlsx,Assy WC,ASY-03153-05;A0,ASY-03153-05;A0,ASY-53727-127;A0,6APEM,00180,R,400,,INSERCION DE PEM,80.0,0.0,1.0
North face - Components matrix 1.xlsx,Assy WC,ASY-03153-05;A0,ASY-03153-05;A0,ASY-53727-127;A0,6APEM,00200,R,400,,INSERCION DE PEM,150.0,0.0,1.0
North face - Components matrix 1.xlsx,Assy WC,ASY-03153-05;A0,ASY-03153-05;A0,ASY-53727-127;A0,6APEM,00220,R,400,,INSERCION DE PEM,40.0,0.0,1.0
North face - Components matrix 1.xlsx,Assy WC,ASY-03156-03;A0,ASY-03156-03;A0,ASY-53727-127;A0,6N042,00110,R,102,,PUNZONADO EN TORRETA,60.0,0.0,1.0
North face - Components matrix 1.xlsx,Assy WC,ASY-03156-03;A0,ASY-03156-03;A0,ASY-53727-127;A0,6DBR,00120,R,200,,REBABEO PARA MANEJO,100.0,0.0,1.0
North face - Components matrix 1.xlsx,Assy WC,ASY-03156-03;A0,ASY-03156-03;A0,ASY-53727-127;A0,6BRK,00140,R,302,,DOBLADORA AMADA,20.0,0.0,1.0
North face - Components matrix 1.xlsx,Assy WC,ASY-03156-03;A0,ASY-03156-03;A0,ASY-53727-127;A0,6APEM,00160,R,400,,INSERCION DE PEM,20.0,0.0,1.0
North face - Components matrix 1.xlsx,Assy WC,ASY-03157-02;A0,ASY-03157-02;A0,ASY-53727-127;A0,6N044,00110,R,102,,PUNZONADO EN TORRETA,18.0,0.0,1.0
North face - Components matrix 1.xlsx,Assy WC,ASY-03157-02;A0,ASY-03157-02;A0,ASY-53727-127;A0,6DBR,00120,R,200,,REBABEO PARA MANEJO,100.0,0.0,1.0
North face - Components matrix 1.xlsx,Assy WC,ASY-03157-02;A0,ASY-03157-02;A0,ASY-53727-127;A0,6BRK,00140,R,302,,DOBLADORA AMADA,12.0,0.0,1.0
North face - Components matrix 1.xlsx,Assy WC,ASY-03157-02;A0,ASY-03157-02;A0,ASY-53727-127;A0,6APEM,00160,R,400,,INSERCION DE PEM,20.0,0.0,1.0
North face - Components matrix 1.xlsx,Assy WC,ASY-03158-05;A0,ASY-03158-05;A0,ASY-53727-127;A0,6N04,00110,R,102,,PUNZONADO EN TORRETA,26.0,0.0,1.0
North face - Components matrix 1.xlsx,Assy WC,ASY-03158-05;A0,ASY-03158-05;A0,ASY-53727-127;A0,6DBR,00120,R,200,,REBABEO PARA MANEJO,60.0,0.0,1.0
North face - Components matrix 1.xlsx,Assy WC,ASY-03158-05;A0,ASY-03158-05;A0,ASY-53727-127;A0,6BRK,00140,R,302,,DOBLADORA AMADA,15.15,0.0,1.0
North face - Components matrix 1.xlsx,Assy WC,ASY-03158-05;A0,ASY-03158-05;A0,ASY-53727-127;A0,6APEM,00160,R,400,,INSERCION DE PEM,5.62,0.0,1.0
North face - Components matrix 1.xlsx,Assy WC,ASY-03183-03;A0,ASY-03183-03;A0,ASY-53727-127;A0,6N03,00110,R,104,,CORTE LASER AMADA,114.0,0.0,1.0
North face - Components matrix 1.xlsx,Assy WC,ASY-03183-03;A0,ASY-03183-03;A0,ASY-53727-127;A0,6DBR,00120,R,200,,REBABEO DE FILOS,120.0,0.0,1.0
North face - Components matrix 1.xlsx,Assy WC,ASY-03183-03;A0,ASY-03183-03;A0,ASY-53727-127;A0,6BRG,00140,R,303,,ESTAMPADO NO PARTE,250.0,0.0,1.0
North face - Components matrix 1.xlsx,Assy WC,ASY-03183-03;A0,ASY-03183-03;A0,ASY-53727-127;A0,6BRK,00160,R,302,,DOBLADORA AMADA,105.0,0.0,1.0
North face - Components matrix 1.xlsx,Assy WC,ASY-03183-03;A0,ASY-03183-03;A0,ASY-53727-127;A0,6APEM,00180,R,400,,INSERCION DE PEM,40.0,0.0,1.0
North face - Components matrix 1.xlsx,Assy WC,ASY-03184-05;A0,ASY-03184-05;A0,ASY-53727-127;A0,6N04,00110,R,102,,PUNZONADO EN TORRETA,24.0,0.0,1.0
North face - Components matrix 1.xlsx,Assy WC,ASY-03184-05;A0,ASY-03184-05;A0,ASY-53727-127;A0,6DBR,00120,R,200,,REBABEO PARA MANEJO,60.0,0.0,1.0
North face - Components matrix 1.xlsx,Assy WC,ASY-03184-05;A0,ASY-03184-05;A0,ASY-53727-127;A0,6BRK,00140,R,302,,DOBLADORA AMADA,40.0,0.0,1.0
North face - Components matrix 1.xlsx,Assy WC,ASY-03184-05;A0,ASY-03184-05;A0,ASY-53727-127;A0,6BRK,00160,R,302,,DOBLADORA AMADA,35.0,0.0,1.0
North face - Components matrix 1.xlsx,Assy WC,ASY-03184-05;A0,ASY-03184-05;A0,ASY-53727-127;A0,6APEM,00180,R,400,,INSERCION DE PEM,13.0,0.0,1.0
North face - Components matrix 1.xlsx,Assy WC,ASY-03185-02;A0,ASY-03185-02;A0,ASY-53727-127;A0,6N03,00110,R,104,,CORTE LASER AMADA,42.3,0.0,0.0
North face - Components matrix 1.xlsx,Assy WC,ASY-03185-02;A0,ASY-03185-02;A0,ASY-53727-127;A0,6BRG,00130,R,303,,ESTAMPADO DE NUMERO DE,250.0,0.0,1.0
North face - Components matrix 1.xlsx,Assy WC,ASY-03185-02;A0,ASY-03185-02;A0,ASY-53727-127;A0,6BRK,00150,R,302,,DOBLADORA AMADA,40.0,0.0,1.0
North face - Components matrix 1.xlsx,Assy WC,ASY-03185-02;A0,ASY-03185-02;A0,ASY-53727-127;A0,6APEM,00170,R,400,,INSERCION DE PEM,15.0,0.0,1.0
North face - Components matrix 1.xlsx,Assy WC,ASY-03185-02;A0 P,ASY-03185-02;A0,ASY-53727-127;A0,6P250,00110,R,300,,TROQUELADO,325.0,0.0,1.0
North face - Components matrix 1.xlsx,Assy WC,ASY-03185-02;A0 P,ASY-03185-02;A0,ASY-53727-127;A0,6APEM,00210,R,400,,INSERCION DE PEM,15.0,0.0,1.0
North face - Components matrix 1.xlsx,Assy WC,ASY-03185-02;A0 S,ASY-03185-02;A0,ASY-53727-127;A0,6N03,00110,R,104,,CORTE LASER AMADA,42.3,0.0,1.0
North face - Components matrix 1.xlsx,Assy WC,ASY-03185-02;A0 S,ASY-03185-02;A0,ASY-53727-127;A0,6BRG,00130,R,303,,ESTAMPADO DE NUMERO DE,250.0,0.0,1.0
North face - Components matrix 1.xlsx,Assy WC,ASY-03185-02;A0 S,ASY-03185-02;A0,ASY-53727-127;A0,6BRK,00150,R,302,,DOBLADORA AMADA,40.0,0.0,1.0
North face - Components matrix 1.xlsx,Assy WC,ASY-03185-02;A0 S,ASY-03185-02;A0,ASY-53727-127;A0,6APEM,00170,R,400,,INSERCION DE PEM,15.0,0.0,1.0
North face - Components matrix 1.xlsx,Assy WC,ASY-03187-07;A0,ASY-03187-07;A0,ASY-53727-127;A0,6N04,00110,R,102,,PUNZONADO EN TORRETA,15.0,0.0,1.0
North face - Components matrix 1.xlsx,Assy WC,ASY-03187-07;A0,ASY-03187-07;A0,ASY-53727-127;A0,6DBR,00120,R,200,,REBABEO PARA MANEJO,100.0,0.0,1.0
North face - Components matrix 1.xlsx,Assy WC,ASY-03187-07;A0,ASY-03187-07;A0,ASY-53727-127;A0,6BRK,00140,R,302,,DOBLADORA AMADA,60.0,0.0,1.0
North face - Components matrix 1.xlsx,Assy WC,ASY-03187-07;A0,ASY-03187-07;A0,ASY-53727-127;A0,6APEM,00160,R,400,,INSERCION DE PEM,120.0,0.0,1.0
North face - Components matrix 1.xlsx,Assy WC,ASY-03187-07;A0,ASY-03187-07;A0,ASY-53727-127;A0,6APEM,00180,R,400,,INSERCION DE PEM,12.0,0.0,1.0
North face - Components matrix 1.xlsx,Assy WC,ASY-03187-07;A0,ASY-03187-07;A0,ASY-53727-127;A0,6APEM,00200,R,400,,INSERCION DE PEM,50.0,0.0,1.0
North face - Components matrix 1.xlsx,Assy WC,ASY-03187-07;A0,ASY-03187-07;A0,ASY-53727-127;A0,6ASB,00210,R,801,,ENSAMBLE SEGUN DIBUJO,150.0,0.0,1.0
North face - Components matrix 1.xlsx,Assy WC,ASY-03188-06;A0,ASY-03188-06;A0,ASY-53727-127;A0,6N042,00110,R,102,,PUNZONADO EN TORRETA,12.0,0.0,1.0
North face - Components matrix 1.xlsx,Assy WC,ASY-03188-06;A0,ASY-03188-06;A0,ASY-53727-127;A0,6DBR,00120,R,200,,REBABEO PARA MANEJO,60.0,0.0,1.0
North face - Components matrix 1.xlsx,Assy WC,ASY-03188-06;A0,ASY-03188-06;A0,ASY-53727-127;A0,6BRK,00140,R,302,,DOBLADORA AMADA,20.0,0.0,1.0
North face - Components matrix 1.xlsx,Assy WC,ASY-03188-06;A0,ASY-03188-06;A0,ASY-53727-127;A0,6BRK,00160,R,302,,DOBLADORA AMADA,20.0,0.0,1.0
North face - Components matrix 1.xlsx,Assy WC,ASY-03188-06;A0,ASY-03188-06;A0,ASY-53727-127;A0,6APEM,00180,R,400,,INSERCION DE PEM,13.0,0.0,1.0
North face - Components matrix 1.xlsx,Assy WC,ASY-03188-06;A0,ASY-03188-06;A0,ASY-53727-127;A0,6APEM,00200,R,400,,INSERCION DE PEM,30.0,0.0,1.0
North face - Components matrix 1.xlsx,Assy WC,ASY-03189-05;A0,ASY-03189-05;A0,ASY-53727-127;A0,6N04,00110,R,102,,PUNZONADO EN TORRETA,55.0,0.0,1.0
North face - Components matrix 1.xlsx,Assy WC,ASY-03189-05;A0,ASY-03189-05;A0,ASY-53727-127;A0,6DBR,00120,R,200,,REBABEO PARA MANEJO,100.0,0.0,1.0
North face - Components matrix 1.xlsx,Assy WC,ASY-03189-05;A0,ASY-03189-05;A0,ASY-53727-127;A0,6BRK,00140,R,302,,DOBLADORA AMADA,25.0,0.0,1.0
North face - Components matrix 1.xlsx,Assy WC,ASY-03189-05;A0,ASY-03189-05;A0,ASY-53727-127;A0,6APEM,00160,R,400,,INSERCION DE PEM,30.0,0.0,1.0
North face - Components matrix 1.xlsx,Assy WC,ASY-03278-05;A0,ASY-03278-05;A0,ASY-53727-127;A0,6AARI,00110,R,801,,ENSAMBLE SEGUN DIBUJO,8.0,0.0,1.0
North face - Components matrix 1.xlsx,Assy WC,ASY-03327-02;A0,ASY-03327-02;A0,ASY-53727-127;A0,6N03,00110,R,104,,CORTE LASER AMADA,180.0,0.0,0.0
North face - Components matrix 1.xlsx,Assy WC,ASY-03327-02;A0,ASY-03327-02;A0,ASY-53727-127;A0,6BRG,00130,R,303,,ESTAMPADO NO PARTE,250.0,0.0,1.0
North face - Components matrix 1.xlsx,Assy WC,ASY-03327-02;A0,ASY-03327-02;A0,ASY-53727-127;A0,6BRK,00150,R,302,,DOBLADORA AMADA,48.0,0.0,1.0
North face - Components matrix 1.xlsx,Assy WC,ASY-03327-02;A0,ASY-03327-02;A0,ASY-53727-127;A0,6APEM,00170,R,400,,INSERCION DE PEM,60.0,0.0,1.0
North face - Components matrix 1.xlsx,Assy WC,ASY-03327-02;A0,ASY-03327-02;A0,ASY-53727-127;A0,6APEM,00190,R,400,,INSERCION DE PEM,60.0,0.0,1.0
North face - Components matrix 1.xlsx,Assy WC,ASY-03327-02;A0,ASY-03327-02;A0,ASY-53727-127;A0,6ASB,00210,R,801,,ENSAMBLE SEGUN DIBUJO,50.0,0.0,1.0
North face - Components matrix 1.xlsx,Assy WC,ASY-03330-03;A0,ASY-03330-03;A0,ASY-53727-127;A0,6AARI,00110,R,801,,ENSAMBLE SEGUN DIBUJO,25.0,0.0,1.0
North face - Components matrix 1.xlsx,Assy WC,ASY-03333-04;A0,ASY-03333-04;A0,ASY-53727-127;A0,6N04,00110,R,102,,PUNZONADO EN TORRETA,300.0,0.0,1.0
North face - Components matrix 1.xlsx,Assy WC,ASY-03333-04;A0,ASY-03333-04;A0,ASY-53727-127;A0,6DBR,00120,R,200,,REBABEO PARA MANEJO,100.0,0.0,1.0
North face - Components matrix 1.xlsx,Assy WC,ASY-03333-04;A0,ASY-03333-04;A0,ASY-53727-127;A0,6BRK,00140,R,302,,DOBLADORA AMADA,300.0,0.0,1.0
North face - Components matrix 1.xlsx,Assy WC,ASY-03333-04;A0,ASY-03333-04;A0,ASY-53727-127;A0,6APEM,00160,R,400,,INSERCION DE PEM,60.0,0.0,1.0
North face - Components matrix 1.xlsx,Assy WC,ASY-03668-01;A0,ASY-03668-01;A0,ASY-53727-127;A0,6N04,00110,R,102,,PUNZONADO EN TORRETA,200.0,0.0,1.0
North face - Components matrix 1.xlsx,Assy WC,ASY-03668-01;A0,ASY-03668-01;A0,ASY-53727-127;A0,6DBR,00120,R,200,,REBABEO PARA MANEJO,100.0,0.0,1.0
North face - Components matrix 1.xlsx,Assy WC,ASY-03668-01;A0,ASY-03668-01;A0,ASY-53727-127;A0,6BRK,00140,R,302,,DOBLADORA AMADA,145.0,0.0,1.0
North face - Components matrix 1.xlsx,Assy WC,ASY-03668-01;A0,ASY-03668-01;A0,ASY-53727-127;A0,6APEM,00160,R,400,,INSERCION DE PEM,40.0,0.0,1.0
North face - Components matrix 1.xlsx,Assy WC,ASY-03727-27;A0,ASY-03727-27;A0,ASY-53727-127;A0,6AARI,00100,R,801,,ENSAMBLE SEGUN,0.667,0.0,2.0
North face - Components matrix 1.xlsx,Assy WC,ASY-03727-27;A0,ASY-03727-27;A0,ASY-53727-127;A0,6AARI,00110,R,,,PRUEBA EN EL CUARTO,0.667,0.0,2.0
North face - Components matrix 1.xlsx,Assy WC,ASY-04138-02;A0,ASY-04138-02;A0,ASY-53727-127;A0,6ASAN,00100,R,801,,ENSAMBLE SEGUN DIBUJO,120.0,0.0,1.0
North face - Components matrix 1.xlsx,Assy WC,ASY-04181-02;A0,ASY-04181-02;A0,ASY-53727-127;A0,6N04,00110,R,102,,PUNZONADO EN TORRETA,80.0,0.0,1.0
North face - Components matrix 1.xlsx,Assy WC,ASY-04181-02;A0,ASY-04181-02;A0,ASY-53727-127;A0,6P200,00130,R,,,RUN PIERCE/BLANK DIE,300.0,0.0,1.0
North face - Components matrix 1.xlsx,Assy WC,ASY-04181-02;A0,ASY-04181-02;A0,ASY-53727-127;A0,6BRK,00150,R,302,,DOBLADORA AMADA,45.0,0.0,1.0
North face - Components matrix 1.xlsx,Assy WC,ASY-04181-02;A0,ASY-04181-02;A0,ASY-53727-127;A0,6APEM,00170,R,400,,INSERCION DE PEM,67.0,0.0,1.0
North face - Components matrix 1.xlsx,Assy WC,ASY-04183-01;A0,ASY-04183-01;A0,ASY-53727-127;A0,6N03,00110,R,104,,CORTE LASER AMADA,34.0,0.0,0.0
North face - Components matrix 1.xlsx,Assy WC,ASY-04183-01;A0,ASY-04183-01;A0,ASY-53727-127;A0,6APEM,00130,R,400,,INSERCION DE PEM,30.0,0.0,1.0
North face - Components matrix 1.xlsx,Assy WC,ASY-04183-01;A0,ASY-04183-01;A0,ASY-53727-127;A0,6BRG,00150,R,303,,ESTAMPADO DE NUMERO DE,250.0,0.0,1.0
North face - Components matrix 1.xlsx,Assy WC,ASY-04183-01;A0,ASY-04183-01;A0,ASY-53727-127;A0,6BRK,00170,R,302,,DOBLADORA AMADA,80.0,0.0,1.0
North face - Components matrix 1.xlsx,Assy WC,ASY-04183-01;A0,ASY-04183-01;A0,ASY-53727-127;A0,6APEM,00190,R,400,,INSERCION DE PEM,15.0,0.0,1.0
North face - Components matrix 1.xlsx,Assy WC,ASY-04184-02;A0,ASY-04184-02;A0,ASY-53727-127;A0,6N04,00110,R,102,,PUNZONADO EN TORRETA,127.0,0.0,1.0
North face - Components matrix 1.xlsx,Assy WC,ASY-04184-02;A0,ASY-04184-02;A0,ASY-53727-127;A0,6BRK,00150,R,302,,DOBLADORA AMADA,35.0,0.0,1.0
North face - Components matrix 1.xlsx,Assy WC,ASY-04184-02;A0,ASY-04184-02;A0,ASY-53727-127;A0,6APEM,00170,R,400,,INSERCION DE PEM,18.0,0.0,1.0
North face - Components matrix 1.xlsx,Assy WC,ASY-04192-06;B0,ASY-04192-06;B0,ASY-53727-127;A0,6AARI,00100,R,801,,ENSAMBLE SEGUN DIBUJO,2.0,0.0,2.0
North face - Components matrix 1.xlsx,Assy WC,ASY-04756-04;A0,ASY-04756-04;A0,ASY-53727-127;A0,6N042,00110,R,102,,PUNZONADO EN TORRETA,16.0,0.0,1.0
North face - Components matrix 1.xlsx,Assy WC,ASY-04756-04;A0,ASY-04756-04;A0,ASY-53727-127;A0,6DBR,00120,R,200,,REBABEO PARA MANEJO,30.0,0.0,1.0
North face - Components matrix 1.xlsx,Assy WC,ASY-04756-04;A0,ASY-04756-04;A0,ASY-53727-127;A0,6BRK,00140,R,302,,DOBLADORA AMADA,44.0,0.0,1.0
North face - Components matrix 1.xlsx,Assy WC,ASY-04756-04;A0,ASY-04756-04;A0,ASY-53727-127;A0,6APEM,00160,R,400,,INSERCION DE PEM,55.0,0.0,1.0
North face - Components matrix 1.xlsx,Assy WC,ASY-04756-04;A0,ASY-04756-04;A0,ASY-53727-127;A0,6APEM,00180,R,400,,INSERCION DE PEM,15.0,0.0,1.0
North face - Components matrix 1.xlsx,Assy WC,ASY-04756-04;A0,ASY-04756-04;A0,ASY-53727-127;A0,6SLK,00190,R,700,,SERIGRAFIA DE ACUERDO,60.0,0.0,1.0
North face - Components matrix 1.xlsx,Assy WC,ASY-04757-04;A0,ASY-04757-04;A0,ASY-53727-127;A0,6N042,00110,R,102,,PUNZONADO EN TORRETA,16.0,0.0,1.0
North face - Components matrix 1.xlsx,Assy WC,ASY-04757-04;A0,ASY-04757-04;A0,ASY-53727-127;A0,6DBR,00120,R,200,,REBABEO PARA MANEJO,30.0,0.0,1.0
North face - Components matrix 1.xlsx,Assy WC,ASY-04757-04;A0,ASY-04757-04;A0,ASY-53727-127;A0,6BRK,00140,R,302,,DOBLADORA AMADA,44.0,0.0,1.0
North face - Components matrix 1.xlsx,Assy WC,ASY-04757-04;A0,ASY-04757-04;A0,ASY-53727-127;A0,6APEM,00160,R,400,,INSERCION DE PEM,55.0,0.0,1.0
North face - Components matrix 1.xlsx,Assy WC,ASY-04757-04;A0,ASY-04757-04;A0,ASY-53727-127;A0,6APEM,00180,R,400,,INSERCION DE PEM,15.0,0.0,1.0
North face - Components matrix 1.xlsx,Assy WC,ASY-04757-04;A0,ASY-04757-04;A0,ASY-53727-127;A0,6SLK,00190,R,700,,SERIGRAFIA DE ACUERDO,60.0,0.0,1.0
North face - Components matrix 1.xlsx,Assy WC,ASY-04776-01;B0,ASY-04776-01;B0,ASY-53727-127;A0,6SLK,00100,R,700,,SERIGRAFIA DE ACUERDO,80.0,0.0,1.0
North face - Components matrix 1.xlsx,Assy WC,ASY-04780-05;B0,ASY-04780-05;B0,ASY-53727-127;A0,6APEM,00110,R,400,,INSTALACION DE REMACHE,1.78,0.0,1.0
North face - Components matrix 1.xlsx,Assy WC,ASY-04780-05;B0,ASY-04780-05;B0,ASY-53727-127;A0,6AARI,00120,R,801,,ENSAMBLE SEGUN DIBUJO,37.5,0.0,1.0
North face - Components matrix 1.xlsx,Assy WC,ASY-05257-01;A0,ASY-05257-01;A0,ASY-53727-127;A0,6N043,00110,R,102,,PUNZONADO EN TORRETA,30.0,0.0,1.0
North face - Components matrix 1.xlsx,Assy WC,ASY-05257-01;A0,ASY-05257-01;A0,ASY-53727-127;A0,6DBR,00120,R,200,,REBABEO PARA MANEJO,100.0,0.0,1.0
North face - Components matrix 1.xlsx,Assy WC,ASY-05257-01;A0,ASY-05257-01;A0,ASY-53727-127;A0,6BRK,00140,R,302,,DOBLADORA AMADA,40.0,0.0,1.0
North face - Components matrix 1.xlsx,Assy WC,ASY-05257-01;A0,ASY-05257-01;A0,ASY-53727-127;A0,6APEM,00160,R,400,,INSERCION DE PEM,45.0,0.0,1.0
North face - Components matrix 1.xlsx,Assy WC,ASY-05258-01;A0,ASY-05258-01;A0,ASY-53727-127;A0,6N043,00110,R,102,,PUNZONADO EN TORRETA,30.0,0.0,1.0
North face - Components matrix 1.xlsx,Assy WC,ASY-05258-01;A0,ASY-05258-01;A0,ASY-53727-127;A0,6DBR,00120,R,200,,REBABEO PARA MANEJO,100.0,0.0,1.0
North face - Components matrix 1.xlsx,Assy WC,ASY-05258-01;A0,ASY-05258-01;A0,ASY-53727-127;A0,6BRK,00140,R,302,,DOBLADORA AMADA,40.0,0.0,1.0
North face - Components matrix 1.xlsx,Assy WC,ASY-05258-01;A0,ASY-05258-01;A0,ASY-53727-127;A0,6APEM,00160,R,400,,INSERCION DE PEM,45.0,0.0,1.0
North face - Components matrix 1.xlsx,Assy WC,ASY-05271-01;A0,ASY-05271-01;A0,ASY-53727-127;A0,6AARI,00110,R,801,,ENSAMBLE SEGUN DIBUJO,18.0,0.0,1.0
North face - Components matrix 1.xlsx,Assy WC,ASY-05272-01;A0,ASY-05272-01;A0,ASY-53727-127;A0,6N041,00110,R,102,,PUNZONADO EN TORRETA,40.0,0.0,1.0
North face - Components matrix 1.xlsx,Assy WC,ASY-05272-01;A0,ASY-05272-01;A0,ASY-53727-127;A0,6DBR,00120,R,200,,REBABEO PARA MANEJO,100.0,0.0,1.0
North face - Components matrix 1.xlsx,Assy WC,ASY-05272-01;A0,ASY-05272-01;A0,ASY-53727-127;A0,6APEM,00160,R,400,,INSERCION DE PEM,30.0,0.0,1.0
North face - Components matrix 1.xlsx,Assy WC,ASY-05272-01;A0,ASY-05272-01;A0,ASY-53727-127;A0,6BRK,00180,R,302,,DOBLADORA AMADA,105.0,0.0,1.0
North face - Components matrix 1.xlsx,Assy WC,ASY-05275-01;A0,ASY-05275-01;A0,ASY-53727-127;A0,6AARI,00110,R,801,,ENSAMBLE SEGUN DIBUJO,10.0,0.0,1.0
North face - Components matrix 1.xlsx,Assy WC,ASY-05277-02;A0,ASY-05277-02;A0,ASY-53727-127;A0,6N042,00110,R,102,,PUNZONADO EN TORRETA,8.0,0.0,1.0
North face - Components matrix 1.xlsx,Assy WC,ASY-05277-02;A0,ASY-05277-02;A0,ASY-53727-127;A0,6DBR,00120,R,200,,REBABEO PARA MANEJO,60.0,0.0,1.0
North face - Components matrix 1.xlsx,Assy WC,ASY-05277-02;A0,ASY-05277-02;A0,ASY-53727-127;A0,6BRK,00160,R,302,,DOBLADORA AMADA,32.0,0.0,1.0
North face - Components matrix 1.xlsx,Assy WC,ASY-05277-02;A0,ASY-05277-02;A0,ASY-53727-127;A0,6APEM,00180,R,400,,INSERCION DE PEM,60.0,0.0,1.0
North face - Components matrix 1.xlsx,Assy WC,ASY-05277-02;A0,ASY-05277-02;A0,ASY-53727-127;A0,6APEM,00200,R,400,,INSERCION DE PEM,20.0,0.0,1.0
North face - Components matrix 1.xlsx,Assy WC,ASY-05299-02;A0,ASY-05299-02;A0,ASY-53727-127;A0,6N042,00110,R,102,,PUNZONADO EN TORRETA,8.0,0.0,1.0
North face - Components matrix 1.xlsx,Assy WC,ASY-05299-02;A0,ASY-05299-02;A0,ASY-53727-127;A0,6DBR,00120,R,200,,REBABEO PARA MANEJO,60.0,0.0,1.0
North face - Components matrix 1.xlsx,Assy WC,ASY-05299-02;A0,ASY-05299-02;A0,ASY-53727-127;A0,6BRK,00140,R,302,,DOBLADORA AMADA,32.0,0.0,1.0
North face - Components matrix 1.xlsx,Assy WC,ASY-05299-02;A0,ASY-05299-02;A0,ASY-53727-127;A0,6APEM,00160,R,400,,INSERCION DE PEM,20.0,0.0,1.0
North face - Components matrix 1.xlsx,Assy WC,ASY-08774-01;A0,ASY-08774-01;A0,ASY-53727-127;A0,6AARI,00110,R,801,,ENSAMBLE,6.0,0.0,1.0
North face - Components matrix 1.xlsx,Assy WC,ASY-53727-127;A0,ASY-53727-127;A0,ASY-53727-127;A0,6AARI,00100,R,801,,ENSAMBLE SEGUN DIBUJO,2.0,0.0,2.0
North face - Components matrix 1.xlsx,Assy WC,MECH-01827-01;B0,MECH-01827-01;B0,ASY-53727-127;A0,6N03,00110,R,104,,CORTE LASER AMADA,350.0,0.0,1.0
North face - Components matrix 1.xlsx,Assy WC,MECH-01827-01;B0,MECH-01827-01;B0,ASY-53727-127;A0,6DBR,00120,R,200,,REBABEO PARA MANEJO,60.0,0.0,1.0
North face - Components matrix 1.xlsx,Assy WC,MECH-01827-01;B0,MECH-01827-01;B0,ASY-53727-127;A0,RG100,00140,R,302,,DOBLADORA AMADA,32.0,0.0,1.0
North face - Components matrix 1.xlsx,Assy WC,MECH-01827-01;B0,MECH-01827-01;B0,ASY-53727-127;A0,232625,00150,,,,MECH-01827-01 REV B0,0.0,5.0,1.0
North face - Components matrix 1.xlsx,Assy WC,MTL-02212-01;A0,MTL-02212-01;A0,ASY-53727-127;A0,6N03,00110,R,104,,CORTE LASER AMADA,456.0,0.0,0.0
North face - Components matrix 1.xlsx,Assy WC,MTL-02213-05;A0,MTL-02213-05;A0,ASY-53727-127;A0,6N045,00110,R,102,,PUNZONADO EN TORRETA,17.0,0.0,1.0
North face - Components matrix 1.xlsx,Assy WC,MTL-02213-05;A0,MTL-02213-05;A0,ASY-53727-127;A0,6DBR,00120,R,200,,REBABEO PARA MANEJO,100.0,0.0,1.0
North face - Components matrix 1.xlsx,Assy WC,MTL-02213-05;A0,MTL-02213-05;A0,ASY-53727-127;A0,6BATC,00140,R,302,,DOBLADORA AMADA,25.0,0.0,1.0
North face - Components matrix 1.xlsx,Assy WC,MTL-02214-01;A1,MTL-02214-01;A1,ASY-53727-127;A0,6N03,00110,R,104,,CORTE LASER AMADA,54.0,0.0,1.0
North face - Components matrix 1.xlsx,Assy WC,MTL-02214-01;A1,MTL-02214-01;A1,ASY-53727-127;A0,6MACH,00130,R,112,,MAQUINADO,60.0,0.0,1.0
North face - Components matrix 1.xlsx,Assy WC,MTL-02214-01;A1,MTL-02214-01;A1,ASY-53727-127;A0,6BRK,00160,R,302,,DOBLADORA AMADA,35.0,0.0,1.0
North face - Components matrix 1.xlsx,Assy WC,MTL-02214-01;A1,MTL-02214-01;A1,ASY-53727-127;A0,6BRK,00180,R,302,,DOBLADORA AMADA,300.0,0.0,1.0
North face - Components matrix 1.xlsx,Assy WC,MTL-02214-01;A1,MTL-02214-01;A1,ASY-53727-127;A0,232625,00190,,,,MTL-02214-01 REV A1,0.0,5.0,1.0
North face - Components matrix 1.xlsx,Assy WC,MTL-02215-02;A1,MTL-02215-02;A1,ASY-53727-127;A0,6N03,00110,R,104,,CORTE LASER AMADA,54.0,0.0,1.0
North face - Components matrix 1.xlsx,Assy WC,MTL-02215-02;A1,MTL-02215-02;A1,ASY-53727-127;A0,6BRK,00140,R,302,,DOBLADORA AMADA,35.0,0.0,1.0
North face - Components matrix 1.xlsx,Assy WC,MTL-02215-02;A1,MTL-02215-02;A1,ASY-53727-127;A0,6BRK,00160,R,302,,DOBLADORA AMADA,300.0,0.0,1.0
North face - Components matrix 1.xlsx,Assy WC,MTL-02215-02;A1,MTL-02215-02;A1,ASY-53727-127;A0,232625,00170,,,,MTL-02215-02 REV A1,0.0,5.0,1.0
North face - Components matrix 1.xlsx,Assy WC,MTL-02216-03;A0,MTL-02216-03;A0,ASY-53727-127;A0,6N03,00110,R,104,,CORTE LASER AMADA,52.0,0.0,0.0
North face - Components matrix 1.xlsx,Assy WC,MTL-02216-03;A0,MTL-02216-03;A0,ASY-53727-127;A0,6BRG,00140,R,303,,ESTAMPADO DE NUMERO DE,250.0,0.0,1.0
North face - Components matrix 1.xlsx,Assy WC,MTL-02216-03;A0,MTL-02216-03;A0,ASY-53727-127;A0,6BRK,00160,R,302,,DOBLADORA AMADA,156.0,0.0,1.0
North face - Components matrix 1.xlsx,Assy WC,MTL-02217-01;A0,MTL-02217-01;A0,ASY-53727-127;A0,6N04,00110,R,102,,PUNZONADO EN TORRETA,196.0,0.0,1.0
North face - Components matrix 1.xlsx,Assy WC,MTL-02217-01;A0,MTL-02217-01;A0,ASY-53727-127;A0,6DBR,00120,R,200,,REBABEO PARA MANEJO,100.0,0.0,1.0
North face - Components matrix 1.xlsx,Assy WC,MTL-02217-01;A0,MTL-02217-01;A0,ASY-53727-127;A0,6BRK,00140,R,302,,DOBLADORA AMADA,79.0,0.0,1.0
North face - Components matrix 1.xlsx,Assy WC,MTL-02218-01;B0,MTL-02218-01;B0,ASY-53727-127;A0,6N04,00110,R,102,,PUNZONADO EN TORRETA,175.0,0.0,1.0
North face - Components matrix 1.xlsx,Assy WC,MTL-02218-01;B0,MTL-02218-01;B0,ASY-53727-127;A0,6DBR,00120,R,200,,REBABEO PARA MANEJO,100.0,0.0,1.0
North face - Components matrix 1.xlsx,Assy WC,MTL-02218-01;B0,MTL-02218-01;B0,ASY-53727-127;A0,465250,00130,,,,MTL-02218-01 REV B0,0.0,7.0,1.0
North face - Components matrix 1.xlsx,Assy WC,MTL-02218-01;B0,MTL-02218-01;B0,ASY-53727-127;A0,745150,00140,,,,MTL-02218-01 REV B0,0.0,5.0,0.0
North face - Components matrix 1.xlsx,Assy WC,MTL-02220-03;A0,MTL-02220-03;A0,ASY-53727-127;A0,6N041,00110,R,102,,PUNZONADO EN TORRETA,30.5,0.0,1.0
North face - Components matrix 1.xlsx,Assy WC,MTL-02220-03;A0,MTL-02220-03;A0,ASY-53727-127;A0,6DBR,00120,R,200,,REBABEO PARA MANEJO,100.0,0.0,1.0
North face - Components matrix 1.xlsx,Assy WC,MTL-02220-03;A0,MTL-02220-03;A0,ASY-53727-127;A0,6BRK,00140,R,302,,DOBLADORA AMADA,19.0,0.0,1.0
North face - Components matrix 1.xlsx,Assy WC,MTL-02226-02;A0,MTL-02226-02;A0,ASY-53727-127;A0,6P25C,00110,R,300,,TROQUELADO,325.0,0.0,1.0
North face - Components matrix 1.xlsx,Assy WC,MTL-02226-02;A0,MTL-02226-02;A0,ASY-53727-127;A0,6P200,00130,R,300,,TROQUELADO,275.0,0.0,1.0
North face - Components matrix 1.xlsx,Assy WC,MTL-02226-02;A0,MTL-02226-02;A0,ASY-53727-127;A0,6P200,00150,R,300,,TROQUELADO,275.0,0.0,1.0
North face - Components matrix 1.xlsx,Assy WC,MTL-02226-02;A0 P,MTL-02226-02;A0,ASY-53727-127;A0,6P250,00110,R,300,,TROQUELADO,325.0,0.0,1.0
North face - Components matrix 1.xlsx,Assy WC,MTL-02226-02;A0 P,MTL-02226-02;A0,ASY-53727-127;A0,6P200,00130,R,300,,TROQUELADO,275.0,0.0,1.0
North face - Components matrix 1.xlsx,Assy WC,MTL-02226-02;A0 P,MTL-02226-02;A0,ASY-53727-127;A0,6P200,00150,R,300,,TROQUELADO,275.0,0.0,1.0
North face - Components matrix 1.xlsx,Assy WC,MTL-02226-02;A0 S,MTL-02226-02;A0,ASY-53727-127;A0,6N03,00110,R,104,,CORTE LASER AMADA,92.0,0.0,1.0
North face - Components matrix 1.xlsx,Assy WC,MTL-02226-02;A0 S,MTL-02226-02;A0,ASY-53727-127;A0,6BRK,00140,R,302,,DOBLADORA AMADA,350.0,0.0,1.0
North face - Components matrix 1.xlsx,Assy WC,MTL-02236-04;A0,MTL-02236-04;A0,ASY-53727-127;A0,6N041,00110,R,102,,PUNZONADO EN TORRETA,43.0,0.0,1.0
North face - Components matrix 1.xlsx,Assy WC,MTL-02236-04;A0,MTL-02236-04;A0,ASY-53727-127;A0,6DBR,00120,R,200,,REBABEO PARA MANEJO,100.0,0.0,1.0
North face - Components matrix 1.xlsx,Assy WC,MTL-02236-04;A0,MTL-02236-04;A0,ASY-53727-127;A0,6BRK,00140,R,302,,DOBLADORA AMADA,79.0,0.0,1.0
North face - Components matrix 1.xlsx,Assy WC,MTL-02237-04;A0,MTL-02237-04;A0,ASY-53727-127;A0,6N04,00110,R,102,,PUNZONADO EN TORRETA,53.0,0.0,1.0
North face - Components matrix 1.xlsx,Assy WC,MTL-02237-04;A0,MTL-02237-04;A0,ASY-53727-127;A0,6DBR,00120,R,200,,REBABEO PARA MANEJO,100.0,0.0,1.0
North face - Components matrix 1.xlsx,Assy WC,MTL-02237-04;A0,MTL-02237-04;A0,ASY-53727-127;A0,6BATC,00140,R,302,,DOBLADORA AMADA,34.0,0.0,1.0
North face - Components matrix 1.xlsx,Assy WC,MTL-02237-04;A0 P,MTL-02237-04;A0,ASY-53727-127;A0,6P250,00110,R,300,,TROQUELADO,325.0,0.0,1.0
North face - Components matrix 1.xlsx,Assy WC,MTL-02237-04;A0 P,MTL-02237-04;A0,ASY-53727-127;A0,6P250,00130,R,300,,TROQUELADO,275.0,0.0,1.0
North face - Components matrix 1.xlsx,Assy WC,MTL-02237-04;A0 P,MTL-02237-04;A0,ASY-53727-127;A0,6P200,00150,R,300,,TROQUELADO,275.0,0.0,1.0
North face - Components matrix 1.xlsx,Assy WC,MTL-02237-04;A0 P,MTL-02237-04;A0,ASY-53727-127;A0,6P200,00170,R,300,,TROQUELADO,275.0,0.0,1.0
North face - Components matrix 1.xlsx,Assy WC,MTL-02237-04;A0 S,MTL-02237-04;A0,ASY-53727-127;A0,6N04,00110,R,102,,PUNZONADO EN TORRETA,53.0,0.0,1.0
North face - Components matrix 1.xlsx,Assy WC,MTL-02237-04;A0 S,MTL-02237-04;A0,ASY-53727-127;A0,6DBR,00120,R,200,,REBABEO PARA MANEJO,100.0,0.0,1.0
North face - Components matrix 1.xlsx,Assy WC,MTL-02237-04;A0 S,MTL-02237-04;A0,ASY-53727-127;A0,6BATC,00140,R,302,,DOBLADORA AMADA,34.0,0.0,1.0
North face - Components matrix 1.xlsx,Assy WC,MTL-02239-01;A0,MTL-02239-01;A0,ASY-53727-127;A0,6N042,00110,R,102,,PUNZONADO EN TORRETA,166.0,0.0,1.0
North face - Components matrix 1.xlsx,Assy WC,MTL-02239-01;A0,MTL-02239-01;A0,ASY-53727-127;A0,6DBR,00120,R,200,,REBABEO PARA MANEJO,100.0,0.0,1.0
North face - Components matrix 1.xlsx,Assy WC,MTL-02239-01;A0,MTL-02239-01;A0,ASY-53727-127;A0,6BRK,00140,R,302,,DOBLADORA AMADA,105.0,0.0,1.0
North face - Components matrix 1.xlsx,Assy WC,MTL-02247-05;A0,MTL-02247-05;A0,ASY-53727-127;A0,6N045,00110,R,102,,PUNZONADO EN TORRETA,20.0,0.0,1.0
North face - Components matrix 1.xlsx,Assy WC,MTL-02247-05;A0,MTL-02247-05;A0,ASY-53727-127;A0,6DBR,00120,R,200,,REBABEO PARA MANEJO,100.0,0.0,1.0
North face - Components matrix 1.xlsx,Assy WC,MTL-02247-05;A0,MTL-02247-05;A0,ASY-53727-127;A0,6BRK,00140,R,302,,DOBLADORA AMADA,25.0,0.0,1.0
North face - Components matrix 1.xlsx,Assy WC,MTL-02254-02;A1,MTL-02254-02;A1,ASY-53727-127;A0,6N04,00110,R,102,,PUNZONADO EN TORRETA,101.0,0.0,1.0
North face - Components matrix 1.xlsx,Assy WC,MTL-02254-02;A1,MTL-02254-02;A1,ASY-53727-127;A0,6DBR,00120,R,200,,REBABEO PARA MANEJO,100.0,0.0,1.0
North face - Components matrix 1.xlsx,Assy WC,MTL-02254-02;A1,MTL-02254-02;A1,ASY-53727-127;A0,BRK80,00140,R,302,,DOBLADORA AMADA,64.0,0.0,1.0
North face - Components matrix 1.xlsx,Assy WC,MTL-02254-02;A1 P,MTL-02254-02;A1,ASY-53727-127;A0,6P200,00110,R,300,,TROQUELADO,325.0,0.0,1.0
North face - Components matrix 1.xlsx,Assy WC,MTL-02254-02;A1 S,MTL-02254-02;A1,ASY-53727-127;A0,6N04,00110,R,102,,PUNZONADO EN TORRETA,101.0,0.0,1.0
North face - Components matrix 1.xlsx,Assy WC,MTL-02254-02;A1 S,MTL-02254-02;A1,ASY-53727-127;A0,6DBR,00120,R,200,,REBABEO PARA MANEJO,100.0,0.0,1.0
North face - Components matrix 1.xlsx,Assy WC,MTL-02254-02;A1 S,MTL-02254-02;A1,ASY-53727-127;A0,6BRK,00140,R,302,,DOBLADORA AMADA,64.0,0.0,1.0
North face - Components matrix 1.xlsx,Assy WC,MTL-02258-06;A0,MTL-02258-06;A0,ASY-53727-127;A0,6N04,00110,R,102,,PUNZONADO EN TORRETA,68.0,0.0,1.0
North face - Components matrix 1.xlsx,Assy WC,MTL-02258-06;A0,MTL-02258-06;A0,ASY-53727-127;A0,6DBR,00120,R,200,,REBABEO PARA MANEJO,100.0,0.0,1.0
North face - Components matrix 1.xlsx,Assy WC,MTL-02258-06;A0,MTL-02258-06;A0,ASY-53727-127;A0,6BRK,00140,R,302,,DOBLADORA AMADA,131.0,0.0,1.0
North face - Components matrix 1.xlsx,Assy WC,MTL-02321-01;A0,MTL-02321-01;A0,ASY-53727-127;A0,6N03,00110,R,104,,CORTE LASER AMADA,86.0,0.0,0.0
North face - Components matrix 1.xlsx,Assy WC,MTL-02321-01;A0,MTL-02321-01;A0,ASY-53727-127;A0,6BRK,00140,R,302,,DOBLADORA AMADA,156.0,0.0,1.0
North face - Components matrix 1.xlsx,Assy WC,MTL-02322-03;B0,MTL-02322-03;B0,ASY-53727-127;A0,6N04,00110,R,102,,PUNZONADO EN TORRETA,208.0,0.0,1.0
North face - Components matrix 1.xlsx,Assy WC,MTL-02322-03;B0,MTL-02322-03;B0,ASY-53727-127;A0,6DBR,00120,R,200,,REBABEO PARA MANEJO,100.0,0.0,1.0
North face - Components matrix 1.xlsx,Assy WC,MTL-02322-03;B0,MTL-02322-03;B0,ASY-53727-127;A0,465250,00130,,,,MTL-02322-03 REV B0,0.0,7.0,1.0
North face - Components matrix 1.xlsx,Assy WC,MTL-02322-03;B0,MTL-02322-03;B0,ASY-53727-127;A0,745150,00140,,,,MTL-02322-03 REV B0,0.0,5.0,0.0
North face - Components matrix 1.xlsx,Assy WC,MTL-02324-02;A0,MTL-02324-02;A0,ASY-53727-127;A0,6N04,00110,R,102,,PUNZONADO EN TORRETA,220.0,0.0,1.0
North face - Components matrix 1.xlsx,Assy WC,MTL-02324-02;A0,MTL-02324-02;A0,ASY-53727-127;A0,6DBR,00120,R,200,,REBABEO PARA MANEJO,100.0,0.0,1.0
North face - Components matrix 1.xlsx,Assy WC,MTL-02324-02;A0,MTL-02324-02;A0,ASY-53727-127;A0,6BRK,00140,R,302,,DOBLADORA AMADA,250.0,0.0,1.0
North face - Components matrix 1.xlsx,Assy WC,MTL-02325-02;A0,MTL-02325-02;A0,ASY-53727-127;A0,6P25C,00110,R,300,,TROQUELADO,325.0,0.0,1.0
North face - Components matrix 1.xlsx,Assy WC,MTL-02325-02;A0,MTL-02325-02;A0,ASY-53727-127;A0,232625,00200,,,,MTL-02325-02 A0,0.0,5.0,0.0
North face - Components matrix 1.xlsx,Assy WC,MTL-02325-02;A0 P,MTL-02325-02;A0,ASY-53727-127;A0,6P250,00110,R,300,,TROQUELADO,325.0,0.0,1.0
North face - Components matrix 1.xlsx,Assy WC,MTL-02325-02;A0 S,MTL-02325-02;A0,ASY-53727-127;A0,6N04,00110,R,102,,PUNZONADO EN TORRETA,325.0,0.0,1.0
North face - Components matrix 1.xlsx,Assy WC,MTL-02325-02;A0 S,MTL-02325-02;A0,ASY-53727-127;A0,6DBR,00120,R,200,,REBABEO PARA MANEJO,100.0,0.0,1.0
North face - Components matrix 1.xlsx,Assy WC,MTL-02325-02;A0 S,MTL-02325-02;A0,ASY-53727-127;A0,232625,00130,,,,MTL-02325-02 REV A0,0.0,5.0,1.0
North face - Components matrix 1.xlsx,Assy WC,MTL-02352-04;A0,MTL-02352-04;A0,ASY-53727-127;A0,6N04,00110,R,102,,PUNZONADO EN TORRETA,78.0,0.0,1.0
North face - Components matrix 1.xlsx,Assy WC,MTL-02352-04;A0,MTL-02352-04;A0,ASY-53727-127;A0,6DBR,00120,R,200,,REBABEO PARA MANEJO,100.0,0.0,1.0
North face - Components matrix 1.xlsx,Assy WC,MTL-02352-04;A0,MTL-02352-04;A0,ASY-53727-127;A0,6BRK,00140,R,302,,DOBLADORA AMADA,40.0,0.0,1.0
North face - Components matrix 1.xlsx,Assy WC,MTL-02356-04;B0,MTL-02356-04;B0,ASY-53727-127;A0,6P20C,00110,R,300,,TROQUELADO,325.0,0.0,1.0
North face - Components matrix 1.xlsx,Assy WC,MTL-02356-04;B0,MTL-02356-04;B0,ASY-53727-127;A0,6P200,00130,R,300,,TROQUELADO,95.0,0.0,1.0
North face - Components matrix 1.xlsx,Assy WC,MTL-02356-04;B0,MTL-02356-04;B0,ASY-53727-127;A0,232625,00200,,,,MTL-02356-04 B0,0.0,5.0,1.0
North face - Components matrix 1.xlsx,Assy WC,MTL-02356-04;B0 P,MTL-02356-04;B0,ASY-53727-127;A0,6P200,00110,R,300,,TROQUELADO,325.0,0.0,1.0
North face - Components matrix 1.xlsx,Assy WC,MTL-02356-04;B0 P,MTL-02356-04;B0,ASY-53727-127;A0,6P200,00130,R,300,,TROQUELADO,95.0,0.0,1.0
North face - Components matrix 1.xlsx,Assy WC,MTL-02356-04;B0 P,MTL-02356-04;B0,ASY-53727-127;A0,232625,00200,,,,MTL-02356-04 B0,0.0,5.0,0.0
North face - Components matrix 1.xlsx,Assy WC,MTL-02356-04;B0 S,MTL-02356-04;B0,ASY-53727-127;A0,6N04,00110,R,102,,PUNZONADO EN TORRETA,112.0,0.0,1.0
North face - Components matrix 1.xlsx,Assy WC,MTL-02356-04;B0 S,MTL-02356-04;B0,ASY-53727-127;A0,6DBR,00120,R,200,,REBABEO PARA MANEJO,100.0,0.0,1.0
North face - Components matrix 1.xlsx,Assy WC,MTL-02356-04;B0 S,MTL-02356-04;B0,ASY-53727-127;A0,6BRK,00140,R,302,,DOBLADORA AMADA,20.0,0.0,1.0
North face - Components matrix 1.xlsx,Assy WC,MTL-02356-04;B0 S,MTL-02356-04;B0,ASY-53727-127;A0,232625,00150,,,,MTL-02356-04 REV B0,0.0,5.0,1.0
North face - Components matrix 1.xlsx,Assy WC,MTL-02357-02;A0,MTL-02357-02;A0,ASY-53727-127;A0,6P20C,00110,R,300,,TROQUELADO,325.0,0.0,1.0
North face - Components matrix 1.xlsx,Assy WC,MTL-02357-02;A0 P,MTL-02357-02;A0,ASY-53727-127;A0,6P200,00110,R,300,,TROQUELADO,325.0,0.0,1.0
North face - Components matrix 1.xlsx,Assy WC,MTL-02357-02;A0 S,MTL-02357-02;A0,ASY-53727-127;A0,6N04,00110,R,102,,PUNZONADO EN TORRETA,750.0,0.0,1.0
North face - Components matrix 1.xlsx,Assy WC,MTL-02357-02;A0 S,MTL-02357-02;A0,ASY-53727-127;A0,6DBR,00120,R,200,,REBABEO PARA MANEJO,100.0,0.0,1.0
North face - Components matrix 1.xlsx,Assy WC,MTL-02357-02;A0 S,MTL-02357-02;A0,ASY-53727-127;A0,6BRK,00140,R,302,,DOBLADORA AMADA,300.0,0.0,1.0
North face - Components matrix 1.xlsx,Assy WC,MTL-02358-03;A3,MTL-02358-03;A3,ASY-53727-127;A0,6P20C,00110,R,300,,TROQUELADO,325.0,0.0,1.0
North face - Components matrix 1.xlsx,Assy WC,MTL-02358-03;A3,MTL-02358-03;A3,ASY-53727-127;A0,232625,00200,,,,MTL-02358-03 A3,0.0,5.0,1.0
North face - Components matrix 1.xlsx,Assy WC,MTL-02358-03;A3 P,MTL-02358-03;A3,ASY-53727-127;A0,6P200,00110,R,300,,TROQUELADO,325.0,0.0,1.0
North face - Components matrix 1.xlsx,Assy WC,MTL-02358-03;A3 P,MTL-02358-03;A3,ASY-53727-127;A0,232625,00200,,,,MTL-02358-03 A3,0.0,5.0,0.0
North face - Components matrix 1.xlsx,Assy WC,MTL-02358-03;A3 S,MTL-02358-03;A3,ASY-53727-127;A0,6N04,00110,R,102,,PUNZONADO EN TORRETA,700.0,0.0,1.0
North face - Components matrix 1.xlsx,Assy WC,MTL-02358-03;A3 S,MTL-02358-03;A3,ASY-53727-127;A0,6DBR,00120,R,200,,REBABEO PARA MANEJO,60.0,0.0,1.0
North face - Components matrix 1.xlsx,Assy WC,MTL-02358-03;A3 S,MTL-02358-03;A3,ASY-53727-127;A0,232625,00130,,,,MTL-02358-03 REV A3,0.0,5.0,1.0
North face - Components matrix 1.xlsx,Assy WC,MTL-02360-06;A0,MTL-02360-06;A0,ASY-53727-127;A0,6P20C,00110,R,300,,TROQUELADO,325.0,0.0,1.0
North face - Components matrix 1.xlsx,Assy WC,MTL-02360-06;A0 P,MTL-02360-06;A0,ASY-53727-127;A0,6P200,00110,R,300,,TROQUELADO,325.0,0.0,1.0
North face - Components matrix 1.xlsx,Assy WC,MTL-02360-06;A0 S,MTL-02360-06;A0,ASY-53727-127;A0,6N04,00110,R,102,,PUNZONADO EN TORRETA,364.0,0.0,1.0
North face - Components matrix 1.xlsx,Assy WC,MTL-02360-06;A0 S,MTL-02360-06;A0,ASY-53727-127;A0,6DBR,00120,R,200,,REBABEO PARA MANEJO,100.0,0.0,1.0
North face - Components matrix 1.xlsx,Assy WC,MTL-02360-06;A0 S,MTL-02360-06;A0,ASY-53727-127;A0,6BRK,00140,R,302,,DOBLADORA AMADA,156.0,0.0,1.0
North face - Components matrix 1.xlsx,Assy WC,MTL-02362-04;B0,MTL-02362-04;B0,ASY-53727-127;A0,6N04,00110,R,102,,PUNZONADO EN TORRETA,128.0,0.0,1.0
North face - Components matrix 1.xlsx,Assy WC,MTL-02362-04;B0,MTL-02362-04;B0,ASY-53727-127;A0,6DBR,00120,R,200,,REBABEO PARA MANEJO,100.0,0.0,1.0
North face - Components matrix 1.xlsx,Assy WC,MTL-02362-04;B0,MTL-02362-04;B0,ASY-53727-127;A0,BRK80,00140,R,302,,DOBLADORA AMADA,32.0,0.0,1.0
North face - Components matrix 1.xlsx,Assy WC,MTL-02362-04;B0,MTL-02362-04;B0,ASY-53727-127;A0,232625,00150,,,,MTL-02362-04 REV B0,0.0,7.0,1.0
North face - Components matrix 1.xlsx,Assy WC,MTL-02362-04;B0 P,MTL-02362-04;B0,ASY-53727-127;A0,6P250,00110,R,300,,TROQUELADO,325.0,0.0,1.0
North face - Components matrix 1.xlsx,Assy WC,MTL-02362-04;B0 P,MTL-02362-04;B0,ASY-53727-127;A0,6P250,00130,R,300,,TROQUELADO,275.0,0.0,1.0
North face - Components matrix 1.xlsx,Assy WC,MTL-02362-04;B0 P,MTL-02362-04;B0,ASY-53727-127;A0,6P200,00150,R,300,,TROQUELADO,275.0,0.0,1.0
North face - Components matrix 1.xlsx,Assy WC,MTL-02362-04;B0 P,MTL-02362-04;B0,ASY-53727-127;A0,6P200,00170,R,300,,TROQUELADO,275.0,0.0,1.0
North face - Components matrix 1.xlsx,Assy WC,MTL-02362-04;B0 P,MTL-02362-04;B0,ASY-53727-127;A0,6P200,00190,R,300,,TROQUELADO,275.0,0.0,1.0
North face - Components matrix 1.xlsx,Assy WC,MTL-02362-04;B0 P,MTL-02362-04;B0,ASY-53727-127;A0,736550,00200,,,,MTL-02362-04 REV B0,0.0,7.0,0.0
North face - Components matrix 1.xlsx,Assy WC,MTL-02362-04;B0 S,MTL-02362-04;B0,ASY-53727-127;A0,6N04,00110,R,102,,PUNZONADO EN TORRETA,128.0,0.0,1.0
North face - Components matrix 1.xlsx,Assy WC,MTL-02362-04;B0 S,MTL-02362-04;B0,ASY-53727-127;A0,6DBR,00120,R,200,,REBABEO PARA MANEJO,100.0,0.0,1.0
North face - Components matrix 1.xlsx,Assy WC,MTL-02362-04;B0 S,MTL-02362-04;B0,ASY-53727-127;A0,6BRK,00140,R,302,,DOBLADORA AMADA,32.0,0.0,1.0
North face - Components matrix 1.xlsx,Assy WC,MTL-02362-04;B0 S,MTL-02362-04;B0,ASY-53727-127;A0,232625,00150,,,,MTL-02362-04 REV B0,0.0,7.0,1.0
North face - Components matrix 1.xlsx,Assy WC,MTL-02363-03;A0,MTL-02363-03;A0,ASY-53727-127;A0,6N04,00110,R,102,,PUNZONADO EN TORRETA,230.0,0.0,1.0
North face - Components matrix 1.xlsx,Assy WC,MTL-02363-03;A0,MTL-02363-03;A0,ASY-53727-127;A0,6DBR,00120,R,200,,REBABEO PARA MANEJO,100.0,0.0,1.0
North face - Components matrix 1.xlsx,Assy WC,MTL-02363-03;A0,MTL-02363-03;A0,ASY-53727-127;A0,RG100,00140,R,302,,DOBLADORA AMADA,150.0,0.0,1.0
North face - Components matrix 1.xlsx,Assy WC,MTL-02363-03;A0 P,MTL-02363-03;A0,ASY-53727-127;A0,6P200,00110,R,300,,TROQUELADO,325.0,0.0,1.0
North face - Components matrix 1.xlsx,Assy WC,MTL-02363-03;A0 S,MTL-02363-03;A0,ASY-53727-127;A0,6N04,00110,R,102,,PUNZONADO EN TORRETA,230.0,0.0,1.0
North face - Components matrix 1.xlsx,Assy WC,MTL-02363-03;A0 S,MTL-02363-03;A0,ASY-53727-127;A0,6DBR,00120,R,200,,REBABEO PARA MANEJO,100.0,0.0,1.0
North face - Components matrix 1.xlsx,Assy WC,MTL-02363-03;A0 S,MTL-02363-03;A0,ASY-53727-127;A0,6BRK,00140,R,302,,DOBLADORA AMADA,150.0,0.0,1.0
North face - Components matrix 1.xlsx,Assy WC,MTL-02368-02;A0,MTL-02368-02;A0,ASY-53727-127;A0,6N03,00110,R,104,,CORTE LASER AMADA,295.0,0.0,1.0
North face - Components matrix 1.xlsx,Assy WC,MTL-02368-02;A0,MTL-02368-02;A0,ASY-53727-127;A0,6MACH,00130,R,112,,MAQUINADO,60.0,0.0,1.0
North face - Components matrix 1.xlsx,Assy WC,MTL-02368-02;A0,MTL-02368-02;A0,ASY-53727-127;A0,6BRK,00160,R,302,,DOBLADORA AMADA,400.0,0.0,1.0
North face - Components matrix 1.xlsx,Assy WC,MTL-02368-02;A0,MTL-02368-02;A0,ASY-53727-127;A0,232625,00170,,,,MTL-02368-02 REV A0,0.0,5.0,1.0
North face - Components matrix 1.xlsx,Assy WC,MTL-02434-01;A0,MTL-02434-01;A0,ASY-53727-127;A0,6P20C,00110,R,300,,TROQUELADO,325.0,0.0,1.0
North face - Components matrix 1.xlsx,Assy WC,MTL-02434-01;A0,MTL-02434-01;A0,ASY-53727-127;A0,6BRK,00140,R,302,,DOBLADORA AMADA,156.0,0.0,1.0
North face - Components matrix 1.xlsx,Assy WC,MTL-02434-01;A0 P,MTL-02434-01;A0,ASY-53727-127;A0,6P200,00110,R,300,,TROQUELADO,325.0,0.0,1.0
North face - Components matrix 1.xlsx,Assy WC,MTL-02434-01;A0 P,MTL-02434-01;A0,ASY-53727-127;A0,6BRK,00140,R,302,,DOBLADORA AMADA,156.0,0.0,1.0
North face - Components matrix 1.xlsx,Assy WC,MTL-02434-01;A0 S,MTL-02434-01;A0,ASY-53727-127;A0,6N03,00110,R,104,,CORTE LASER AMADA,87.0,0.0,1.0
North face - Components matrix 1.xlsx,Assy WC,MTL-02434-01;A0 S,MTL-02434-01;A0,ASY-53727-127;A0,6BRK,00140,R,302,,DOBLADORA AMADA,156.0,0.0,1.0
North face - Components matrix 1.xlsx,Assy WC,MTL-02738-01;A0,MTL-02738-01;A0,ASY-53727-127;A0,6N04,00110,R,102,,PUNZONADO EN TORRETA,156.0,0.0,1.0
North face - Components matrix 1.xlsx,Assy WC,MTL-02738-01;A0,MTL-02738-01;A0,ASY-53727-127;A0,6DBR,00120,R,200,,REBABEO PARA MANEJO,100.0,0.0,1.0
North face - Components matrix 1.xlsx,Assy WC,MTL-02738-01;A0,MTL-02738-01;A0,ASY-53727-127;A0,6BRK,00140,R,302,,DOBLADORA AMADA,250.0,0.0,1.0
North face - Components matrix 1.xlsx,Assy WC,MTL-02844-02;A0,MTL-02844-02;A0,ASY-53727-127;A0,6P20C,00110,R,300,,TROQUELADO,325.0,0.0,1.0
North face - Components matrix 1.xlsx,Assy WC,MTL-02844-02;A0,MTL-02844-02;A0,ASY-53727-127;A0,6P200,00130,R,300,,TROQUELADO,100.0,0.0,1.0
North face - Components matrix 1.xlsx,Assy WC,MTL-02844-02;A0,MTL-02844-02;A0,ASY-53727-127;A0,232625,00200,,,,MTL-02844-02 REV A0,0.0,5.0,1.0
North face - Components matrix 1.xlsx,Assy WC,MTL-02844-02;A0 P,MTL-02844-02;A0,ASY-53727-127;A0,6P200,00110,R,300,,TROQUELADO,325.0,0.0,1.0
North face - Components matrix 1.xlsx,Assy WC,MTL-02844-02;A0 P,MTL-02844-02;A0,ASY-53727-127;A0,6P200,00130,R,300,,TROQUELADO,100.0,0.0,1.0
North face - Components matrix 1.xlsx,Assy WC,MTL-02844-02;A0 P,MTL-02844-02;A0,ASY-53727-127;A0,232625,00200,,,,MTL-02844-02 REV A0,0.0,5.0,0.0
North face - Components matrix 1.xlsx,Assy WC,MTL-02844-02;A0 S,MTL-02844-02;A0,ASY-53727-127;A0,6N03,00110,R,104,,CORTE LASER AMADA,120.0,0.0,1.0
North face - Components matrix 1.xlsx,Assy WC,MTL-02844-02;A0 S,MTL-02844-02;A0,ASY-53727-127;A0,6BRG,00140,R,303,,ESTAMPADO DE NUMERO DE,250.0,0.0,1.0
North face - Components matrix 1.xlsx,Assy WC,MTL-02844-02;A0 S,MTL-02844-02;A0,ASY-53727-127;A0,6BRK,00160,R,302,,DOBLADORA AMADA,70.0,0.0,1.0
North face - Components matrix 1.xlsx,Assy WC,MTL-02844-02;A0 S,MTL-02844-02;A0,ASY-53727-127;A0,232625,00170,,,,MTL-02844-02 REV A0,0.0,5.0,1.0
North face - Components matrix 1.xlsx,Assy WC,MTL-03292-01;A0,MTL-03292-01;A0,ASY-53727-127;A0,6N03,00110,R,104,,CORTE LASER AMADA,225.0,0.0,0.0
North face - Components matrix 1.xlsx,Assy WC,MTL-03292-01;A0,MTL-03292-01;A0,ASY-53727-127;A0,6DBR,00120,R,200,,REBABEO PARA MANEJO,100.0,0.0,1.0
North face - Components matrix 1.xlsx,Assy WC,MTL-03292-01;A0,MTL-03292-01;A0,ASY-53727-127;A0,465250,00130,,,,MTL-03292-01;A0,0.0,0.0,0.0
North face - Components matrix 1.xlsx,Assy WC,MTL-03292-01;A0,MTL-03292-01;A0,ASY-53727-127;A0,6BRK,00160,R,302,,DOBLADORA AMADA,200.0,0.0,1.0
North face - Components matrix 1.xlsx,Assy WC,MTL-03292-01;A0,MTL-03292-01;A0,ASY-53727-127;A0,232625,00170,,,,MTL-03292-01 REV A0,0.0,5.0,0.0
North face - Components matrix 1.xlsx,Assy WC,MTL-03527-04;A0,MTL-03527-04;A0,ASY-53727-127;A0,6P20C,00110,R,300,,TROQUELADO,325.0,0.0,1.0
North face - Components matrix 1.xlsx,Assy WC,MTL-03527-04;A0,MTL-03527-04;A0,ASY-53727-127;A0,6DBR,00120,R,200,,REBABEO PARA MANEJO,120.0,0.0,1.0
North face - Components matrix 1.xlsx,Assy WC,MTL-03527-04;A0,MTL-03527-04;A0,ASY-53727-127;A0,6INS,00121,R,982,,INSPECCION ANTES DE,0.0,0.0,1.0
North face - Components matrix 1.xlsx,Assy WC,MTL-03527-04;A0,MTL-03527-04;A0,ASY-53727-127;A0,232625,00200,,,,MTL-03527-04 REV A0,0.0,5.0,0.0
North face - Components matrix 1.xlsx,Assy WC,MTL-03527-04;A0 P,MTL-03527-04;A0,ASY-53727-127;A0,6P200,00110,R,300,,TROQUELADO,325.0,0.0,1.0
North face - Components matrix 1.xlsx,Assy WC,MTL-03527-04;A0 S,MTL-03527-04;A0,ASY-53727-127;A0,6N04,00110,R,102,,PUNZONADO EN TORRETA,100.0,0.0,1.0
North face - Components matrix 1.xlsx,Assy WC,MTL-03527-04;A0 S,MTL-03527-04;A0,ASY-53727-127;A0,6DBR,00120,R,200,,REBABEO PARA MANEJO,120.0,0.0,1.0
North face - Components matrix 1.xlsx,Assy WC,MTL-03527-04;A0 S,MTL-03527-04;A0,ASY-53727-127;A0,232625,00200,,,,MTL-03527-04 REV A0,0.0,5.0,1.0
North face - Components matrix 1.xlsx,Assy WC,MTL-03528-05;A0,MTL-03528-05;A0,ASY-53727-127;A0,6P25C,00110,R,300,,TROQUELADO,325.0,0.0,1.0
North face - Components matrix 1.xlsx,Assy WC,MTL-03528-05;A0,MTL-03528-05;A0,ASY-53727-127;A0,6DBR,00120,R,200,,REBABEO DE FILOS,120.0,0.0,1.0
North face - Components matrix 1.xlsx,Assy WC,MTL-03528-05;A0,MTL-03528-05;A0,ASY-53727-127;A0,6P200,00140,R,300,,TROQUELADO,275.0,0.0,1.0
North face - Components matrix 1.xlsx,Assy WC,MTL-03528-05;A0,MTL-03528-05;A0,ASY-53727-127;A0,6INS,00141,R,982,,INSPECCION ANTES DE,0.0,0.0,1.0
North face - Components matrix 1.xlsx,Assy WC,MTL-03528-05;A0,MTL-03528-05;A0,ASY-53727-127;A0,232625,00150,,,,MTL-03528-05 REV A0,0.0,5.0,0.0
North face - Components matrix 1.xlsx,Assy WC,MTL-03528-05;A0 P,MTL-03528-05;A0,ASY-53727-127;A0,6P250,00110,R,300,,TROQUELADO,325.0,0.0,1.0
North face - Components matrix 1.xlsx,Assy WC,MTL-03528-05;A0 P,MTL-03528-05;A0,ASY-53727-127;A0,6P200,00130,R,300,,TROQUELADO,275.0,0.0,1.0
North face - Components matrix 1.xlsx,Assy WC,MTL-03528-05;A0 S,MTL-03528-05;A0,ASY-53727-127;A0,6N04,00110,R,102,,PUNZONADO EN TORRETA,176.0,0.0,1.0
North face - Components matrix 1.xlsx,Assy WC,MTL-03528-05;A0 S,MTL-03528-05;A0,ASY-53727-127;A0,6DBR,00120,R,200,,REBABEO PARA MANEJO,120.0,0.0,1.0
North face - Components matrix 1.xlsx,Assy WC,MTL-03528-05;A0 S,MTL-03528-05;A0,ASY-53727-127;A0,6BRK,00140,R,302,,DOBLADORA AMADA,300.0,0.0,1.0
North face - Components matrix 1.xlsx,Assy WC,MTL-03528-05;A0 S,MTL-03528-05;A0,ASY-53727-127;A0,232625,00200,,,,MTL-03528-05 REV A0,0.0,5.0,1.0
North face - Components matrix 1.xlsx,Assy WC,MTL-03529-05;B0,MTL-03529-05;B0,ASY-53727-127;A0,6P20C,00110,R,300,,TROQUELADO,325.0,0.0,1.0
North face - Components matrix 1.xlsx,Assy WC,MTL-03529-05;B0,MTL-03529-05;B0,ASY-53727-127;A0,232625,00200,,,,MTL-03529-05 REV B0,0.0,5.0,1.0
North face - Components matrix 1.xlsx,Assy WC,MTL-03529-05;B0 P,MTL-03529-05;B0,ASY-53727-127;A0,6P200,00110,R,300,,TROQUELADO,325.0,0.0,1.0
North face - Components matrix 1.xlsx,Assy WC,MTL-03529-05;B0 P,MTL-03529-05;B0,ASY-53727-127;A0,232625,00200,,,,MTL-03529-05 REV B0,0.0,5.0,0.0
North face - Components matrix 1.xlsx,Assy WC,MTL-03529-05;B0 S,MTL-03529-05;B0,ASY-53727-127;A0,6N04,00110,R,102,,PUNZONADO EN TORRETA,110.0,0.0,1.0
North face - Components matrix 1.xlsx,Assy WC,MTL-03529-05;B0 S,MTL-03529-05;B0,ASY-53727-127;A0,6BATC,00130,R,302,,DOBLADORA AMADA,89.0,0.0,1.0
North face - Components matrix 1.xlsx,Assy WC,MTL-03529-05;B0 S,MTL-03529-05;B0,ASY-53727-127;A0,232625,00200,,,,MTL-03529-05 REV B0,0.0,5.0,1.0
North face - Components matrix 1.xlsx,Assy WC,MTL-03552-04;A0,MTL-03552-04;A0,ASY-53727-127;A0,6P25C,00110,R,300,,TROQUELADO,325.0,0.0,1.0
North face - Components matrix 1.xlsx,Assy WC,MTL-03552-04;A0,MTL-03552-04;A0,ASY-53727-127;A0,6P200,00130,R,300,,TROQUELADO,275.0,0.0,1.0
North face - Components matrix 1.xlsx,Assy WC,MTL-03552-04;A0,MTL-03552-04;A0,ASY-53727-127;A0,232625,00200,,,,MTL-03552-04 REV A0,0.0,5.0,1.0
North face - Components matrix 1.xlsx,Assy WC,MTL-03552-04;A0 P,MTL-03552-04;A0,ASY-53727-127;A0,6P250,00110,R,300,,TROQUELADO,325.0,0.0,1.0
North face - Components matrix 1.xlsx,Assy WC,MTL-03552-04;A0 P,MTL-03552-04;A0,ASY-53727-127;A0,6P200,00130,R,300,,TROQUELADO,275.0,0.0,1.0
North face - Components matrix 1.xlsx,Assy WC,MTL-03552-04;A0 P,MTL-03552-04;A0,ASY-53727-127;A0,232625,00200,,,,MTL-03552-04 REV A0,0.0,5.0,0.0
North face - Components matrix 1.xlsx,Assy WC,MTL-03552-04;A0 S,MTL-03552-04;A0,ASY-53727-127;A0,6N04,00110,R,102,,PUNZONADO EN TORRETA,176.0,0.0,1.0
North face - Components matrix 1.xlsx,Assy WC,MTL-03552-04;A0 S,MTL-03552-04;A0,ASY-53727-127;A0,6DBR,00120,R,200,,REBABEO PARA MANEJO,120.0,0.0,1.0
North face - Components matrix 1.xlsx,Assy WC,MTL-03552-04;A0 S,MTL-03552-04;A0,ASY-53727-127;A0,6BRK,00140,R,302,,DOBLADORA AMADA,300.0,0.0,1.0
North face - Components matrix 1.xlsx,Assy WC,MTL-03552-04;A0 S,MTL-03552-04;A0,ASY-53727-127;A0,232625,00200,,,,MTL-03552-04 REV A0,0.0,5.0,1.0
North face - Components matrix 1.xlsx,Assy WC,MTL-03664-05;B0,MTL-03664-05;B0,ASY-53727-127;A0,6N04,00110,R,102,,PUNZONADO EN TORRETA,15.0,0.0,1.0
North face - Components matrix 1.xlsx,Assy WC,MTL-03664-05;B0,MTL-03664-05;B0,ASY-53727-127;A0,6DBR,00120,R,200,,REBABEO PARA MANEJO,60.0,0.0,1.0
North face - Components matrix 1.xlsx,Assy WC,MTL-03664-05;B0,MTL-03664-05;B0,ASY-53727-127;A0,BR130,00140,R,302,,DOBLADORA AMADA,16.0,0.0,1.0
North face - Components matrix 1.xlsx,Assy WC,MTL-03664-05;B0,MTL-03664-05;B0,ASY-53727-127;A0,6INS,00141,R,982,,INSPECCION ANTES DE,0.0,0.0,1.0
North face - Components matrix 1.xlsx,Assy WC,MTL-03664-05;B0,MTL-03664-05;B0,ASY-53727-127;A0,232625,00200,,,,MTL-03664-05 REV B0,0.0,5.0,1.0
North face - Components matrix 1.xlsx,Assy WC,MTL-03697-01;A0,MTL-03697-01;A0,ASY-53727-127;A0,6N03,00110,R,104,,CORTE LASER AMADA,70.0,0.0,0.0
North face - Components matrix 1.xlsx,Assy WC,MTL-03697-01;A0,MTL-03697-01;A0,ASY-53727-127;A0,6BRK,00130,R,302,,DOBLADORA AMADA,150.0,0.0,1.0
North face - Components matrix 1.xlsx,Assy WC,MTL-03975-01;A1,MTL-03975-01;A1,ASY-53727-127;A0,6N04,00110,R,102,,PUNZONADO EN TORRETA,43.5,0.0,1.0
North face - Components matrix 1.xlsx,Assy WC,MTL-03975-01;A1,MTL-03975-01;A1,ASY-53727-127;A0,6DBR,00120,R,200,,REBABEO PARA MANEJO,100.0,0.0,1.0
North face - Components matrix 1.xlsx,Assy WC,MTL-03975-01;A1,MTL-03975-01;A1,ASY-53727-127;A0,6BRK,00140,R,302,,DOBLADORA AMADA,79.0,0.0,1.0
North face - Components matrix 1.xlsx,Assy WC,MTL-03976-01;B0,MTL-03976-01;B0,ASY-53727-127;A0,6P25C,00110,R,300,,TROQUELADO,350.0,0.0,1.0
North face - Components matrix 1.xlsx,Assy WC,MTL-03976-01;B0,MTL-03976-01;B0,ASY-53727-127;A0,6P250,00130,R,300,,TROQUELADO,300.0,0.0,1.0
North face - Components matrix 1.xlsx,Assy WC,MTL-03976-01;B0,MTL-03976-01;B0,ASY-53727-127;A0,6P250,00150,R,300,,TROQUELADO,350.0,0.0,1.0
North face - Components matrix 1.xlsx,Assy WC,MTL-03976-01;B0,MTL-03976-01;B0,ASY-53727-127;A0,6P250,00170,R,300,,TROQUELADO,350.0,0.0,1.0
North face - Components matrix 1.xlsx,Assy WC,MTL-03976-01;B0 P,MTL-03976-01;B0,ASY-53727-127;A0,6P250,00110,R,300,,TROQUELADO,350.0,0.0,1.0
North face - Components matrix 1.xlsx,Assy WC,MTL-03976-01;B0 P,MTL-03976-01;B0,ASY-53727-127;A0,6P250,00130,R,300,,TROQUELADO,300.0,0.0,1.0
North face - Components matrix 1.xlsx,Assy WC,MTL-03976-01;B0 P,MTL-03976-01;B0,ASY-53727-127;A0,6P250,00150,R,300,,TROQUELADO,350.0,0.0,1.0
North face - Components matrix 1.xlsx,Assy WC,MTL-03976-01;B0 P,MTL-03976-01;B0,ASY-53727-127;A0,6P250,00170,R,300,,TROQUELADO,350.0,0.0,1.0
North face - Components matrix 1.xlsx,Assy WC,MTL-03976-01;B0 S,MTL-03976-01;B0,ASY-53727-127;A0,6N043,00110,R,102,,PUNZONADO EN TORRETA,60.0,0.0,1.0
North face - Components matrix 1.xlsx,Assy WC,MTL-03976-01;B0 S,MTL-03976-01;B0,ASY-53727-127;A0,6DBR,00120,R,200,,REBABEO PARA MANEJO,120.0,0.0,1.0
North face - Components matrix 1.xlsx,Assy WC,MTL-03976-01;B0 S,MTL-03976-01;B0,ASY-53727-127;A0,6BRK,00140,R,302,,DOBLADORA AMADA,15.0,0.0,1.0
North face - Components matrix 1.xlsx,Assy WC,MTL-03976-01;B0 S,MTL-03976-01;B0,ASY-53727-127;A0,,00150,R,,,,0.0,0.0,1.0
North face - Components matrix 1.xlsx,Assy WC,MTL-03977-01;A0,MTL-03977-01;A0,ASY-53727-127;A0,6P25C,00110,R,300,,TROQUELADO,325.0,0.0,1.0
North face - Components matrix 1.xlsx,Assy WC,MTL-03977-01;A0 P,MTL-03977-01;A0,ASY-53727-127;A0,6P250,00110,R,300,,TROQUELADO,325.0,0.0,1.0
North face - Components matrix 1.xlsx,Assy WC,MTL-03977-01;A0 P,MTL-03977-01;A0,ASY-53727-127;A0,6P250,00130,R,300,,TROQUELADO,275.0,0.0,1.0
North face - Components matrix 1.xlsx,Assy WC,MTL-03977-01;A0 P,MTL-03977-01;A0,ASY-53727-127;A0,6P200,00150,R,300,,TROQUELADO,275.0,0.0,1.0
North face - Components matrix 1.xlsx,Assy WC,MTL-03977-01;A0 P,MTL-03977-01;A0,ASY-53727-127;A0,6P200,00170,R,300,,TROQUELADO,275.0,0.0,1.0
North face - Components matrix 1.xlsx,Assy WC,MTL-03977-01;A0 S,MTL-03977-01;A0,ASY-53727-127;A0,6N043,00110,R,102,,PUNZONADO EN TORRETA,64.0,0.0,1.0
North face - Components matrix 1.xlsx,Assy WC,MTL-03977-01;A0 S,MTL-03977-01;A0,ASY-53727-127;A0,6DBR,00120,R,200,,REBABEO PARA MANEJO,120.0,0.0,1.0
North face - Components matrix 1.xlsx,Assy WC,MTL-03977-01;A0 S,MTL-03977-01;A0,ASY-53727-127;A0,6BRK,00140,R,302,,DOBLADORA AMADA,160.0,0.0,1.0
North face - Components matrix 1.xlsx,Assy WC,MTL-05286-01;A0,MTL-05286-01;A0,ASY-53727-127;A0,6N03,00110,R,104,,CORTE LASER AMADA,542.0,0.0,1.0
North face - Components matrix 1.xlsx,Assy WC,MTL-05286-01;A0,MTL-05286-01;A0,ASY-53727-127;A0,6DBR,00120,R,200,,REBABEO PARA MANEJO,120.0,0.0,1.0
North face - Components matrix 1.xlsx,Assy WC,MTL-05286-01;A0,MTL-05286-01;A0,ASY-53727-127;A0,6BRK,00140,R,302,,DOBLADORA AMADA,250.0,0.0,1.0
North face - Components matrix 1.xlsx,Assy WC,MTL-05286-01;A0,MTL-05286-01;A0,ASY-53727-127;A0,6BRK,00160,R,302,,DOBLADORA AMADA,55.0,0.0,1.0
SKYLINBEMATRIX.xlsx,assy_wc,ASY-03278-05;A0,,ASY-54577-110;A0,6AARI,00110,R,,,ENSAMBLE SEGUN DIBUJO,8.0,,1.0
SKYLINBEMATRIX.xlsx,assy_wc,ASY-04138-02;A0,,ASY-54577-110;A0,6ASAN,00100,R,,,ENSAMBLE SEGUN DIBUJO,120.0,,1.0
SKYLINBEMATRIX.xlsx,assy_wc,ASY-04511-04;A0,,ASY-54577-110;A0,6AARI,00110,R,,,ENSAMBLE,14.0,,1.0
SKYLINBEMATRIX.xlsx,assy_wc,ASY-04513-03;A0,,ASY-54577-110;A0,6AARI,00110,R,,,ENSAMBLE SEGUN DIBUJO,4.0,,1.0
SKYLINBEMATRIX.xlsx,assy_wc,ASY-04524-07;A0,,ASY-54577-110;A0,6AARI,00110,R,,,ENSAMBLE SEGUN DIBUJO,0.23,,4.0
SKYLINBEMATRIX.xlsx,assy_wc,ASY-04527-05;A0,,ASY-54577-110;A0,6ASB,00110,R,,,ENSAMBLE SEGUN DIBUJO,7.75,,2.0
SKYLINBEMATRIX.xlsx,assy_wc,ASY-04538-02;A0,,ASY-54577-110;A0,6AARI,00110,R,,,ENSAMBLE SEGUN DIBUJO,35.0,,1.0
SKYLINBEMATRIX.xlsx,assy_wc,ASY-04547-04;A0,,ASY-54577-110;A0,6AARI,00110,R,,,Ensamble,5.87,,1.0
SKYLINBEMATRIX.xlsx,assy_wc,ASY-04555-05;A0,,ASY-54577-110;A0,6AARI,00110,R,,,ENSAMBLE SEGUN DIBUJO,0.65,,3.0
SKYLINBEMATRIX.xlsx,assy_wc,ASY-04556-03;A0,,ASY-54577-110;A0,6ASB,00170,R,,,ENSAMBLE SEGUN DIBUJO,60.0,,1.0
SKYLINBEMATRIX.xlsx,assy_wc,ASY-04559-03;A0,,ASY-54577-110;A0,6AARI,00110,R,,,ENSAMBLE SEGUN DIBUJO,15.0,,4.0
SKYLINBEMATRIX.xlsx,assy_wc,ASY-04567-04;A0,,ASY-54577-110;A0,6ASB,00150,R,,,ENSAMBLE SEGUN DIBUJO,75.0,,1.0
SKYLINBEMATRIX.xlsx,assy_wc,ASY-04572-05;A0,,ASY-54577-110;A0,6AARI,00110,R,,,ENSAMBLE SEGUN DIBUJO,1.75,,1.0
SKYLINBEMATRIX.xlsx,assy_wc,ASY-04574-02;A0,,ASY-54577-110;A0,6AARI,00100,R,,,ENSAMBLE SEGUN DIBUJO,58.0,,1.0
SKYLINBEMATRIX.xlsx,assy_wc,ASY-04576-05;A0,,ASY-54577-110;A0,6AARI,00110,R,,,ENSAMBLE SEGUN DIBUJO,1.5,,2.0
SKYLINBEMATRIX.xlsx,assy_wc,ASY-04577-10;A0,,ASY-54577-110;A0,6AARI,00110,R,,,ENSAMBLE SEGUN DIBUJO,0.475,,2.0
SKYLINBEMATRIX.xlsx,assy_wc,ASY-04577-10;A0,,ASY-54577-110;A0,6AARI,00400,R,,,PRUEBA EN EL CUARTO,0.28,,2.0
SKYLINBEMATRIX.xlsx,assy_wc,ASY-04587-02;A0,,ASY-54577-110;A0,6AARI,00100,R,,,ENSAMBLE SEGUN DIBUJO,58.0,,1.0
SKYLINBEMATRIX.xlsx,assy_wc,ASY-04780-05;B0,,ASY-54577-110;A0,6AARI,00120,R,,,ENSAMBLE SEGUN DIBUJO,37.5,,1.0
SKYLINBEMATRIX.xlsx,assy_wc,ASY-05275-01;A0,,ASY-54577-110;A0,6AARI,00110,R,,,ENSAMBLE SEGUN DIBUJO,10.0,,1.0
SKYLINBEMATRIX.xlsx,assy_wc,ASY-05341-02;A0,,ASY-54577-110;A0,6AARI,00110,R,,,Ensamble,14.25,,1.0
SKYLINBEMATRIX.xlsx,assy_wc,ASY-05445-02;A0,,ASY-54577-110;A0,6ASB,00150,R,,,Ensamble,43.0,,1.0
SKYLINBEMATRIX.xlsx,assy_wc,ASY-05446-03;A0,,ASY-54577-110;A0,6ASB,00150,R,,,Ensamble,43.0,,1.0
SKYLINBEMATRIX.xlsx,assy_wc,ASY-05450-03;A0,,ASY-54577-110;A0,6AARI,00110,R,,,ENSAMBLE SEGUN DIBUJO,111.0,,1.0
SKYLINBEMATRIX.xlsx,assy_wc,ASY-05451-03;A0,,ASY-54577-110;A0,6ASB,00160,R,,,ENSAMBLE SEGUN DIBUJO,175.0,,1.0
SKYLINBEMATRIX.xlsx,assy_wc,ASY-05464-02;A0,,ASY-54577-110;A0,6ASB,00160,R,,,ENSAMBLE SEGUN DIBUJO,175.0,,1.0
SKYLINBEMATRIX.xlsx,assy_wc,ASY-05571-04;C0,,ASY-54577-110;A0,6AARI,00110,R,,,Ensamble,5.0,,1.0
SKYLINBEMATRIX.xlsx,assy_wc,ASY-05880-01;A0,,ASY-54577-110;A0,6AARI,00100,R,,,ENSAMBLE,15.0,,1.0
SKYLINBEMATRIX.xlsx,assy_wc,ASY-05882-01;A0,,ASY-54577-110;A0,6AARI,00100,R,,,ENSAMBLE,15.0,,1.0
SKYLINBEMATRIX.xlsx,assy_wc,ASY-08774-01;A0,,ASY-54577-110;A0,6AARI,00110,R,,,ENSAMBLE,6.0,,1.0
SKYLINBEMATRIX.xlsx,assy_wc,ASY-54577-110;A0,,ASY-54577-110;A0,6AARI,00100,R,,,ENSAMBLE SEGUN DIBUJO,2.0,,2.0
