Process Sheet Number,EndItemPartNumber,Parent:,Work Center/Vendor,Description 1,Description 2,Step Number,Run/Setup,Operation Code,Component Part Number,Description 11,Description 21,Standard Rate,Lead Time,Crew Size,Overlap Step Number,Overlap Quantity
ASY-03128-24;A0,ASY-03128-24;A0,ASY-53727-127;A0,6AARI,JCG 20 08 24,,00110,R,801  ,,ENSAMBLE SEGUN DIBUJO,,0.667,0,4,,0
ASY-03131-08;C0,ASY-03131-08;C0,ASY-53727-127;A0,6AARI ,JCG 05 28 20,,00100,R,801  ,,ENSAMBLE SEGUN DIBUJO,,1.25,0,1,,0
ASY-03135-03;A0,ASY-03135-03;A0,ASY-53727-127;A0,6N02  ,KSS 05 14 19,,00110,R,102  ,,PUNZONADO EN TORRETA,,57,0,1,,0
ASY-03135-03;A0,ASY-03135-03;A0,ASY-53727-127;A0,6DBR ,KSS 05 14 19,,00120,R,200  ,,REBABEO PARA MANEJO, SEGURO,100,0,1,,0
ASY-03135-03;A0,ASY-03135-03;A0,ASY-53727-127;A0,6BRK ,KSS 05 14 19,,00140,R,302  ,,DOBLADORA AMADA,,250,0,1,,0
ASY-03135-03;A0,ASY-03135-03;A0,ASY-53727-127;A0,6APEM ,KSS 05 14 19,,00160,R,400  ,,INSERCION DE PEM,FEOX-M3(11X),11,0,1,,0
ASY-03136-03;A0,ASY-03136-03;A0,ASY-53727-127;A0,6N045 ,KSS 01 23 19,,00110,R,102  ,,PUNZONADO EN TORRETA,,55,0,1,,0
ASY-03136-03;A0,ASY-03136-03;A0,ASY-53727-127;A0,6DBR  ,KSS 01 23 19,,00120,R,200  ,,REBABEO PARA MANEJO, SEGURO,100,0,1,,0
ASY-03136-03;A0,ASY-03136-03;A0,ASY-53727-127;A0,6BRK  ,KSS 01 23 19,,00140,R,302  ,,DOBLADORA AMADA,,25,0,1,,0
ASY-03136-03;A0,ASY-03136-03;A0,ASY-53727-127;A0,6APEM ,KSS 01 23 19,,00160,R,400  ,,INSERCION DE PEM,CLS-M3-1 (11X),20,0,1,,0
ASY-03137-03;A0,ASY-03137-03;A0,ASY-53727-127;A0,6N04  ,KSS 01 23 19,,00110,R,102  ,,PUNZONADO EN TORRETA,,44,0,1,,0
ASY-03137-03;A0,ASY-03137-03;A0,ASY-53727-127;A0,6DBR  ,KSS 01 23 19,,00120,R,200  ,,REBABEO PARA MANEJO, SEGURO,100,0,1,,0
ASY-03137-03;A0,ASY-03137-03;A0,ASY-53727-127;A0,6BRK  ,KSS 01 23 19,,00140,R,302  ,,DOBLADORA AMADA,,25,0,1,,0
ASY-03137-03;A0,ASY-03137-03;A0,ASY-53727-127;A0,6APEM ,KSS 01 23 19,,00160,R,400  ,,INSERCION DE PEM,MECH-05243,200,0,1,,0
ASY-03137-03;A0,ASY-03137-03;A0,ASY-53727-127;A0,6APEM ,KSS 01 23 19,,00180,R,400  ,,INSERCION DE PEM,CLS-M4-1 (4X),62,0,1,,0
ASY-03137-03;A0,ASY-03137-03;A0,ASY-53727-127;A0,6APEM ,KSS 01 23 19,,00200,R,400  ,,INSERCION DE PEM,CLS-M3-1(11X),23,0,1,,0
ASY-03138-03;A0,ASY-03138-03;A0,ASY-53727-127;A0,6N04  ,JCG 10 28 20,,00110,R,102  ,,PUNZONADO EN TORRETA,,76,0,1,,0
ASY-03138-03;A0,ASY-03138-03;A0,ASY-53727-127;A0,6DBR  ,JCG 10 28 20,,00120,R,200  ,,REBABEO PARA MANEJO, SEGURO,100,0,1,,0
ASY-03138-03;A0,ASY-03138-03;A0,ASY-53727-127;A0,6BRK  ,JCG 10 28 20,,00140,R,302  ,,DOBLADORA AMADA,,40,0,1,,0
ASY-03138-03;A0,ASY-03138-03;A0,ASY-53727-127;A0,6APEM ,JCG 10 28 20,,00160,R,400  ,,INSERCION DE PEM, CLS-M3-1 (6X),20,0,1,,0
ASY-03139-03;A0,ASY-03139-03;A0,ASY-53727-127;A0,6N04  ,KSS 01 23 19,,00110,R,102  ,,PUNZONADO EN TORRETA,,48,0,1,,0
ASY-03139-03;A0,ASY-03139-03;A0,ASY-53727-127;A0,6DBR  ,KSS 01 23 19,,00120,R,200  ,,REBABEO PARA MANEJO, SEGURO,100,0,1,,0
ASY-03139-03;A0,ASY-03139-03;A0,ASY-53727-127;A0,6BRK  ,KSS 01 23 19,,00140,R,302  ,,DOBLADORA AMADA,,25,0,1,,0
ASY-03139-03;A0,ASY-03139-03;A0,ASY-53727-127;A0,6APEM ,KSS 01 23 19,,00160,R,400  ,,INSERCION DE PEM,MECH-05243,120,0,1,,0
ASY-03139-03;A0,ASY-03139-03;A0,ASY-53727-127;A0,6APEM ,KSS 01 23 19,,00180,R,400  ,,INSERCION DE PEM,CLS-M4-1 (4X),30,0,1,,0
ASY-03143-06;A0,ASY-03143-06;A0,ASY-53727-127;A0,6N041 ,JCG 11 09 19,,00110,R,102  ,,PUNZONADO EN TORRETA,,36,0,1,,0
ASY-03143-06;A0,ASY-03143-06;A0,ASY-53727-127;A0,6DBR ,JCG 11 09 19,,00120,R,200  ,,REBABEO PARA MANEJO, SEGURO,100,0,1,,0
ASY-03143-06;A0,ASY-03143-06;A0,ASY-53727-127;A0,6BRK  ,JCG 11 09 19,,00140,R,302  ,,DOBLADORA AMADA,,25,0,1,,0
ASY-03143-06;A0,ASY-03143-06;A0,ASY-53727-127;A0,6APEM ,JCG 11 09 19,,00160,R,400  ,,INSERCION DE PEM, CLS-M3-0 (9X),22,0,1,,0
ASY-03143-06;A0,ASY-03143-06;A0,ASY-53727-127;A0,6APEM ,JCG 11 09 19,,00180,R,400  ,,INSERCION DE PEM,  PEM GPSS-M3-6 (6),40,0,1,,0
ASY-03145-02;A0,ASY-03145-02;A0,ASY-53727-127;A0,6N042 ,JCG 11 09 19,,00110,R,102  ,,PUNZONADO EN TORRETA,,100,0,1,,0
ASY-03145-02;A0,ASY-03145-02;A0,ASY-53727-127;A0,6DBR ,JCG 11 09 19,,00120,R,200  ,,REBABEO PARA MANEJO, SEGURO,100,0,1,,0
ASY-03145-02;A0,ASY-03145-02;A0,ASY-53727-127;A0,6BRK ,JCG 11 09 19,,00140,R,302  ,,DOBLADORA AMADA,,44.25,0,1,,0
ASY-03145-02;A0,ASY-03145-02;A0,ASY-53727-127;A0,6APEM ,JCG 11 09 19,,00160,R,400  ,,INSERCION DE PEM,CLS-M3-1 (2X),60,0,1,,0
ASY-03152-06;A0,ASY-03152-06;A0,ASY-53727-127;A0,6N042 ,JCG 11 10 19,,00110,R,102  ,,PUNZONADO EN TORRETA, CON ALIMENTADOR,24,0,1,,0
ASY-03152-06;A0,ASY-03152-06;A0,ASY-53727-127;A0,6DBR ,JCG 11 10 19,,00120,R,200  ,,REBABEO PARA MANEJO, SEGURO,100,0,1,,0
ASY-03152-06;A0,ASY-03152-06;A0,ASY-53727-127;A0,6BRK ,JCG 11 10 19,,00140,R,302  ,,DOBLADORA AMADA,,60,0,1,,0
ASY-03152-06;A0,ASY-03152-06;A0,ASY-53727-127;A0,6APEM ,JCG 11 10 19,,00160,R,400  ,,INSERCION DE PEM,  PEM MECH-02384-02,120,0,1,,0
ASY-03152-06;A0,ASY-03152-06;A0,ASY-53727-127;A0,6APEM ,JCG 11 10 19,,00180,R,400  ,,INSERCION DE PEM, GPSS-M3-6-P (2X),60,0,1,,0
ASY-03152-06;A0,ASY-03152-06;A0,ASY-53727-127;A0,6APEM ,JCG 11 10 19,,00200,R,400  ,,INSERCION DE PEM, CLS-M4-1 (2X),60,0,1,,0
ASY-03153-05;A0,ASY-03153-05;A0,ASY-53727-127;A0,6N042 ,JCG 11 10 19,,00110,R,102  ,,PUNZONADO EN TORRETA, CON CARGADOR,24,0,1,,0
ASY-03153-05;A0,ASY-03153-05;A0,ASY-53727-127;A0,6DBR ,JCG 11 10 19,,00120,R,200  ,,REBABEO PARA MANEJO, SEGURO,100,0,1,,0
ASY-03153-05;A0,ASY-03153-05;A0,ASY-53727-127;A0,6BRK ,JCG 11 10 19,,00140,R,302  ,,DOBLADORA AMADA,,60,0,1,,0
ASY-03153-05;A0,ASY-03153-05;A0,ASY-53727-127;A0,6APEM ,JCG 11 10 19,,00160,R,400  ,,INSERCION DE PEM, MECH-02384-02,150,0,1,,0
ASY-03153-05;A0,ASY-03153-05;A0,ASY-53727-127;A0,6APEM ,JCG 11 10 19,,00180,R,400  ,,INSERCION DE PEM,GPSS-M3-6-P (2X),80,0,1,,0
ASY-03153-05;A0,ASY-03153-05;A0,ASY-53727-127;A0,6APEM ,JCG 11 10 19,,00200,R,400  ,,INSERCION DE PEM, TPS-3MM-10,150,0,1,,0
ASY-03153-05;A0,ASY-03153-05;A0,ASY-53727-127;A0,6APEM ,JCG 11 10 19,,00220,R,400  ,,INSERCION DE PEM, SO-3.5M3-6ZI (5X),40,0,1,,0
ASY-03156-03;A0,ASY-03156-03;A0,ASY-53727-127;A0,6N042 ,KSS 01 23 19,,00110,R,102  ,,PUNZONADO EN TORRETA, CON ALIMENTADOR,60,0,1,,0
ASY-03156-03;A0,ASY-03156-03;A0,ASY-53727-127;A0,6DBR  ,KSS 01 23 19,,00120,R,200  ,,REBABEO PARA MANEJO, SEGURO,100,0,1,,0
ASY-03156-03;A0,ASY-03156-03;A0,ASY-53727-127;A0,6BRK  ,KSS 01 23 19,,00140,R,302  ,,DOBLADORA AMADA,,20,0,1,,0
ASY-03156-03;A0,ASY-03156-03;A0,ASY-53727-127;A0,6APEM ,KSS 01 23 19,,00160,R,400  ,,INSERCION DE PEM,CLS-M3-0 (22X),20,0,1,,0
ASY-03157-02;A0,ASY-03157-02;A0,ASY-53727-127;A0,6N044 ,KSS 01 23 19,,00110,R,102  ,,PUNZONADO EN TORRETA,,18,0,1,,0
ASY-03157-02;A0,ASY-03157-02;A0,ASY-53727-127;A0,6DBR  ,KSS 01 23 19,,00120,R,200  ,,REBABEO PARA MANEJO, SEGURO,100,0,1,,0
ASY-03157-02;A0,ASY-03157-02;A0,ASY-53727-127;A0,6BRK  ,KSS 01 23 19,,00140,R,302  ,,DOBLADORA AMADA,,12,0,1,,0
ASY-03157-02;A0,ASY-03157-02;A0,ASY-53727-127;A0,6APEM ,KSS 01 23 19,,00160,R,400  ,,INSERCION DE PEM,CLS-M3-1 (11X),20,0,1,,0
ASY-03158-05;A0,ASY-03158-05;A0,ASY-53727-127;A0,6N04 ,JCG 10 28 20,,00110,R,102  ,,PUNZONADO EN TORRETA,,26,0,1,,0
ASY-03158-05;A0,ASY-03158-05;A0,ASY-53727-127;A0,6DBR  ,JCG 10 28 20,,00120,R,200  ,,REBABEO PARA MANEJO, SEGURO,60,0,1,,0
ASY-03158-05;A0,ASY-03158-05;A0,ASY-53727-127;A0,6BRK  ,JCG 10 28 20,,00140,R,302  ,,DOBLADORA AMADA,,15.15,0,1,,0
ASY-03158-05;A0,ASY-03158-05;A0,ASY-53727-127;A0,6APEM ,JCG 10 28 20,,00160,R,400  ,,INSERCION DE PEM,CLS-M3-0 (22X),5.62,0,1,,0
ASY-03183-03;A0,ASY-03183-03;A0,ASY-53727-127;A0,6N03  ,JCG 11 11 19,,00110,R,104  ,,CORTE LASER AMADA,,114,0,1,,0
ASY-03183-03;A0,ASY-03183-03;A0,ASY-53727-127;A0,6DBR  ,JCG 11 11 19,,00120,R,200  ,,REBABEO DE FILOS,,120,0,1,,0
ASY-03183-03;A0,ASY-03183-03;A0,ASY-53727-127;A0,6BRG  ,JCG 11 11 19,,00140,R,303  ,,ESTAMPADO NO PARTE,,250,0,1,,0
ASY-03183-03;A0,ASY-03183-03;A0,ASY-53727-127;A0,6BRK  ,JCG 11 11 19,,00160,R,302  ,,DOBLADORA AMADA,,105,0,1,,0
ASY-03183-03;A0,ASY-03183-03;A0,ASY-53727-127;A0,6APEM ,JCG 11 11 19,,00180,R,400  ,,INSERCION DE PEM,CLS-M3-1 (8X),40,0,1,,0
ASY-03184-05;A0,ASY-03184-05;A0,ASY-53727-127;A0,6N04  ,JCG 10 18 19,,00110,R,102  ,,PUNZONADO EN TORRETA,,24,0,1,,0
ASY-03184-05;A0,ASY-03184-05;A0,ASY-53727-127;A0,6DBR ,JCG 10 18 19,,00120,R,200  ,,REBABEO PARA MANEJO, SEGURO,60,0,1,,0
ASY-03184-05;A0,ASY-03184-05;A0,ASY-53727-127;A0,6BRK ,JCG 10 18 19,,00140,R,302  ,,DOBLADORA AMADA,,40,0,1,,0
ASY-03184-05;A0,ASY-03184-05;A0,ASY-53727-127;A0,6BRK ,JCG 10 18 19,,00160,R,302  ,,DOBLADORA AMADA,,35,0,1,,0
ASY-03184-05;A0,ASY-03184-05;A0,ASY-53727-127;A0,6APEM ,JCG 10 18 19,,00180,R,400  ,,INSERCION DE PEM,CLS-M3-1,13,0,1,,0
ASY-03185-02;A0,ASY-03185-02;A0,ASY-53727-127;A0,6N03  ,KSS 01 24 19,  KSS 03 13 19,00110,R,104  ,,CORTE LASER AMADA,,42.3,0,0,,0
ASY-03185-02;A0,ASY-03185-02;A0,ASY-53727-127;A0,6BRG  ,KSS 01 24 19,  KSS 03 13 19,00130,R,303  ,,ESTAMPADO DE NUMERO DE, PARTE,250,0,1,,0
ASY-03185-02;A0,ASY-03185-02;A0,ASY-53727-127;A0,6BRK  ,KSS 01 24 19,  KSS 03 13 19,00150,R,302  ,,DOBLADORA AMADA,,40,0,1,,0
ASY-03185-02;A0,ASY-03185-02;A0,ASY-53727-127;A0,6APEM ,KSS 01 24 19,  KSS 03 13 19,00170,R,400  ,,INSERCION DE PEM,CLS-M3-1 (7X),15,0,1,,0
ASY-03185-02;A0 P,ASY-03185-02;A0,ASY-53727-127;A0,6P250 , ERD 08 24 2022,,00110,R,300  ,,TROQUELADO,,325,0,1,,0
ASY-03185-02;A0 P,ASY-03185-02;A0,ASY-53727-127;A0,6APEM , ERD 08 24 2022,,00210,R,400  ,,INSERCION DE PEM,CLS-M3-1 (7X),15,0,1,,0
ASY-03185-02;A0 S,ASY-03185-02;A0,ASY-53727-127;A0,6N03 ,JCG 11 01 22,,00110,R,104  ,,CORTE LASER AMADA,,42.3,0,1,,0
ASY-03185-02;A0 S,ASY-03185-02;A0,ASY-53727-127;A0,6BRG ,JCG 11 01 22,,00130,R,303  ,,ESTAMPADO DE NUMERO DE, PARTE,250,0,1,,0
ASY-03185-02;A0 S,ASY-03185-02;A0,ASY-53727-127;A0,6BRK ,JCG 11 01 22,,00150,R,302  ,,DOBLADORA AMADA,,40,0,1,,0
ASY-03185-02;A0 S,ASY-03185-02;A0,ASY-53727-127;A0,6APEM,JCG 11 01 22,,00170,R,400  ,,INSERCION DE PEM,CLS-M3-1 (7X),15,0,1,,0
ASY-03187-07;A0,ASY-03187-07;A0,ASY-53727-127;A0,6N04 ,JCG 05 28 20,,00110,R,102  ,,PUNZONADO EN TORRETA,,15,0,1,,0
ASY-03187-07;A0,ASY-03187-07;A0,ASY-53727-127;A0,6DBR ,JCG 05 28 20,,00120,R,200  ,,REBABEO PARA MANEJO, SEGURO,100,0,1,,0
ASY-03187-07;A0,ASY-03187-07;A0,ASY-53727-127;A0,6BRK ,JCG 05 28 20,,00140,R,302  ,,DOBLADORA AMADA,,60,0,1,,0
ASY-03187-07;A0,ASY-03187-07;A0,ASY-53727-127;A0,6APEM,JCG 05 28 20,,00160,R,400  ,,INSERCION DE PEM,GPSS-M3-6,120,0,1,,0
ASY-03187-07;A0,ASY-03187-07;A0,ASY-53727-127;A0,6APEM,JCG 05 28 20,,00180,R,400  ,,INSERCION DE PEM,H MECH-01254-01 (8X),12,0,1,,0
ASY-03187-07;A0,ASY-03187-07;A0,ASY-53727-127;A0,6APEM,JCG 05 28 20,,00200,R,400  ,,INSERCION DE PEM,CLS M4X0.7 (2X),50,0,1,,0
ASY-03187-07;A0,ASY-03187-07;A0,ASY-53727-127;A0,6ASB  ,JCG 05 28 20,,00210,R,801  ,,ENSAMBLE SEGUN DIBUJO,,150,0,1,,0
ASY-03188-06;A0,ASY-03188-06;A0,ASY-53727-127;A0,6N042 ,JCG 06 01 20,,00110,R,102  ,,PUNZONADO EN TORRETA, CON ALIMENTADOR,12,0,1,,0
ASY-03188-06;A0,ASY-03188-06;A0,ASY-53727-127;A0,6DBR  ,JCG 06 01 20,,00120,R,200  ,,REBABEO PARA MANEJO, SEGURO,60,0,1,,0
ASY-03188-06;A0,ASY-03188-06;A0,ASY-53727-127;A0,6BRK  ,JCG 06 01 20,,00140,R,302  ,,DOBLADORA AMADA,,20,0,1,,0
ASY-03188-06;A0,ASY-03188-06;A0,ASY-53727-127;A0,6BRK  ,JCG 06 01 20,,00160,R,302  ,,DOBLADORA AMADA,,20,0,1,,0
ASY-03188-06;A0,ASY-03188-06;A0,ASY-53727-127;A0,6APEM ,JCG 06 01 20,,00180,R,400  ,,INSERCION DE PEM,MECH-01254-01 (8X),13,0,1,,0
ASY-03188-06;A0,ASY-03188-06;A0,ASY-53727-127;A0,6APEM ,JCG 06 01 20,,00200,R,400  ,,INSERCION DE PEM,CLS-M4-1 (2X),30,0,1,,0
ASY-03189-05;A0,ASY-03189-05;A0,ASY-53727-127;A0,6N04  ,JCG 11 10 19,,00110,R,102  ,,PUNZONADO EN TORRETA,,55,0,1,,0
ASY-03189-05;A0,ASY-03189-05;A0,ASY-53727-127;A0,6DBR ,JCG 11 10 19,,00120,R,200  ,,REBABEO PARA MANEJO, SEGURO,100,0,1,,0
ASY-03189-05;A0,ASY-03189-05;A0,ASY-53727-127;A0,6BRK  ,JCG 11 10 19,,00140,R,302  ,,DOBLADORA AMADA,,25,0,1,,0
ASY-03189-05;A0,ASY-03189-05;A0,ASY-53727-127;A0,6APEM ,JCG 11 10 19,,00160,R,400  ,,INSERCION DE PEM,CLS-M3-1 (4X),30,0,1,,0
ASY-03278-05;A0,ASY-03278-05;A0,ASY-53727-127;A0,6AARI ,JCG 10 04 19,,00110,R,801  ,,ENSAMBLE SEGUN DIBUJO,,8,0,1,,0
ASY-03327-02;A0,ASY-03327-02;A0,ASY-53727-127;A0,6N03  ,KSS 01 24 19,,00110,R,104  ,,CORTE LASER AMADA,,180,0,0,,0
ASY-03327-02;A0,ASY-03327-02;A0,ASY-53727-127;A0,6BRG  ,KSS 01 24 19,,00130,R,303  ,,ESTAMPADO NO PARTE,,250,0,1,,0
ASY-03327-02;A0,ASY-03327-02;A0,ASY-53727-127;A0,6BRK  ,KSS 01 24 19,,00150,R,302  ,,DOBLADORA AMADA,,48,0,1,,0
ASY-03327-02;A0,ASY-03327-02;A0,ASY-53727-127;A0,6APEM ,KSS 01 24 19,,00170,R,400  ,,INSERCION DE PEM,FH4-M3-10 (2X),60,0,1,,0
ASY-03327-02;A0,ASY-03327-02;A0,ASY-53727-127;A0,6APEM ,KSS 01 24 19,,00190,R,400  ,,INSERCION DE PEM,TP4-3MM-10 (2X),60,0,1,,0
ASY-03327-02;A0,ASY-03327-02;A0,ASY-53727-127;A0,6ASB  ,KSS 01 24 19,,00210,R,801  ,,ENSAMBLE SEGUN DIBUJO,,50,0,1,,0
ASY-03330-03;A0,ASY-03330-03;A0,ASY-53727-127;A0,6AARI ,JCG 10 18 19,,00110,R,801  ,,ENSAMBLE SEGUN DIBUJO,,25,0,1,,0
ASY-03333-04;A0,ASY-03333-04;A0,ASY-53727-127;A0,6N04  ,JCG 11 10 19,,00110,R,102  ,,PUNZONADO EN TORRETA,,300,0,1,,0
ASY-03333-04;A0,ASY-03333-04;A0,ASY-53727-127;A0,6DBR ,JCG 11 10 19,,00120,R,200  ,,REBABEO PARA MANEJO, SEGURO,100,0,1,,0
ASY-03333-04;A0,ASY-03333-04;A0,ASY-53727-127;A0,6BRK ,JCG 11 10 19,,00140,R,302  ,,DOBLADORA AMADA,,300,0,1,,0
ASY-03333-04;A0,ASY-03333-04;A0,ASY-53727-127;A0,6APEM ,JCG 11 10 19,,00160,R,400  ,,INSERCION DE PEM, SOS-63.6-6 (2X),60,0,1,,0
ASY-03668-01;A0,ASY-03668-01;A0,ASY-53727-127;A0,6N04  ,KSS 01 23 19,,00110,R,102  ,,PUNZONADO EN TORRETA,,200,0,1,,0
ASY-03668-01;A0,ASY-03668-01;A0,ASY-53727-127;A0,6DBR  ,KSS 01 23 19,,00120,R,200  ,,REBABEO PARA MANEJO, SEGURO,100,0,1,,0
ASY-03668-01;A0,ASY-03668-01;A0,ASY-53727-127;A0,6BRK  ,KSS 01 23 19,,00140,R,302  ,,DOBLADORA AMADA,,145,0,1,,0
ASY-03668-01;A0,ASY-03668-01;A0,ASY-53727-127;A0,6APEM ,KSS 01 23 19,,00160,R,400  ,,INSERCION DE PEM,CLS-M3-1 (3X),40,0,1,,0
ASY-03727-27;A0,ASY-03727-27;A0,ASY-53727-127;A0,6AARI,JCG 20 28 24,,00100,R,801  ,,ENSAMBLE SEGUN, INSTRUCCION Y TEST,0.667,0,2,,0
ASY-03727-27;A0,ASY-03727-27;A0,ASY-53727-127;A0,6AARI ,JCG 20 28 24,,00110,R,     ,,PRUEBA EN EL CUARTO , DE TEST,0.667,0,2,00100,1
ASY-04138-02;A0,ASY-04138-02;A0,ASY-53727-127;A0,6ASAN ,JCG 07 04 19,,00100,R,801  ,,ENSAMBLE SEGUN DIBUJO,,120,0,1,,0
ASY-04181-02;A0,ASY-04181-02;A0,ASY-53727-127;A0,6N04  ,JCG 20 08 24,,00110,R,102  ,,PUNZONADO EN TORRETA,,80,0,1,,0
ASY-04181-02;A0,ASY-04181-02;A0,ASY-53727-127;A0,6P200,JCG 20 08 24,,00130,R,     ,,RUN PIERCE/BLANK DIE,,300,0,1,00110,250
ASY-04181-02;A0,ASY-04181-02;A0,ASY-53727-127;A0,6BRK ,JCG 20 08 24,,00150,R,302  ,,DOBLADORA AMADA,,45,0,1,00130,1
ASY-04181-02;A0,ASY-04181-02;A0,ASY-53727-127;A0,6APEM ,JCG 20 08 24,,00170,R,400  ,,INSERCION DE PEM,AS-M4-1 (4X),67,0,1,00150,75
ASY-04183-01;A0,ASY-04183-01;A0,ASY-53727-127;A0,6N03  ,KSS 01 23 19,  KSS 03 13 19,00110,R,104  ,,CORTE LASER AMADA,,34,0,0,,0
ASY-04183-01;A0,ASY-04183-01;A0,ASY-53727-127;A0,6APEM ,KSS 01 23 19,  KSS 03 13 19,00130,R,400  ,,INSERCION DE PEM,  AS-M4-1 (4X),30,0,1,,0
ASY-04183-01;A0,ASY-04183-01;A0,ASY-53727-127;A0,6BRG  ,KSS 01 23 19,  KSS 03 13 19,00150,R,303  ,,ESTAMPADO DE NUMERO DE, PARTE,250,0,1,,0
ASY-04183-01;A0,ASY-04183-01;A0,ASY-53727-127;A0,6BRK  ,KSS 01 23 19,  KSS 03 13 19,00170,R,302  ,,DOBLADORA AMADA,,80,0,1,,0
ASY-04183-01;A0,ASY-04183-01;A0,ASY-53727-127;A0,6APEM ,KSS 01 23 19,  KSS 03 13 19,00190,R,400  ,,INSERCION DE PEM,CLS-M3-1 (7X),15,0,1,,0
ASY-04184-02;A0,ASY-04184-02;A0,ASY-53727-127;A0,6N04  ,KSS 05 14 19,,00110,R,102  ,,PUNZONADO EN TORRETA,,127,0,1,,0
ASY-04184-02;A0,ASY-04184-02;A0,ASY-53727-127;A0,6BRK  ,KSS 05 14 19,,00150,R,302  ,,DOBLADORA AMADA,,35,0,1,,0
ASY-04184-02;A0,ASY-04184-02;A0,ASY-53727-127;A0,6APEM ,KSS 05 14 19,,00170,R,400  ,,INSERCION DE PEM,PF11-M4-0 (6X),18,0,1,,0
ASY-04192-06;B0,ASY-04192-06;B0,ASY-53727-127;A0,6AARI,JCG 20 08 24,,00100,R,801  ,,ENSAMBLE SEGUN DIBUJO,,2,0,2,,0
ASY-04756-04;A0,ASY-04756-04;A0,ASY-53727-127;A0,6N042 ,JCG 20 08 24,,00110,R,102  ,,PUNZONADO EN TORRETA,,16,0,1,,0
ASY-04756-04;A0,ASY-04756-04;A0,ASY-53727-127;A0,6DBR ,JCG 20 08 24,,00120,R,200  ,,REBABEO PARA MANEJO, SEGURO,30,0,1,,0
ASY-04756-04;A0,ASY-04756-04;A0,ASY-53727-127;A0,6BRK ,JCG 20 08 24,,00140,R,302  ,,DOBLADORA AMADA,,44,0,1,,0
ASY-04756-04;A0,ASY-04756-04;A0,ASY-53727-127;A0,6APEM ,JCG 20 08 24,,00160,R,400  ,,INSERCION DE PEM, H GPSS-M3-6-P(2),55,0,1,,0
ASY-04756-04;A0,ASY-04756-04;A0,ASY-53727-127;A0,6APEM ,JCG 20 08 24,,00180,R,400  ,,INSERCION DE PEM, H MECH-04255-01(8),15,0,1,,0
ASY-04756-04;A0,ASY-04756-04;A0,ASY-53727-127;A0,6SLK ,JCG 20 08 24,,00190,R,700  ,,SERIGRAFIA DE ACUERDO, A DIBUJO,60,0,1,,0
ASY-04757-04;A0,ASY-04757-04;A0,ASY-53727-127;A0,6N042 ,JCG 20 08 24,,00110,R,102  ,,PUNZONADO EN TORRETA,,16,0,1,,0
ASY-04757-04;A0,ASY-04757-04;A0,ASY-53727-127;A0,6DBR ,JCG 20 08 24,,00120,R,200  ,,REBABEO PARA MANEJO, SEGURO,30,0,1,,0
ASY-04757-04;A0,ASY-04757-04;A0,ASY-53727-127;A0,6BRK ,JCG 20 08 24,,00140,R,302  ,,DOBLADORA AMADA,,44,0,1,,0
ASY-04757-04;A0,ASY-04757-04;A0,ASY-53727-127;A0,6APEM ,JCG 20 08 24,,00160,R,400  ,,INSERCION DE PEM, H GPSS-M3-6-P(2),55,0,1,,0
ASY-04757-04;A0,ASY-04757-04;A0,ASY-53727-127;A0,6APEM ,JCG 20 08 24,,00180,R,400  ,,INSERCION DE PEM, H MECH-04255-01(8),15,0,1,,0
ASY-04757-04;A0,ASY-04757-04;A0,ASY-53727-127;A0,6SLK ,JCG 20 08 24,,00190,R,700  ,,SERIGRAFIA DE ACUERDO, A DIBUJO,60,0,1,,0
ASY-04776-01;B0,ASY-04776-01;B0,ASY-53727-127;A0,6SLK  ,JCG 11 10 19,,00100,R,700  ,,SERIGRAFIA DE ACUERDO, A DIBUJO,80,0,1,,0
ASY-04780-05;B0,ASY-04780-05;B0,ASY-53727-127;A0,6APEM,JCG 05 03 21,  SJR 03 29 22,00110,R,400  ,,INSTALACION DE REMACHE, SOLIDO,1.78,0,1,,0
ASY-04780-05;B0,ASY-04780-05;B0,ASY-53727-127;A0,6AARI ,JCG 05 03 21,  SJR 03 29 22,00120,R,801  ,,ENSAMBLE SEGUN DIBUJO,,37.5,0,1,,0
ASY-05257-01;A0,ASY-05257-01;A0,ASY-53727-127;A0,6N043 ,JCG 03 24 20,,00110,R,102  ,,PUNZONADO EN TORRETA,,30,0,1,,0
ASY-05257-01;A0,ASY-05257-01;A0,ASY-53727-127;A0,6DBR ,JCG 03 24 20,,00120,R,200  ,,REBABEO PARA MANEJO, SEGURO,100,0,1,,0
ASY-05257-01;A0,ASY-05257-01;A0,ASY-53727-127;A0,6BRK  ,JCG 03 24 20,,00140,R,302  ,,DOBLADORA AMADA,,40,0,1,,0
ASY-05257-01;A0,ASY-05257-01;A0,ASY-53727-127;A0,6APEM ,JCG 03 24 20,,00160,R,400  ,,INSERCION DE PEM, CLS-M4-1 (3),45,0,1,,0
ASY-05258-01;A0,ASY-05258-01;A0,ASY-53727-127;A0,6N043 ,JCG 03 24 20,,00110,R,102  ,,PUNZONADO EN TORRETA,,30,0,1,,0
ASY-05258-01;A0,ASY-05258-01;A0,ASY-53727-127;A0,6DBR ,JCG 03 24 20,,00120,R,200  ,,REBABEO PARA MANEJO, SEGURO,100,0,1,,0
ASY-05258-01;A0,ASY-05258-01;A0,ASY-53727-127;A0,6BRK  ,JCG 03 24 20,,00140,R,302  ,,DOBLADORA AMADA,,40,0,1,,0
ASY-05258-01;A0,ASY-05258-01;A0,ASY-53727-127;A0,6APEM ,JCG 03 24 20,,00160,R,400  ,,INSERCION DE PEM, CLS-M4-1 (3),45,0,1,,0
ASY-05271-01;A0,ASY-05271-01;A0,ASY-53727-127;A0,6AARI ,JCG 03 24 20,,00110,R,801  ,,ENSAMBLE SEGUN DIBUJO,,18,0,1,,0
ASY-05272-01;A0,ASY-05272-01;A0,ASY-53727-127;A0,6N041 ,JCG 03 24 20,,00110,R,102  ,,PUNZONADO EN TORRETA,,40,0,1,,0
ASY-05272-01;A0,ASY-05272-01;A0,ASY-53727-127;A0,6DBR ,JCG 03 24 20,,00120,R,200  ,,REBABEO PARA MANEJO, SEGURO,100,0,1,,0
ASY-05272-01;A0,ASY-05272-01;A0,ASY-53727-127;A0,6APEM,JCG 03 24 20,,00160,R,400  ,,INSERCION DE PEM,  FEOX-M3 (4X),30,0,1,,0
ASY-05272-01;A0,ASY-05272-01;A0,ASY-53727-127;A0,6BRK  ,JCG 03 24 20,,00180,R,302  ,,DOBLADORA AMADA,,105,0,1,,0
ASY-05275-01;A0,ASY-05275-01;A0,ASY-53727-127;A0,6AARI ,JCG 03 24 20,,00110,R,801  ,,ENSAMBLE SEGUN DIBUJO,,10,0,1,,0
ASY-05277-02;A0,ASY-05277-02;A0,ASY-53727-127;A0,6N042,JCG 20 08 24,,00110,R,102  ,,PUNZONADO EN TORRETA,,8,0,1,,0
ASY-05277-02;A0,ASY-05277-02;A0,ASY-53727-127;A0,6DBR ,JCG 20 08 24,,00120,R,200  ,,REBABEO PARA MANEJO, SEGURO,60,0,1,,0
ASY-05277-02;A0,ASY-05277-02;A0,ASY-53727-127;A0,6BRK ,JCG 20 08 24,,00160,R,302  ,,DOBLADORA AMADA,,32,0,1,,0
ASY-05277-02;A0,ASY-05277-02;A0,ASY-53727-127;A0,6APEM ,JCG 20 08 24,,00180,R,400  ,,INSERCION DE PEM, H FH-M4-8ZI(2),60,0,1,,0
ASY-05277-02;A0,ASY-05277-02;A0,ASY-53727-127;A0,6APEM ,JCG 20 08 24,,00200,R,400  ,,INSERCION DE PEM, H MECH-03876-01(6),20,0,1,,0
ASY-05299-02;A0,ASY-05299-02;A0,ASY-53727-127;A0,6N042 ,JCG 20 08 24,,00110,R,102  ,,PUNZONADO EN TORRETA,,8,0,1,,0
ASY-05299-02;A0,ASY-05299-02;A0,ASY-53727-127;A0,6DBR ,JCG 20 08 24,,00120,R,200  ,,REBABEO PARA MANEJO, SEGURO,60,0,1,,0
ASY-05299-02;A0,ASY-05299-02;A0,ASY-53727-127;A0,6BRK  ,JCG 20 08 24,,00140,R,302  ,,DOBLADORA AMADA,,32,0,1,,0
ASY-05299-02;A0,ASY-05299-02;A0,ASY-53727-127;A0,6APEM ,JCG 20 08 24,,00160,R,400  ,,INSERCION DE PEM, H MECH-03876-01(6),20,0,1,,0
ASY-08774-01;A0,ASY-08774-01;A0,ASY-53727-127;A0,6AARI ,JCG 01 07 24,,00110,R,801  ,,ENSAMBLE,,6,0,1,,0
ASY-53727-127;A0,ASY-53727-127;A0,ASY-53727-127;A0,6AARI ,JCG 13 08 24,,00100,R,801  ,,ENSAMBLE SEGUN DIBUJO,,2,0,2,,0
MECH-01827-01;B0,MECH-01827-01;B0,ASY-53727-127;A0,6N03 ,JCG 07 09 20,,00110,R,104  ,,CORTE LASER AMADA,,350,0,1,,0
MECH-01827-01;B0,MECH-01827-01;B0,ASY-53727-127;A0,6DBR ,JCG 07 09 20,,00120,R,200  ,,REBABEO PARA MANEJO, SEGURO,60,0,1,,0
MECH-01827-01;B0,MECH-01827-01;B0,ASY-53727-127;A0,RG100 ,JCG 07 09 20,,00140,R,302  ,,DOBLADORA AMADA,,32,0,1,,0
MECH-01827-01;B0,MECH-01827-01;B0,ASY-53727-127;A0,232625,JCG 07 09 20,,00150, ,     ,,MECH-01827-01 REV B0,PLATINADO SEGUN DIBUJO,0,5,1,,0
MTL-02212-01;A0,MTL-02212-01;A0,ASY-53727-127;A0,6N03  ,KSS 01 22 19,,00110,R,104  ,,CORTE LASER AMADA,,456,0,0,,0
MTL-02213-05;A0,MTL-02213-05;A0,ASY-53727-127;A0,6N045 ,JCG 10 17 19,,00110,R,102  ,,PUNZONADO EN TORRETA,,17,0,1,,0
MTL-02213-05;A0,MTL-02213-05;A0,ASY-53727-127;A0,6DBR ,JCG 10 17 19,,00120,R,200  ,,REBABEO PARA MANEJO, SEGURO,100,0,1,,0
MTL-02213-05;A0,MTL-02213-05;A0,ASY-53727-127;A0,6BATC ,JCG 10 17 19,,00140,R,302  ,,DOBLADORA AMADA,,25,0,1,,0
MTL-02214-01;A1,MTL-02214-01;A1,ASY-53727-127;A0,6N03 ,JCG 13 06 22,,00110,R,104  ,,CORTE LASER AMADA,,54,0,1,,0
MTL-02214-01;A1,MTL-02214-01;A1,ASY-53727-127;A0,6MACH,JCG 13 06 22,,00130,R,112  ,,MAQUINADO,,60,0,1,,0
MTL-02214-01;A1,MTL-02214-01;A1,ASY-53727-127;A0,6BRK ,JCG 13 06 22,,00160,R,302  ,,DOBLADORA AMADA,,35,0,1,,0
MTL-02214-01;A1,MTL-02214-01;A1,ASY-53727-127;A0,6BRK ,JCG 13 06 22,,00180,R,302  ,,DOBLADORA AMADA,,300,0,1,,0
MTL-02214-01;A1,MTL-02214-01;A1,ASY-53727-127;A0,232625,JCG 13 06 22,,00190, ,     ,,MTL-02214-01 REV A1,PASIVADO SEGUN DIBUJO,0,5,1,,0
MTL-02215-02;A1,MTL-02215-02;A1,ASY-53727-127;A0,6N03 ,JCG 13 06 22,,00110,R,104  ,,CORTE LASER AMADA,,54,0,1,,0
MTL-02215-02;A1,MTL-02215-02;A1,ASY-53727-127;A0,6BRK ,JCG 13 06 22,,00140,R,302  ,,DOBLADORA AMADA,,35,0,1,,0
MTL-02215-02;A1,MTL-02215-02;A1,ASY-53727-127;A0,6BRK ,JCG 13 06 22,,00160,R,302  ,,DOBLADORA AMADA,,300,0,1,,0
MTL-02215-02;A1,MTL-02215-02;A1,ASY-53727-127;A0,232625,JCG 13 06 22,,00170, ,     ,,MTL-02215-02 REV A1,PASIVADO SEGUN DIBUJO,0,5,1,,0
MTL-02216-03;A0,MTL-02216-03;A0,ASY-53727-127;A0,6N03  ,KSS 01 22 19,,00110,R,104  ,,CORTE LASER AMADA,,52,0,0,,0
MTL-02216-03;A0,MTL-02216-03;A0,ASY-53727-127;A0,6BRG  ,KSS 01 22 19,,00140,R,303  ,,ESTAMPADO DE NUMERO DE, PARTE,250,0,1,,0
MTL-02216-03;A0,MTL-02216-03;A0,ASY-53727-127;A0,6BRK  ,KSS 01 22 19,,00160,R,302  ,,DOBLADORA AMADA,,156,0,1,,0
MTL-02217-01;A0,MTL-02217-01;A0,ASY-53727-127;A0,6N04  ,KSS 01 22 19,,00110,R,102  ,,PUNZONADO EN TORRETA,,196,0,1,,0
MTL-02217-01;A0,MTL-02217-01;A0,ASY-53727-127;A0,6DBR  ,KSS 01 22 19,,00120,R,200  ,,REBABEO PARA MANEJO, SEGURO,100,0,1,,0
MTL-02217-01;A0,MTL-02217-01;A0,ASY-53727-127;A0,6BRK  ,KSS 01 22 19,,00140,R,302  ,,DOBLADORA AMADA,,79,0,1,,0
MTL-02218-01;B0,MTL-02218-01;B0,ASY-53727-127;A0,6N04 ,JCG 20 08 24,,00110,R,102  ,,PUNZONADO EN TORRETA,,175,0,1,,0
MTL-02218-01;B0,MTL-02218-01;B0,ASY-53727-127;A0,6DBR  ,JCG 20 08 24,,00120,R,200  ,,REBABEO PARA MANEJO, SEGURO,100,0,1,,0
MTL-02218-01;B0,MTL-02218-01;B0,ASY-53727-127;A0,465250,JCG 20 08 24,,00130, ,     ,,MTL-02218-01 REV B0, MAQUINADO,0,7,1,,0
MTL-02218-01;B0,MTL-02218-01;B0,ASY-53727-127;A0,745150,JCG 20 08 24,,00140, ,     ,,MTL-02218-01 REV B0, PLATINADO SEG DIBUJO,0,5,0,,0
MTL-02220-03;A0,MTL-02220-03;A0,ASY-53727-127;A0,6N041 ,JCG 11 19 19,,00110,R,102  ,,PUNZONADO EN TORRETA,,30.5,0,1,,0
MTL-02220-03;A0,MTL-02220-03;A0,ASY-53727-127;A0,6DBR ,JCG 11 19 19,,00120,R,200  ,,REBABEO PARA MANEJO, SEGURO,100,0,1,,0
MTL-02220-03;A0,MTL-02220-03;A0,ASY-53727-127;A0,6BRK  ,JCG 11 19 19,,00140,R,302  ,,DOBLADORA AMADA,,19,0,1,,0
MTL-02226-02;A0,MTL-02226-02;A0,ASY-53727-127;A0,6P25C ,JCG 31 07 24, JL 12 19 24,00110,R,300  ,,TROQUELADO,,325,0,1,,0
MTL-02226-02;A0,MTL-02226-02;A0,ASY-53727-127;A0,6P200,JCG 31 07 24, JL 12 19 24,00130,R,300  ,,TROQUELADO, FORMANDO,275,0,1,,0
MTL-02226-02;A0,MTL-02226-02;A0,ASY-53727-127;A0,6P200,JCG 31 07 24, JL 12 19 24,00150,R,300  ,,TROQUELADO,,275,0,1,,0
MTL-02226-02;A0 P,MTL-02226-02;A0,ASY-53727-127;A0,6P250 , JL 07 13 22,,00110,R,300  ,,TROQUELADO,,325,0,1,,0
MTL-02226-02;A0 P,MTL-02226-02;A0,ASY-53727-127;A0,6P200 , JL 07 13 22,,00130,R,300  ,,TROQUELADO, FORMANDO,275,0,1,,0
MTL-02226-02;A0 P,MTL-02226-02;A0,ASY-53727-127;A0,6P200 , JL 07 13 22,,00150,R,300  ,,TROQUELADO,,275,0,1,,0
MTL-02226-02;A0 S,MTL-02226-02;A0,ASY-53727-127;A0,6N03 ,JCG 11 01 23,,00110,R,104  ,,CORTE LASER AMADA,,92,0,1,,0
MTL-02226-02;A0 S,MTL-02226-02;A0,ASY-53727-127;A0,6BRK ,JCG 11 01 23,,00140,R,302  ,,DOBLADORA AMADA,,350,0,1,,0
MTL-02236-04;A0,MTL-02236-04;A0,ASY-53727-127;A0,6N041 ,JCG 11 10 19,,00110,R,102  ,,PUNZONADO EN TORRETA,,43,0,1,,0
MTL-02236-04;A0,MTL-02236-04;A0,ASY-53727-127;A0,6DBR ,JCG 11 10 19,,00120,R,200  ,,REBABEO PARA MANEJO, SEGURO,100,0,1,,0
MTL-02236-04;A0,MTL-02236-04;A0,ASY-53727-127;A0,6BRK  ,JCG 11 10 19,,00140,R,302  ,,DOBLADORA AMADA,,79,0,1,,0
MTL-02237-04;A0,MTL-02237-04;A0,ASY-53727-127;A0,6N04 ,JCG 10 17 19,,00110,R,102  ,,PUNZONADO EN TORRETA,,53,0,1,,0
MTL-02237-04;A0,MTL-02237-04;A0,ASY-53727-127;A0,6DBR ,JCG 10 17 19,,00120,R,200  ,,REBABEO PARA MANEJO, SEGURO,100,0,1,,0
MTL-02237-04;A0,MTL-02237-04;A0,ASY-53727-127;A0,6BATC ,JCG 10 17 19,,00140,R,302  ,,DOBLADORA AMADA,,34,0,1,,0
MTL-02237-04;A0 P,MTL-02237-04;A0,ASY-53727-127;A0,6P250 , JL 07 13 22,,00110,R,300  ,,TROQUELADO, PERFORACIAN,325,0,1,,0
MTL-02237-04;A0 P,MTL-02237-04;A0,ASY-53727-127;A0,6P250 , JL 07 13 22,,00130,R,300  ,,TROQUELADO, BORRADO,275,0,1,,0
MTL-02237-04;A0 P,MTL-02237-04;A0,ASY-53727-127;A0,6P200 , JL 07 13 22,,00150,R,300  ,,TROQUELADO,,275,0,1,,0
MTL-02237-04;A0 P,MTL-02237-04;A0,ASY-53727-127;A0,6P200 , JL 07 13 22,,00170,R,300  ,,TROQUELADO, FORMANDO,275,0,1,,0
MTL-02237-04;A0 S,MTL-02237-04;A0,ASY-53727-127;A0,6N04 ,JCG 11 01 23,,00110,R,102  ,,PUNZONADO EN TORRETA,,53,0,1,,0
MTL-02237-04;A0 S,MTL-02237-04;A0,ASY-53727-127;A0,6DBR ,JCG 11 01 23,,00120,R,200  ,,REBABEO PARA MANEJO, SEGURO,100,0,1,,0
MTL-02237-04;A0 S,MTL-02237-04;A0,ASY-53727-127;A0,6BATC,JCG 11 01 23,,00140,R,302  ,,DOBLADORA AMADA,,34,0,1,,0
MTL-02239-01;A0,MTL-02239-01;A0,ASY-53727-127;A0,6N042 ,KSS 01 22 19,,00110,R,102  ,,PUNZONADO EN TORRETA,,166,0,1,,0
MTL-02239-01;A0,MTL-02239-01;A0,ASY-53727-127;A0,6DBR  ,KSS 01 22 19,,00120,R,200  ,,REBABEO PARA MANEJO, SEGURO,100,0,1,,0
MTL-02239-01;A0,MTL-02239-01;A0,ASY-53727-127;A0,6BRK  ,KSS 01 22 19,,00140,R,302  ,,DOBLADORA AMADA,,105,0,1,,0
MTL-02247-05;A0,MTL-02247-05;A0,ASY-53727-127;A0,6N045 ,JCG 10 17 19,,00110,R,102  ,,PUNZONADO EN TORRETA,,20,0,1,,0
MTL-02247-05;A0,MTL-02247-05;A0,ASY-53727-127;A0,6DBR ,JCG 10 17 19,,00120,R,200  ,,REBABEO PARA MANEJO, SEGURO,100,0,1,,0
MTL-02247-05;A0,MTL-02247-05;A0,ASY-53727-127;A0,6BRK  ,JCG 10 17 19,,00140,R,302  ,,DOBLADORA AMADA,,25,0,1,,0
MTL-02254-02;A1,MTL-02254-02;A1,ASY-53727-127;A0,6N04 ,JCG 12 28 20,,00110,R,102  ,,PUNZONADO EN TORRETA,,101,0,1,,0
MTL-02254-02;A1,MTL-02254-02;A1,ASY-53727-127;A0,6DBR ,JCG 12 28 20,,00120,R,200  ,,REBABEO PARA MANEJO, SEGURO,100,0,1,,0
MTL-02254-02;A1,MTL-02254-02;A1,ASY-53727-127;A0,BRK80 ,JCG 12 28 20,,00140,R,302  ,,DOBLADORA AMADA,,64,0,1,,0
MTL-02254-02;A1 P,MTL-02254-02;A1,ASY-53727-127;A0,6P200 , JL 07 13 22,,00110,R,300  ,,TROQUELADO,,325,0,1,,0
MTL-02254-02;A1 S,MTL-02254-02;A1,ASY-53727-127;A0,6N04 ,JCG 11 01 23,,00110,R,102  ,,PUNZONADO EN TORRETA,,101,0,1,,0
MTL-02254-02;A1 S,MTL-02254-02;A1,ASY-53727-127;A0,6DBR ,JCG 11 01 23,,00120,R,200  ,,REBABEO PARA MANEJO, SEGURO,100,0,1,,0
MTL-02254-02;A1 S,MTL-02254-02;A1,ASY-53727-127;A0,6BRK ,JCG 11 01 23,,00140,R,302  ,,DOBLADORA AMADA,,64,0,1,,0
MTL-02258-06;A0,MTL-02258-06;A0,ASY-53727-127;A0,6N04 ,JCG 10 18 19,,00110,R,102  ,,PUNZONADO EN TORRETA,,68,0,1,,0
MTL-02258-06;A0,MTL-02258-06;A0,ASY-53727-127;A0,6DBR ,JCG 10 18 19,,00120,R,200  ,,REBABEO PARA MANEJO, SEGURO,100,0,1,,0
MTL-02258-06;A0,MTL-02258-06;A0,ASY-53727-127;A0,6BRK  ,JCG 10 18 19,,00140,R,302  ,,DOBLADORA AMADA,,131,0,1,,0
MTL-02321-01;A0,MTL-02321-01;A0,ASY-53727-127;A0,6N03  ,KSS 01 22 19,,00110,R,104  ,,CORTE LASER AMADA,,86,0,0,,0
MTL-02321-01;A0,MTL-02321-01;A0,ASY-53727-127;A0,6BRK  ,KSS 01 22 19,,00140,R,302  ,,DOBLADORA AMADA,,156,0,1,,0
MTL-02322-03;B0,MTL-02322-03;B0,ASY-53727-127;A0,6N04 ,JCG 20 08 24,,00110,R,102  ,,PUNZONADO EN TORRETA,,208,0,1,,0
MTL-02322-03;B0,MTL-02322-03;B0,ASY-53727-127;A0,6DBR ,JCG 20 08 24,,00120,R,200  ,,REBABEO PARA MANEJO, SEGURO,100,0,1,,0
MTL-02322-03;B0,MTL-02322-03;B0,ASY-53727-127;A0,465250,JCG 20 08 24,,00130, ,     ,,MTL-02322-03 REV B0, MAQUINADO,0,7,1,,0
MTL-02322-03;B0,MTL-02322-03;B0,ASY-53727-127;A0,745150,JCG 20 08 24,,00140, ,     ,,MTL-02322-03 REV B0, PLATINADO SEG DIBUJO,0,5,0,,0
MTL-02324-02;A0,MTL-02324-02;A0,ASY-53727-127;A0,6N04  ,KSS 01 22 19,,00110,R,102  ,,PUNZONADO EN TORRETA,,220,0,1,,0
MTL-02324-02;A0,MTL-02324-02;A0,ASY-53727-127;A0,6DBR ,KSS 01 22 19,,00120,R,200  ,,REBABEO PARA MANEJO, SEGURO,100,0,1,,0
MTL-02324-02;A0,MTL-02324-02;A0,ASY-53727-127;A0,6BRK  ,KSS 01 22 19,,00140,R,302  ,,DOBLADORA AMADA,,250,0,1,,0
MTL-02325-02;A0,MTL-02325-02;A0,ASY-53727-127;A0,6P25C ,JCG 31 07 24,,00110,R,300  ,,TROQUELADO,,325,0,1,,0
MTL-02325-02;A0,MTL-02325-02;A0,ASY-53727-127;A0,232625,JCG 31 07 24,,00200, ,     ,,MTL-02325-02 A0, PLATINADO SEG DIBUJO,0,5,0,,0
MTL-02325-02;A0 P,MTL-02325-02;A0,ASY-53727-127;A0,6P250 , JL 07 13 22,,00110,R,300  ,,TROQUELADO,,325,0,1,,0
MTL-02325-02;A0 S,MTL-02325-02;A0,ASY-53727-127;A0,6N04 ,JCG 11 01 23,,00110,R,102  ,,PUNZONADO EN TORRETA,,325,0,1,,0
MTL-02325-02;A0 S,MTL-02325-02;A0,ASY-53727-127;A0,6DBR  ,JCG 11 01 23,,00120,R,200  ,,REBABEO PARA MANEJO, SEGURO,100,0,1,,0
MTL-02325-02;A0 S,MTL-02325-02;A0,ASY-53727-127;A0,232625,JCG 11 01 23,,00130, ,     ,,MTL-02325-02 REV A0, PLATINADO SEG DIBUJO,0,5,1,,0
MTL-02352-04;A0,MTL-02352-04;A0,ASY-53727-127;A0,6N04  ,KSS 05 14 19,,00110,R,102  ,,PUNZONADO EN TORRETA,,78,0,1,,0
MTL-02352-04;A0,MTL-02352-04;A0,ASY-53727-127;A0,6DBR ,KSS 05 14 19,,00120,R,200  ,,REBABEO PARA MANEJO, SEGURO,100,0,1,,0
MTL-02352-04;A0,MTL-02352-04;A0,ASY-53727-127;A0,6BRK  ,KSS 05 14 19,,00140,R,302  ,,DOBLADORA AMADA,,40,0,1,,0
MTL-02356-04;B0,MTL-02356-04;B0,ASY-53727-127;A0,6P20C ,JCG 31 07 24, JL 12 19 24,00110,R,300  ,,TROQUELADO, ,325,0,1,,0
MTL-02356-04;B0,MTL-02356-04;B0,ASY-53727-127;A0,6P200,JCG 31 07 24, JL 12 19 24,00130,R,300  ,,TROQUELADO, FORMANDO,95,0,1,,0
MTL-02356-04;B0,MTL-02356-04;B0,ASY-53727-127;A0,232625,JCG 31 07 24, JL 12 19 24,00200, ,     ,,MTL-02356-04 B0, PLATINADO SEG DIBUJO,0,5,1,,0
MTL-02356-04;B0 P,MTL-02356-04;B0,ASY-53727-127;A0,6P200 , JL 07 13 22,,00110,R,300  ,,TROQUELADO, ,325,0,1,,0
MTL-02356-04;B0 P,MTL-02356-04;B0,ASY-53727-127;A0,6P200 , JL 07 13 22,,00130,R,300  ,,TROQUELADO, FORMANDO,95,0,1,,0
MTL-02356-04;B0 P,MTL-02356-04;B0,ASY-53727-127;A0,232625, JL 07 13 22,,00200, ,     ,,MTL-02356-04 B0, PLATINADO SEG DIBUJO,0,5,0,,0
MTL-02356-04;B0 S,MTL-02356-04;B0,ASY-53727-127;A0,6N04 ,JCG 11 01 23,,00110,R,102  ,,PUNZONADO EN TORRETA,,112,0,1,,0
MTL-02356-04;B0 S,MTL-02356-04;B0,ASY-53727-127;A0,6DBR ,JCG 11 01 23,,00120,R,200  ,,REBABEO PARA MANEJO, SEGURO,100,0,1,,0
MTL-02356-04;B0 S,MTL-02356-04;B0,ASY-53727-127;A0,6BRK ,JCG 11 01 23,,00140,R,302  ,,DOBLADORA AMADA,,20,0,1,,0
MTL-02356-04;B0 S,MTL-02356-04;B0,ASY-53727-127;A0,232625,JCG 11 01 23,,00150, ,     ,,MTL-02356-04 REV B0, PLATINADO SEG DIBUJO,0,5,1,,0
MTL-02357-02;A0,MTL-02357-02;A0,ASY-53727-127;A0,6P20C ,JCG 31 07 24, JL 12 19 24,00110,R,300  ,,TROQUELADO,,325,0,1,,0
MTL-02357-02;A0 P,MTL-02357-02;A0,ASY-53727-127;A0,6P200 ,JL 07 12 22,,00110,R,300  ,,TROQUELADO,,325,0,1,,0
MTL-02357-02;A0 S,MTL-02357-02;A0,ASY-53727-127;A0,6N04 ,JCG 11 01 23,,00110,R,102  ,,PUNZONADO EN TORRETA,,750,0,1,,0
MTL-02357-02;A0 S,MTL-02357-02;A0,ASY-53727-127;A0,6DBR ,JCG 11 01 23,,00120,R,200  ,,REBABEO PARA MANEJO, SEGURO,100,0,1,,0
MTL-02357-02;A0 S,MTL-02357-02;A0,ASY-53727-127;A0,6BRK ,JCG 11 01 23,,00140,R,302  ,,DOBLADORA AMADA,,300,0,1,,0
MTL-02358-03;A3,MTL-02358-03;A3,ASY-53727-127;A0,6P20C ,JCG 31 07 24, JL 12 19 24,00110,R,300  ,,TROQUELADO,,325,0,1,,0
MTL-02358-03;A3,MTL-02358-03;A3,ASY-53727-127;A0,232625,JCG 31 07 24, JL 12 19 24,00200, ,     ,,MTL-02358-03 A3, PLATINADO SEG DIBUJO,0,5,1,,0
MTL-02358-03;A3 P,MTL-02358-03;A3,ASY-53727-127;A0,6P200 , JL 07 13 22,,00110,R,300  ,,TROQUELADO,,325,0,1,,0
MTL-02358-03;A3 P,MTL-02358-03;A3,ASY-53727-127;A0,232625, JL 07 13 22,,00200, ,     ,,MTL-02358-03 A3, PLATINADO SEG DIBUJO,0,5,0,,0
MTL-02358-03;A3 S,MTL-02358-03;A3,ASY-53727-127;A0,6N04 ,JCG 11 01 23,,00110,R,102  ,,PUNZONADO EN TORRETA,,700,0,1,,0
MTL-02358-03;A3 S,MTL-02358-03;A3,ASY-53727-127;A0,6DBR  ,JCG 11 01 23,,00120,R,200  ,,REBABEO PARA MANEJO, SEGURO,60,0,1,,0
MTL-02358-03;A3 S,MTL-02358-03;A3,ASY-53727-127;A0,232625,JCG 11 01 23,,00130, ,     ,,MTL-02358-03 REV A3, PLATINADO SEG DIBUJO,0,5,1,,0
MTL-02360-06;A0,MTL-02360-06;A0,ASY-53727-127;A0,6P20C ,JCG 10 05 19, JCG 16 01 23,00110,R,300  ,,TROQUELADO," AVANCE 1.5""",325,0,1,,0
MTL-02360-06;A0 P,MTL-02360-06;A0,ASY-53727-127;A0,6P200 , JL 07 12 22,,00110,R,300  ,,TROQUELADO,,325,0,1,,0
MTL-02360-06;A0 S,MTL-02360-06;A0,ASY-53727-127;A0,6N04 ,JCG 11 01 23,,00110,R,102  ,,PUNZONADO EN TORRETA,,364,0,1,,0
MTL-02360-06;A0 S,MTL-02360-06;A0,ASY-53727-127;A0,6DBR ,JCG 11 01 23,,00120,R,200  ,,REBABEO PARA MANEJO, SEGURO,100,0,1,,0
MTL-02360-06;A0 S,MTL-02360-06;A0,ASY-53727-127;A0,6BRK ,JCG 11 01 23,,00140,R,302  ,,DOBLADORA AMADA,,156,0,1,,0
MTL-02362-04;B0,MTL-02362-04;B0,ASY-53727-127;A0,6N04 ,JCG 05 28 20,,00110,R,102  ,,PUNZONADO EN TORRETA,,128,0,1,,0
MTL-02362-04;B0,MTL-02362-04;B0,ASY-53727-127;A0,6DBR ,JCG 05 28 20,,00120,R,200  ,,REBABEO PARA MANEJO, SEGURO,100,0,1,,0
MTL-02362-04;B0,MTL-02362-04;B0,ASY-53727-127;A0,BRK80 ,JCG 05 28 20,,00140,R,302  ,,DOBLADORA AMADA,,32,0,1,,0
MTL-02362-04;B0,MTL-02362-04;B0,ASY-53727-127;A0,232625,JCG 05 28 20,,00150, ,     ,,MTL-02362-04 REV B0, PLATINADO SEG DIBUJ0,0,7,1,,0
MTL-02362-04;B0 P,MTL-02362-04;B0,ASY-53727-127;A0,6P250 , JL 07 26 22,,00110,R,300  ,,TROQUELADO, #1,325,0,1,,0
MTL-02362-04;B0 P,MTL-02362-04;B0,ASY-53727-127;A0,6P250 , JL 07 26 22,,00130,R,300  ,,TROQUELADO, #2,275,0,1,,0
MTL-02362-04;B0 P,MTL-02362-04;B0,ASY-53727-127;A0,6P200 , JL 07 26 22,,00150,R,300  ,,TROQUELADO, #3,275,0,1,,0
MTL-02362-04;B0 P,MTL-02362-04;B0,ASY-53727-127;A0,6P200 , JL 07 26 22,,00170,R,300  ,,TROQUELADO, #4,275,0,1,,0
MTL-02362-04;B0 P,MTL-02362-04;B0,ASY-53727-127;A0,6P200 , JL 07 26 22,,00190,R,300  ,,TROQUELADO, #5,275,0,1,,0
MTL-02362-04;B0 P,MTL-02362-04;B0,ASY-53727-127;A0,736550, JL 07 26 22,,00200, ,     ,,MTL-02362-04 REV B0, PLATINADO SEG DIBUJ,0,7,0,,0
MTL-02362-04;B0 S,MTL-02362-04;B0,ASY-53727-127;A0,6N04 ,JCG 11 01 23,,00110,R,102  ,,PUNZONADO EN TORRETA,,128,0,1,,0
MTL-02362-04;B0 S,MTL-02362-04;B0,ASY-53727-127;A0,6DBR ,JCG 11 01 23,,00120,R,200  ,,REBABEO PARA MANEJO, SEGURO,100,0,1,,0
MTL-02362-04;B0 S,MTL-02362-04;B0,ASY-53727-127;A0,6BRK ,JCG 11 01 23,,00140,R,302  ,,DOBLADORA AMADA,,32,0,1,,0
MTL-02362-04;B0 S,MTL-02362-04;B0,ASY-53727-127;A0,232625,JCG 11 01 23,,00150, ,     ,,MTL-02362-04 REV B0, PLATINADO SEG DIBUJ0,0,7,1,,0
MTL-02363-03;A0,MTL-02363-03;A0,ASY-53727-127;A0,6N04  ,KSS 01 22 19,,00110,R,102  ,,PUNZONADO EN TORRETA,,230,0,1,,0
MTL-02363-03;A0,MTL-02363-03;A0,ASY-53727-127;A0,6DBR  ,KSS 01 22 19,,00120,R,200  ,,REBABEO PARA MANEJO, SEGURO,100,0,1,,0
MTL-02363-03;A0,MTL-02363-03;A0,ASY-53727-127;A0,RG100 ,KSS 01 22 19,,00140,R,302  ,,DOBLADORA AMADA,,150,0,1,,0
MTL-02363-03;A0 P,MTL-02363-03;A0,ASY-53727-127;A0,6P200 , JL 07 26 22,,00110,R,300  ,,TROQUELADO,,325,0,1,,0
MTL-02363-03;A0 S,MTL-02363-03;A0,ASY-53727-127;A0,6N04 ,JCG 11 01 23,,00110,R,102  ,,PUNZONADO EN TORRETA,,230,0,1,,0
MTL-02363-03;A0 S,MTL-02363-03;A0,ASY-53727-127;A0,6DBR ,JCG 11 01 23,,00120,R,200  ,,REBABEO PARA MANEJO, SEGURO,100,0,1,,0
MTL-02363-03;A0 S,MTL-02363-03;A0,ASY-53727-127;A0,6BRK ,JCG 11 01 23,,00140,R,302  ,,DOBLADORA AMADA,,150,0,1,,0
MTL-02368-02;A0,MTL-02368-02;A0,ASY-53727-127;A0,6N03  ,KSS 01 22 19,,00110,R,104  ,,CORTE LASER AMADA,,295,0,1,,0
MTL-02368-02;A0,MTL-02368-02;A0,ASY-53727-127;A0,6MACH ,KSS 01 22 19,,00130,R,112  ,,MAQUINADO,,60,0,1,,0
MTL-02368-02;A0,MTL-02368-02;A0,ASY-53727-127;A0,6BRK  ,KSS 01 22 19,,00160,R,302  ,,DOBLADORA AMADA,,400,0,1,,0
MTL-02368-02;A0,MTL-02368-02;A0,ASY-53727-127;A0,232625,KSS 01 22 19,,00170, ,     ,,MTL-02368-02 REV A0,PASIVADO SEGUN DIBUJO,0,5,1,,0
MTL-02434-01;A0,MTL-02434-01;A0,ASY-53727-127;A0,6P20C ,KSS 01 22 19, JCG 16 01 23,00110,R,300  ,,TROQUELADO," AVANCE 18.0""",325,0,1,,0
MTL-02434-01;A0,MTL-02434-01;A0,ASY-53727-127;A0,6BRK ,KSS 01 22 19, JCG 16 01 23,00140,R,302  ,,DOBLADORA AMADA,,156,0,1,,0
MTL-02434-01;A0 P,MTL-02434-01;A0,ASY-53727-127;A0,6P200 , JL 07 14 22,,00110,R,300  ,,TROQUELADO,,325,0,1,,0
MTL-02434-01;A0 P,MTL-02434-01;A0,ASY-53727-127;A0,6BRK  , JL 07 14 22,,00140,R,302  ,,DOBLADORA AMADA,,156,0,1,,0
MTL-02434-01;A0 S,MTL-02434-01;A0,ASY-53727-127;A0,6N03 ,JCG 11 01 23,,00110,R,104  ,,CORTE LASER AMADA,,87,0,1,,0
MTL-02434-01;A0 S,MTL-02434-01;A0,ASY-53727-127;A0,6BRK ,JCG 11 01 23,,00140,R,302  ,,DOBLADORA AMADA,,156,0,1,,0
MTL-02738-01;A0,MTL-02738-01;A0,ASY-53727-127;A0,6N04  ,KSS 01 22 19,,00110,R,102  ,,PUNZONADO EN TORRETA,,156,0,1,,0
MTL-02738-01;A0,MTL-02738-01;A0,ASY-53727-127;A0,6DBR ,KSS 01 22 19,,00120,R,200  ,,REBABEO PARA MANEJO, SEGURO,100,0,1,,0
MTL-02738-01;A0,MTL-02738-01;A0,ASY-53727-127;A0,6BRK  ,KSS 01 22 19,,00140,R,302  ,,DOBLADORA AMADA,,250,0,1,,0
MTL-02844-02;A0,MTL-02844-02;A0,ASY-53727-127;A0,6P20C ,JCG 31 07 24, JL 12 18 24,00110,R,300  ,,TROQUELADO, ,325,0,1,,0
MTL-02844-02;A0,MTL-02844-02;A0,ASY-53727-127;A0,6P200,JCG 31 07 24, JL 12 18 24,00130,R,300  ,,TROQUELADO, FORMANDO,100,0,1,,0
MTL-02844-02;A0,MTL-02844-02;A0,ASY-53727-127;A0,232625,JCG 31 07 24, JL 12 18 24,00200, ,     ,,MTL-02844-02 REV A0, PASIVADO SEGUN DIBUJO,0,5,1,,0
MTL-02844-02;A0 P,MTL-02844-02;A0,ASY-53727-127;A0,6P200, JL 07 14 22,,00110,R,300  ,,TROQUELADO, ,325,0,1,,0
MTL-02844-02;A0 P,MTL-02844-02;A0,ASY-53727-127;A0,6P200 , JL 07 14 22,,00130,R,300  ,,TROQUELADO, FORMANDO,100,0,1,,0
MTL-02844-02;A0 P,MTL-02844-02;A0,ASY-53727-127;A0,232625, JL 07 14 22,,00200, ,     ,,MTL-02844-02 REV A0, PASIVADO SEGUN DIBUJO,0,5,0,,0
MTL-02844-02;A0 S,MTL-02844-02;A0,ASY-53727-127;A0,6N03 ,JCG 11 01 23,,00110,R,104  ,,CORTE LASER AMADA,,120,0,1,,0
MTL-02844-02;A0 S,MTL-02844-02;A0,ASY-53727-127;A0,6BRG ,JCG 11 01 23,,00140,R,303  ,,ESTAMPADO DE NUMERO DE, PARTE,250,0,1,,0
MTL-02844-02;A0 S,MTL-02844-02;A0,ASY-53727-127;A0,6BRK ,JCG 11 01 23,,00160,R,302  ,,DOBLADORA AMADA,,70,0,1,,0
MTL-02844-02;A0 S,MTL-02844-02;A0,ASY-53727-127;A0,232625,JCG 11 01 23,,00170, ,     ,,MTL-02844-02 REV A0, PASIVADO SEGUN DIBUJO,0,5,1,,0
MTL-03292-01;A0,MTL-03292-01;A0,ASY-53727-127;A0,6N03  ,KSS 02 18 19,,00110,R,104  ,,CORTE LASER AMADA,,225,0,0,,0
MTL-03292-01;A0,MTL-03292-01;A0,ASY-53727-127;A0,6DBR  ,KSS 02 18 19,,00120,R,200  ,,REBABEO PARA MANEJO, SEGURO,100,0,1,,0
MTL-03292-01;A0,MTL-03292-01;A0,ASY-53727-127;A0,465250,KSS 02 18 19,,00130, ,     ,,MTL-03292-01;A0,MAQUINADO EXTERNO,0,0,0,,0
MTL-03292-01;A0,MTL-03292-01;A0,ASY-53727-127;A0,6BRK  ,KSS 02 18 19,,00160,R,302  ,,DOBLADORA AMADA,,200,0,1,,0
MTL-03292-01;A0,MTL-03292-01;A0,ASY-53727-127;A0,232625,KSS 02 18 19,,00170, ,     ,,MTL-03292-01 REV A0,PASIVADO SEGUN DIBUJO,0,5,0,,0
MTL-03527-04;A0,MTL-03527-04;A0,ASY-53727-127;A0,6P20C ,JCG 10 28 20, JL 12 19 24,00110,R,300  ,,TROQUELADO," AVANCE 0.750""",325,0,1,,0
MTL-03527-04;A0,MTL-03527-04;A0,ASY-53727-127;A0,6DBR  ,JCG 10 28 20, JL 12 19 24,00120,R,200  ,,REBABEO PARA MANEJO, SEGURO,120,0,1,,0
MTL-03527-04;A0,MTL-03527-04;A0,ASY-53727-127;A0,6INS  ,JCG 10 28 20, JL 12 19 24,00121,R,982  ,,INSPECCION ANTES DE, ENVIO A PROCESO EXT,0,0,1,,0
MTL-03527-04;A0,MTL-03527-04;A0,ASY-53727-127;A0,232625,JCG 10 28 20, JL 12 19 24,00200, ,     ,,MTL-03527-04 REV A0, PLATINADO SEG DIBUJO,0,5,0,,0
MTL-03527-04;A0 P,MTL-03527-04;A0,ASY-53727-127;A0,6P200 , JL 07 14 22,,00110,R,300  ,,TROQUELADO,,325,0,1,,0
MTL-03527-04;A0 S,MTL-03527-04;A0,ASY-53727-127;A0,6N04 ,JCG 11 01 23,,00110,R,102  ,,PUNZONADO EN TORRETA,,100,0,1,,0
MTL-03527-04;A0 S,MTL-03527-04;A0,ASY-53727-127;A0,6DBR ,JCG 11 01 23,,00120,R,200  ,,REBABEO PARA MANEJO, SEGURO,120,0,1,,0
MTL-03527-04;A0 S,MTL-03527-04;A0,ASY-53727-127;A0,232625,JCG 11 01 23,,00200, ,     ,,MTL-03527-04 REV A0, PLATINADO SEG DIBUJO,0,5,1,,0
MTL-03528-05;A0,MTL-03528-05;A0,ASY-53727-127;A0,6P25C ,JCG 10 28 20, JCG 17 01 23,00110,R,300  ,,TROQUELADO," AVANCE 1.65""",325,0,1,,0
MTL-03528-05;A0,MTL-03528-05;A0,ASY-53727-127;A0,6DBR  ,JCG 10 28 20, JCG 17 01 23,00120,R,200  ,,REBABEO DE FILOS,,120,0,1,,0
MTL-03528-05;A0,MTL-03528-05;A0,ASY-53727-127;A0,6P200 ,JCG 10 28 20, JCG 17 01 23,00140,R,300  ,,TROQUELADO, FORMADO,275,0,1,,0
MTL-03528-05;A0,MTL-03528-05;A0,ASY-53727-127;A0,6INS  ,JCG 10 28 20, JCG 17 01 23,00141,R,982  ,,INSPECCION ANTES DE, ENVIO A PROCESO EXT,0,0,1,,0
MTL-03528-05;A0,MTL-03528-05;A0,ASY-53727-127;A0,232625,JCG 10 28 20, JCG 17 01 23,00150, ,     ,,MTL-03528-05 REV A0, PLATINADO SEG DIBUJO,0,5,0,,0
MTL-03528-05;A0 P,MTL-03528-05;A0,ASY-53727-127;A0,6P250 , JL 07 14 22,,00110,R,300  ,,TROQUELADO, ,325,0,1,,0
MTL-03528-05;A0 P,MTL-03528-05;A0,ASY-53727-127;A0,6P200 , JL 07 14 22,,00130,R,300  ,,TROQUELADO, FORMANDO,275,0,1,,0
MTL-03528-05;A0 S,MTL-03528-05;A0,ASY-53727-127;A0,6N04 ,JCG 11 01 23,,00110,R,102  ,,PUNZONADO EN TORRETA,,176,0,1,,0
MTL-03528-05;A0 S,MTL-03528-05;A0,ASY-53727-127;A0,6DBR ,JCG 11 01 23,,00120,R,200  ,,REBABEO PARA MANEJO, SEGURO,120,0,1,,0
MTL-03528-05;A0 S,MTL-03528-05;A0,ASY-53727-127;A0,6BRK ,JCG 11 01 23,,00140,R,302  ,,DOBLADORA AMADA,,300,0,1,,0
MTL-03528-05;A0 S,MTL-03528-05;A0,ASY-53727-127;A0,232625,JCG 11 01 23,,00200, ,     ,,MTL-03528-05 REV A0, PLATINADO SEG DIBUJO,0,5,1,,0
MTL-03529-05;B0,MTL-03529-05;B0,ASY-53727-127;A0,6P20C ,JCG 31 07 24, JL 12 18 24,00110,R,300  ,,TROQUELADO,,325,0,1,,0
MTL-03529-05;B0,MTL-03529-05;B0,ASY-53727-127;A0,232625,JCG 31 07 24, JL 12 18 24,00200, ,     ,,MTL-03529-05 REV B0,  PLATINADO SEG DIBUJO,0,5,1,,0
MTL-03529-05;B0 P,MTL-03529-05;B0,ASY-53727-127;A0,6P200 , JL 07 14 22,,00110,R,300  ,,TROQUELADO,,325,0,1,,0
MTL-03529-05;B0 P,MTL-03529-05;B0,ASY-53727-127;A0,232625, JL 07 14 22,,00200, ,     ,,MTL-03529-05 REV B0,  PLATINADO SEG DIBUJO,0,5,0,,0
MTL-03529-05;B0 S,MTL-03529-05;B0,ASY-53727-127;A0,6N04 ,JCG 11 01 23,,00110,R,102  ,,PUNZONADO EN TORRETA,,110,0,1,,0
MTL-03529-05;B0 S,MTL-03529-05;B0,ASY-53727-127;A0,6BATC,JCG 11 01 23,,00130,R,302  ,,DOBLADORA AMADA,,89,0,1,,0
MTL-03529-05;B0 S,MTL-03529-05;B0,ASY-53727-127;A0,232625,JCG 11 01 23,,00200, ,     ,,MTL-03529-05 REV B0, PLATINADO SEG DIBUJO,0,5,1,,0
MTL-03552-04;A0,MTL-03552-04;A0,ASY-53727-127;A0,6P25C ,JCG 31 07 24, JL 12 19 24,00110,R,300  ,,TROQUELADO, ,325,0,1,,0
MTL-03552-04;A0,MTL-03552-04;A0,ASY-53727-127;A0,6P200,JCG 31 07 24, JL 12 19 24,00130,R,300  ,,TROQUELADO, FORMANDO,275,0,1,,0
MTL-03552-04;A0,MTL-03552-04;A0,ASY-53727-127;A0,232625,JCG 31 07 24, JL 12 19 24,00200, ,     ,,MTL-03552-04 REV A0,  PLATINADO SEG DIBUJO,0,5,1,,0
MTL-03552-04;A0 P,MTL-03552-04;A0,ASY-53727-127;A0,6P250, JL 07 14 22,,00110,R,300  ,,TROQUELADO, ,325,0,1,,0
MTL-03552-04;A0 P,MTL-03552-04;A0,ASY-53727-127;A0,6P200 , JL 07 14 22,,00130,R,300  ,,TROQUELADO, FORMANDO,275,0,1,,0
MTL-03552-04;A0 P,MTL-03552-04;A0,ASY-53727-127;A0,232625, JL 07 14 22,,00200, ,     ,,MTL-03552-04 REV A0,  PLATINADO SEG DIBUJO,0,5,0,,0
MTL-03552-04;A0 S,MTL-03552-04;A0,ASY-53727-127;A0,6N04 ,JCG 11 01 23,,00110,R,102  ,,PUNZONADO EN TORRETA,,176,0,1,,0
MTL-03552-04;A0 S,MTL-03552-04;A0,ASY-53727-127;A0,6DBR ,JCG 11 01 23,,00120,R,200  ,,REBABEO PARA MANEJO, SEGURO,120,0,1,,0
MTL-03552-04;A0 S,MTL-03552-04;A0,ASY-53727-127;A0,6BRK ,JCG 11 01 23,,00140,R,302  ,,DOBLADORA AMADA,,300,0,1,,0
MTL-03552-04;A0 S,MTL-03552-04;A0,ASY-53727-127;A0,232625,JCG 11 01 23,,00200, ,     ,,MTL-03552-04 REV A0, PLATINADO SEG DIBUJO,0,5,1,,0
MTL-03664-05;B0,MTL-03664-05;B0,ASY-53727-127;A0,6N04  ,JCG 05 03 21,,00110,R,102  ,,PUNZONADO EN TORRETA,,15,0,1,,0
MTL-03664-05;B0,MTL-03664-05;B0,ASY-53727-127;A0,6DBR  ,JCG 05 03 21,,00120,R,200  ,,REBABEO PARA MANEJO, SEGURO,60,0,1,00110,250
MTL-03664-05;B0,MTL-03664-05;B0,ASY-53727-127;A0,BR130 ,JCG 05 03 21,,00140,R,302  ,,DOBLADORA AMADA,,16,0,1,00120,1
MTL-03664-05;B0,MTL-03664-05;B0,ASY-53727-127;A0,6INS  ,JCG 05 03 21,,00141,R,982  ,,INSPECCION ANTES DE, ENVIO A PROCESO EXT,0,0,1,,0
MTL-03664-05;B0,MTL-03664-05;B0,ASY-53727-127;A0,232625,JCG 05 03 21,,00200, ,     ,,MTL-03664-05 REV B0, PLATINADO SEG DIBUJO,0,5,1,,0
MTL-03697-01;A0,MTL-03697-01;A0,ASY-53727-127;A0,6N03  ,JCG 10 17 19,,00110,R,104  ,,CORTE LASER AMADA,,70,0,0,,0
MTL-03697-01;A0,MTL-03697-01;A0,ASY-53727-127;A0,6BRK  ,JCG 10 17 19,,00130,R,302  ,,DOBLADORA AMADA,,150,0,1,,0
MTL-03975-01;A1,MTL-03975-01;A1,ASY-53727-127;A0,6N04 ,JCG 06 02 21,,00110,R,102  ,,PUNZONADO EN TORRETA,,43.5,0,1,,0
MTL-03975-01;A1,MTL-03975-01;A1,ASY-53727-127;A0,6DBR ,JCG 06 02 21,,00120,R,200  ,,REBABEO PARA MANEJO, SEGURO,100,0,1,,0
MTL-03975-01;A1,MTL-03975-01;A1,ASY-53727-127;A0,6BRK  ,JCG 06 02 21,,00140,R,302  ,,DOBLADORA AMADA,,79,0,1,,0
MTL-03976-01;B0,MTL-03976-01;B0,ASY-53727-127;A0,6P25C ,JCG 31 07 24, JL 12 19 24,00110,R,300  ,,TROQUELADO,,350,0,1,,0
MTL-03976-01;B0,MTL-03976-01;B0,ASY-53727-127;A0,6P250,JCG 31 07 24, JL 12 19 24,00130,R,300  ,,TROQUELADO,,300,0,1,,0
MTL-03976-01;B0,MTL-03976-01;B0,ASY-53727-127;A0,6P250,JCG 31 07 24, JL 12 19 24,00150,R,300  ,,TROQUELADO,,350,0,1,,0
MTL-03976-01;B0,MTL-03976-01;B0,ASY-53727-127;A0,6P250,JCG 31 07 24, JL 12 19 24,00170,R,300  ,,TROQUELADO,,350,0,1,,0
MTL-03976-01;B0 P,MTL-03976-01;B0,ASY-53727-127;A0,6P250 ,ERD 08 25 2022,,00110,R,300  ,,TROQUELADO,,350,0,1,,0
MTL-03976-01;B0 P,MTL-03976-01;B0,ASY-53727-127;A0,6P250 ,ERD 08 25 2022,,00130,R,300  ,,TROQUELADO,,300,0,1,,0
MTL-03976-01;B0 P,MTL-03976-01;B0,ASY-53727-127;A0,6P250 ,ERD 08 25 2022,,00150,R,300  ,,TROQUELADO,,350,0,1,,0
MTL-03976-01;B0 P,MTL-03976-01;B0,ASY-53727-127;A0,6P250 ,ERD 08 25 2022,,00170,R,300  ,,TROQUELADO,,350,0,1,,0
MTL-03976-01;B0 S,MTL-03976-01;B0,ASY-53727-127;A0,6N043,JCG 11 01 23,,00110,R,102  ,,PUNZONADO EN TORRETA,,60,0,1,,0
MTL-03976-01;B0 S,MTL-03976-01;B0,ASY-53727-127;A0,6DBR ,JCG 11 01 23,,00120,R,200  ,,REBABEO PARA MANEJO, SEGURO,120,0,1,,0
MTL-03976-01;B0 S,MTL-03976-01;B0,ASY-53727-127;A0,6BRK ,JCG 11 01 23,,00140,R,302  ,,DOBLADORA AMADA,,15,0,1,,0
MTL-03976-01;B0 S,MTL-03976-01;B0,ASY-53727-127;A0,     ,JCG 11 01 23,,00150,R,,,,,0,0,1,,0
MTL-03977-01;A0,MTL-03977-01;A0,ASY-53727-127;A0,6P25C ,JCG 31 07 24, JL 12 19 24,00110,R,300  ,,TROQUELADO,,325,0,1,,0
MTL-03977-01;A0 P,MTL-03977-01;A0,ASY-53727-127;A0,6P250 , JL 07 14 22,,00110,R,300  ,,TROQUELADO,,325,0,1,,0
MTL-03977-01;A0 P,MTL-03977-01;A0,ASY-53727-127;A0,6P250 , JL 07 14 22,,00130,R,300  ,,TROQUELADO, FORMANDO 1,275,0,1,,0
MTL-03977-01;A0 P,MTL-03977-01;A0,ASY-53727-127;A0,6P200 , JL 07 14 22,,00150,R,300  ,,TROQUELADO, FORMANDO 2,275,0,1,,0
MTL-03977-01;A0 P,MTL-03977-01;A0,ASY-53727-127;A0,6P200 , JL 07 14 22,,00170,R,300  ,,TROQUELADO, FORMANDO 3,275,0,1,,0
MTL-03977-01;A0 S,MTL-03977-01;A0,ASY-53727-127;A0,6N043,JCG 11 01 23,,00110,R,102  ,,PUNZONADO EN TORRETA,,64,0,1,,0
MTL-03977-01;A0 S,MTL-03977-01;A0,ASY-53727-127;A0,6DBR ,JCG 11 01 23,,00120,R,200  ,,REBABEO PARA MANEJO, SEGURO,120,0,1,,0
MTL-03977-01;A0 S,MTL-03977-01;A0,ASY-53727-127;A0,6BRK ,JCG 11 01 23,,00140,R,302  ,,DOBLADORA AMADA,,160,0,1,,0
MTL-05286-01;A0,MTL-05286-01;A0,ASY-53727-127;A0,6N03 ,JCG 26 01 23,,00110,R,104  ,,CORTE LASER AMADA,,542,0,1,,0
MTL-05286-01;A0,MTL-05286-01;A0,ASY-53727-127;A0,6DBR ,JCG 26 01 23,,00120,R,200  ,,REBABEO PARA MANEJO, SEGURO,120,0,1,,0
MTL-05286-01;A0,MTL-05286-01;A0,ASY-53727-127;A0,6BRK ,JCG 26 01 23,,00140,R,302  ,,DOBLADORA AMADA,,250,0,1,,0
MTL-05286-01;A0,MTL-05286-01;A0,ASY-53727-127;A0,6BRK ,JCG 26 01 23,,00160,R,302  ,,DOBLADORA AMADA,,55,0,1,,0
