ESTACIÓN 3,,ESTACIÓN 4,,,,ESTACIÓN 5,,,ESTACIÓN 6,
ASY-02434-01,,RACK 1,RACK2,RACK3,,RACK1,RACK2,,RACK 1,RACK 2
MTL-02237-04,,ASY-03143-06,MTL-02213-05,ASY-04757-03,,ASY-03189-06,ASY-03187-06,,ASY-03183-05,ASY-03138-03
MTL-02236-04,,ASY-05271-01,MTL-02247-05,ASY-04756-04,,MTL-03292-01,ASY-03184-05,,MTL-05286-01,ASY-03158-05
MTL-02220-03,,ASY-03156-03,ASY-03135-04,,,MTL-02844-02,ASY-03188-06,,MECH-02518-01,ASY-0484-02
ASY-03139-03,,ASY-03136-03,ASY-03152-06,,,MECH-01645-02,,,H FAS-00779,ASY-03230-06
ASY-03145-02,,ASY-03137-03,,,,MTL-02258-06,,,ASY-03330-04,ASY-02248-06
MTL-02239-01,,MTL-02218-01,,,,ASY-03185-02,,,MECH-01253-01,
ASY-03135-03,,MTL-02322-03,,,,ASY-04183-01,,,ASY-03327-02,
MTL-02738-01,,MECH-01754-04,,,,,,,A LBL-00890-02,
MTL-03697-01,,MECH-01253-01,,,,,,,A CBL-00407-05,
ASY-04776-01,,MECH-01200-02,,,,,,,A CT 4BK 18-C,
MECH-02689-01,,,,,,,,,MECH-01566-05,
MECH-01754-04,,,,,,,,,MECH-01567-05,
CBL-00408-05,,,,,,,,,MECH-01540-06,
GSKT-00349,,,,,,,,,MECH-01563-05,
ASY-05269-03,,,,,,,,,A LBL-00990-02,
,,,,,,,,,A LBL-00991-03,
,,,,,,,,,A LBL-00992-04,
,,,,,,,,,A LBL-00961-02,
,,,,,,,,,A LBL-01322-01,
,,,,,,,,, A LBL-01010-01,
,,,,,,,,, A LBL-00918-07,
,,,,,,,,,A LBL-00960-02,
,,,,,,,,,A LBL-01363-01,
,,,,,,,,,A LBL-01364-01,
,,,,,,,,, A LBL-01002-02,
