,,,,,Ensamble días por año,,202,2025,,,2023.0,2024.0,2024.0,2024.0,2024.0,2024.0,2024.0,2024.0,2024.0,2024.0,2024.0,2024.0,2024.0,2025.0,2025.0,2025.0,2025.0,2025.0,,2023.0,2024.0,2024.0,2024.0,2024.0,2024.0,2024.0,2024.0,2024.0,2024.0,2024.0,2024.0,2024.0,2025.0,2025.0,2025.0,2025.0,2025.0,,,,,,,,,,,,,,,,,,,,,,,,,,,,,,,,,,,,,,,,,,,,,,,,,,,,,,,,,,,,,,,,,,,,,,,,
,,,,,Fabricación días por año,,307,,,,,,,,,,,,,,,,,,,,,,,,,,,,,,,,,,,,,,,,,1,1,1,1,1,1,1,1,1,1,,,1,1,1,1,,1,1,1,1,,,,,1,,1,1,1,1,1,1,1,1,1,1,1,,,,,1,1,,1,1,1,1,1,1,1,1,1,1,,,,,,,,,,,,,,,,42,
,,,,,,,,,,,,,,,,,,,,,,,,,,,,,,,,,,,,,,,,,,,,,,,,Punzonado,,Corte Laser,Estampado,,,,Rebabeo Manual,Machueleado,Externo,,,,Maquinado,"Rebabeo 
Por Vibracion",Inspeccion,Estampado Térmico,Insercion PEM,"Doblado 
Amada",,,Externo,,,,"Lijado 
(Time saver)","Rebabeo 
Por Vibracion",Insercion PEM,Soldadura,,,,,Rebabeo Manual,Inspeccion,"Prep Pintura 
(Enmascarillado)",Pintura,,Estampado,,,,Insercion PEM,Serigrafía,Subensamble,Ensamble Final,,,,,,,,,INSPECCION,Ensamble Final,,,,,,,,,,,,,,,TOTAL PROCESOS (38),
,,,,,2024,,,,,,,,,,,,,,,,,,,,,,,,,,,,,,,,,,,,,,,,,,,Torreta,Combo,,110,200,250,300,,,,,,,,,,,,BRK,ATC,RG,,,,,,,,Perno,MicroAlam,Punto,TIG,Robot,,,,PNT,SEMI,110,200,250,300,,,Empty,Amphenol,Arista,Friedrich,Hyperscale,Linecards,Sanmina,AFL ASCN,AFL NO/ASCND,Otros Ensam,,335 - 224,223 - 156,155 - 124,123 - 98,97 - 70,69 - 49,48 - 35,34 - 23,22 - 15,14 - 10, '9 - 6,´5 - 3,2 - 0.25,,,# Procesos,Total Work Content
Cust. Code,Program,Part Number,Description,Price,Total Revenue,Total Volume,Monthly Avg. Volume,Total Revenue,Total Volume,Monthly Avg. Volume,12.0,1.0,2.0,3.0,4.0,5.0,6.0,7.0,8.0,9.0,10.0,11.0,12.0,1.0,2.0,3.0,4.0,5.0,x,12.0,1.0,2.0,3.0,4.0,5.0,6.0,7.0,8.0,9.0,10.0,11.0,12.0,1.0,2.0,3.0,4.0,5.0,3,2,1,2,1,6,3,1,1,Pintura,Platinado,Maquinado,Pasivado,1,1,,,1,7,1,3,Pintura,Platinado,Maquinado,Pasivado,1,,1,?,?,?,?,?,,,?,1,1,,,,,,1,,,,,,,,,,,,,,,,,,,,,,,,,,,,
AFL,AFL HYPER,HCF-48U-ODF-003;5,48U ODF WITH SPLICE CA,3298.43,946649.4099999999,287,24,0,0,0,0.0,0.0,0.0,28.0,28.0,35.0,28.0,35.0,28.0,28.0,35.0,28.0,14.0,0.0,0.0,0.0,0.0,0.0,,0.0,0.0,0.0,92356.04,92356.04,115445.04999999999,92356.04,115445.04999999999,92356.04,92356.04,115445.04999999999,92356.04,46178.02,0.0,0.0,0.0,0.0,0.0,X,X,X, , , , , ,X,X,X, , ,X, ,X, , ,X, ,X,X,X, , , , ,X, ,X,X,X, ,X, ,X,X, , , , , , ,X, , , , ,X, , , , , ,X,,,,,,,,,,,,,,,,22,
AFL,AFL HYPER,HCF-48U-SPL-001;6,48U ODF - SIDE PANEL K,640.07,312994.23000000004,489,41,179219.6,280,56,8.0,5.0,0.0,60.0,80.0,80.0,64.0,60.0,40.0,40.0,0.0,0.0,60.0,80.0,60.0,60.0,40.0,40.0,,5120.56,3200.3500000000004,0.0,38404.200000000004,51205.600000000006,51205.600000000006,40964.48,38404.200000000004,25602.800000000003,25602.800000000003,0.0,0.0,38404.200000000004,51205.600000000006,38404.200000000004,38404.200000000004,25602.800000000003,25602.800000000003, ,X, , , , , , , , , , , , , , , , ,X, , , , , , , , ,X, , , , , , ,X,X,X, , , , , , , , , , , ,X, , , , , ,X,,,,,,,,,,,,,,,,8,
AFL,ASCEND,ASCND-1RU-12RT;23,1RU BASE 12 RT ASCEND ,255.84,174482.88,682,57,326451.84,1276,256,200.0,100.0,0.0,50.0,100.0,0.0,0.0,100.0,0.0,0.0,0.0,100.0,232.0,290.0,232.0,232.0,290.0,232.0,,51168.0,25584.0,0.0,12792.0,25584.0,0.0,0.0,25584.0,0.0,0.0,0.0,25584.0,59354.88,74193.6,59354.88,59354.88,74193.6,59354.88,X,X, , ,X,X, , , , , , , , , , , ,X,X, , , , , , , , ,X, , , , , , , ,X,X, , , , , , ,X,X, , , , , , ,X, , ,X,,,,,,,,,,,,,,,,13,
AFL,Ascend,ASCND-1RU-8RT;23,1RU-8RT ASCEND ASSY,269.11,309476.5,1150,96,0,0,0,0.0,0.0,0.0,100.0,100.0,200.0,300.0,0.0,150.0,100.0,0.0,200.0,0.0,0.0,0.0,0.0,0.0,0.0,,0.0,0.0,0.0,26911.0,26911.0,53822.0,80733.0,0.0,40366.5,26911.0,0.0,53822.0,0.0,0.0,0.0,0.0,0.0,0.0, , , , , ,X, ,X, ,X, , , , , ,X,X, , , , , , , , , , , , , , , , , , , , , , , , , , , , , , , , , , ,X, , ,X,,,,,,,,,,,,,,,,7,
AFL,ASCEND,ASCND-2RU-12RT;23,2RU BASE 12 RAMP ASCEN,285.58,799624,2800,234,628276,2200,440,0.0,400.0,0.0,400.0,200.0,100.0,0.0,200.0,0.0,200.0,500.0,400.0,400.0,500.0,400.0,400.0,500.0,400.0,,0.0,114232.0,0.0,114232.0,57116.0,28558.0,0.0,57116.0,0.0,57116.0,142790.0,114232.0,114232.0,142790.0,114232.0,114232.0,142790.0,114232.0,X,X, , , , , , , , , , , , , , , ,X,X, , , , , , ,X, ,X, , , , , ,X, ,X,X, , , , , , ,X, , , , , , , ,X, , ,X,,,,,,,,,,,,,,,,12,
AFL,ASCEND,ASCND-2RU-8RT;23,2RU BASE 8 RAMP ASCEND,348.86,453518,1300,109,34886,100,20,0.0,0.0,0.0,100.0,200.0,250.0,200.0,0.0,250.0,200.0,100.0,0.0,0.0,100.0,0.0,0.0,0.0,0.0,,0.0,0.0,0.0,34886.0,69772.0,87215.0,69772.0,0.0,87215.0,69772.0,34886.0,0.0,0.0,34886.0,0.0,0.0,0.0,0.0, , , , , ,X, ,X, ,X, , , , , ,X,X, , , , , , , , , , , , , , , , , , , , , , , , , , ,X, , , , , , , ,X, , , ,,,,,,,,,,,,,,,,7,
AFL,Ascend,ASCND-4RU-12RT;23,4RU-12RT ASCEND ASSY,471.95,1461157.2,3096,258,1040177.7999999999,2204,441,150.0,350.0,0.0,0.0,200.0,250.0,100.0,300.0,200.0,448.0,400.0,400.0,448.0,300.0,448.0,448.0,560.0,448.0,,65340.0,159182.5,0.0,0.0,94390.0,117987.5,47195.0,141585.0,94390.0,211433.6,188780.0,188780.0,211433.6,141585.0,211433.6,211433.6,264292.0,211433.6,X,X, , , ,X, ,X, ,X, , , , , ,X,X, ,X, , , , , , ,X, ,X, , , , , , , ,X,X, , , , , , ,X, , , , , , , ,X, , ,X,,,,,,,,,,,,,,,,15,
AFL,Ascend,ASCND-4RU-8RT;23,4RU-8RT ASCEND ASSY,468.32,187328,400,34,93664,200,40,200.0,0.0,0.0,200.0,0.0,0.0,100.0,0.0,0.0,0.0,100.0,0.0,0.0,0.0,200.0,0.0,0.0,0.0,,93664.0,0.0,0.0,93664.0,0.0,0.0,46832.0,0.0,0.0,0.0,46832.0,0.0,0.0,0.0,93664.0,0.0,0.0,0.0,X,X, , , ,X, ,X, ,X, , , , , ,X,X, ,X, , , , , , ,X, ,X, , , , , , , ,X,X, , , , , , ,X, , , , , , , ,X, , ,X,,,,,,,,,,,,,,,,15,
AFL,HYPERSCALE,HCF-48U-ODF002;11,48U FRAME ASSEMBLY,2814.12,396790.92,141,12,0,0,0,46.0,69.0,20.0,52.0,0.0,0.0,0.0,0.0,0.0,0.0,0.0,0.0,0.0,0.0,0.0,0.0,0.0,0.0,,129449.51999999999,194174.28,56282.399999999994,146334.24,0.0,0.0,0.0,0.0,0.0,0.0,0.0,0.0,0.0,0.0,0.0,0.0,0.0,0.0,X,X,X, , , , , ,X,X, , , , , , , , ,X, ,X, , , , , , , , ,X,X,X, ,X,X,X,X, , , , , , ,X, , , , ,X, , , , , ,X,,,,,,,,,,,,,,,,17,
AFL,HYPERSCALE,HCF-48U-ODF-004;4,48U FRAME ASSEMBLY,0,0,1,1,0,0,0,0.0,1.0,0.0,0.0,0.0,0.0,0.0,0.0,0.0,0.0,0.0,0.0,0.0,0.0,0.0,0.0,0.0,0.0,,0.0,3210.04,0.0,0.0,0.0,0.0,0.0,0.0,0.0,0.0,0.0,0.0,0.0,0.0,0.0,0.0,0.0,0.0,X,X,X, , , , , , , , , , , , , , , ,X, ,X, , , , , , ,X, ,X, ,X, ,X, ,X,X, , , , , , ,X, , , , ,X, , , , , ,X,,,,,,,,,,,,,,,,14,
AMAT,AMAT,0022-13130;04,BRACKET H2 SENSOR C3,5.38,1059.86,197,17,0,0,0,3.0,197.0,0.0,0.0,0.0,0.0,0.0,0.0,0.0,0.0,0.0,0.0,0.0,0.0,0.0,0.0,0.0,0.0,,16.14,1059.86,0.0,0.0,0.0,0.0,0.0,0.0,0.0,0.0,0.0,0.0,0.0,0.0,0.0,0.0,0.0,0.0, , ,X, , , , , , , , , , , , , , , ,X, , , , , , , , , , , , , , , , ,X,X, , , , , , , , , , , , , , , , ,X,X,,,,,,,,,,,,,,,,6,
AMAT,AMAT,0010-59216;07,"ASSEMBLY,LOWER DOOR,MI",721.83,2165.4900000000002,3,1,0,0,0,0.0,3.0,0.0,0.0,0.0,0.0,0.0,0.0,0.0,0.0,0.0,0.0,0.0,0.0,0.0,0.0,0.0,0.0,,0.0,2165.4900000000002,0.0,0.0,0.0,0.0,0.0,0.0,0.0,0.0,0.0,0.0,0.0,0.0,0.0,0.0,0.0,0.0, , ,X, , , , , , , , , , , , , , , ,X, , , , , , , , ,X, , ,X,X, ,X, ,X,X, , , , , , , , , , , , , , , , ,X,X,,,,,,,,,,,,,,,,10,
AMAT,AMAT,0021-96687;05,"BRACKET,FRONT SIDE BRA",120.2,360.6,3,1,0,0,0,0.0,3.0,0.0,0.0,0.0,0.0,0.0,0.0,0.0,0.0,0.0,0.0,0.0,0.0,0.0,0.0,0.0,0.0,,0.0,360.6,0.0,0.0,0.0,0.0,0.0,0.0,0.0,0.0,0.0,0.0,0.0,0.0,0.0,0.0,0.0,0.0, , ,X, , , , , , , ,,, , , , , , ,X, , ,,,,, ,, , , , ,X, ,X, ,X,X, ,,,,, , , , , , , , , , , ,X,X, , , , , , , , , , , , , ,,,8,
AMAT,AMAT,0040-01983;AD,"PANEL, WATER DISTRIBUT",511.04,1533.1200000000001,3,1,0,0,0,0.0,3.0,0.0,0.0,0.0,0.0,0.0,0.0,0.0,0.0,0.0,0.0,0.0,0.0,0.0,0.0,0.0,0.0,,0.0,1533.1200000000001,0.0,0.0,0.0,0.0,0.0,0.0,0.0,0.0,0.0,0.0,0.0,0.0,0.0,0.0,0.0,0.0, , ,X, , , , , , , ,,, , , , , ,X,X, , ,,,,, ,, , ,X, ,X, ,X, ,X,X, ,,,,, , , , , , , , , , , ,X,X, , , , , , , , , , , , , ,,,10,
AMAT,AMAT,0041-61872;06,"ENCLOSURE, FACILITY MA",762.75,2288.25,3,1,0,0,0,0.0,3.0,0.0,0.0,0.0,0.0,0.0,0.0,0.0,0.0,0.0,0.0,0.0,0.0,0.0,0.0,0.0,0.0,,0.0,2288.25,0.0,0.0,0.0,0.0,0.0,0.0,0.0,0.0,0.0,0.0,0.0,0.0,0.0,0.0,0.0,0.0, , ,X, , , , , , , ,,, , , , , ,X,X, , ,,,,, ,, , , , ,X, , , ,X,X, ,,,,, ,X, , , , , , , , , ,X,X, , , , , , , , , , , , , ,,,9,
AMAT,AMAT,0041-81685;02,"BRACKET, MACNETIC SW M",10,1940,194,17,0,0,0,3.0,97.0,0.0,97.0,0.0,0.0,0.0,0.0,0.0,0.0,0.0,0.0,0.0,0.0,0.0,0.0,0.0,0.0,,30.0,970.0,0.0,970.0,0.0,0.0,0.0,0.0,0.0,0.0,0.0,0.0,0.0,0.0,0.0,0.0,0.0,0.0, , ,X, , , , , , , ,,, , , , , ,X,X, , ,,,,, ,, , , , , , , , ,X,X, ,,,,, , , , , , , , , , , ,X,X, , , , , , , , , , , , , ,,,7,
AMAT,AMAT,0041-81686;02,"BRACKET, MACNETIC SW M",10,970,97,9,0,0,0,3.0,97.0,0.0,0.0,0.0,0.0,0.0,0.0,0.0,0.0,0.0,0.0,0.0,0.0,0.0,0.0,0.0,0.0,,30.0,970.0,0.0,0.0,0.0,0.0,0.0,0.0,0.0,0.0,0.0,0.0,0.0,0.0,0.0,0.0,0.0,0.0, , ,X, , , , , , , ,,, , , , , ,X,X, , ,,,,, ,, , , , , , , , ,X,X, ,,,,, , , , , , , , , , , ,X,X, , , , , , , , , , , , , ,,,7,
AMAT,AMAT,0041-83309;01,"PLATE,BOTTOM,W/EXHAUST",40.41,808.1999999999999,20,2,0,0,0,0.0,20.0,0.0,0.0,0.0,0.0,0.0,0.0,0.0,0.0,0.0,0.0,0.0,0.0,0.0,0.0,0.0,0.0,,0.0,808.1999999999999,0.0,0.0,0.0,0.0,0.0,0.0,0.0,0.0,0.0,0.0,0.0,0.0,0.0,0.0,0.0,0.0, , ,X, , , , , , , ,,, , , , , ,X, , , ,,,,, ,, , , , , , , , ,X,X, ,,,,, , , , , , , , , , , ,X,X, , , , , , , , , , , , , ,,,6,
AMAT,AMAT,0041-99611;03,PALLET GAS STICKS NAPA,59.58,2800.2599999999998,47,4,0,0,0,0.0,3.0,22.0,22.0,0.0,0.0,0.0,0.0,0.0,0.0,0.0,0.0,0.0,0.0,0.0,0.0,0.0,0.0,,0.0,178.74,1310.76,1310.76,0.0,0.0,0.0,0.0,0.0,0.0,0.0,0.0,0.0,0.0,0.0,0.0,0.0,0.0, , , , , , , , , , ,,, , , , , , , , , ,,,,, ,, , , , ,X, , , ,X,X, ,,,,, , , , , , , , , , , ,X,X, , , , , , , , , , , , , ,,,5,
AMAT,AMAT,0042-06060;03,REAR HEATER PANEL NAPA,44.23,1105.75,25,3,2211.5,50,10,0.0,0.0,0.0,0.0,0.0,0.0,0.0,0.0,0.0,0.0,0.0,0.0,25.0,25.0,25.0,0.0,0.0,0.0,,0.0,0.0,0.0,0.0,0.0,0.0,0.0,0.0,0.0,0.0,0.0,0.0,1105.75,1105.75,1105.75,0.0,0.0,0.0, , ,X, , , , , , , ,,, , , , , ,X,X, , ,,,,, ,, , , , , , , , ,X,X, ,,,,, , , , , , , , , , , ,X,X, , , , , , , , , , , , , ,,,7,
AMAT,AMAT,0042-16783;04,ENCLOSURE RIVETED SYM3,420.07,42007,100,9,0,0,0,0.0,0.0,0.0,0.0,50.0,50.0,0.0,0.0,0.0,0.0,0.0,0.0,0.0,0.0,0.0,0.0,0.0,0.0,,0.0,0.0,0.0,0.0,21003.5,21003.5,0.0,0.0,0.0,0.0,0.0,0.0,0.0,0.0,0.0,0.0,0.0,0.0, ,X, , , , , , , , ,,, ,X, , , ,X,X, , ,,,,, ,, , , , , , , , ,X,X, ,,,,, ,X, , , , , , , , , ,X,X, , , , , , , , , , , , , ,,,9,
AMAT,AMAT,0042-32661;05,"REMOVABLE UPPER BAR, C",744.82,2234.46,3,1,0,0,0,0.0,3.0,0.0,0.0,0.0,0.0,0.0,0.0,0.0,0.0,0.0,0.0,0.0,0.0,0.0,0.0,0.0,0.0,,0.0,2234.46,0.0,0.0,0.0,0.0,0.0,0.0,0.0,0.0,0.0,0.0,0.0,0.0,0.0,0.0,0.0,0.0, , ,X, , , , , , , ,,, ,X, , , , ,X, , ,,,,, ,,X, , , ,X, , , ,X,X, ,,,,, , , , , , , , , , , ,X,X, , , , , , , , , , , , , ,,,9,
AMAT,AMAT,0042-32991;05,"REMOVABLE UPPER BAR, C",753.18,2259.54,3,1,0,0,0,0.0,3.0,0.0,0.0,0.0,0.0,0.0,0.0,0.0,0.0,0.0,0.0,0.0,0.0,0.0,0.0,0.0,0.0,,0.0,2259.54,0.0,0.0,0.0,0.0,0.0,0.0,0.0,0.0,0.0,0.0,0.0,0.0,0.0,0.0,0.0,0.0, , ,X, , , , , , , ,,, , , , , ,X,X, , ,,,,, ,, , , , ,X, , , ,X,X, ,,,,, , , , , , , , , , , ,X,X, , , , , , , , , , , , , ,,,8,
AMAT,ICHOR,0022-12699;05,"PLATE,BOTTOM,W/EXHAUST",4.07,1005.2900000000001,247,21,0,0,0,3.0,247.0,0.0,0.0,0.0,0.0,0.0,0.0,0.0,0.0,0.0,0.0,0.0,0.0,0.0,0.0,0.0,0.0,,12.21,1005.2900000000001,0.0,0.0,0.0,0.0,0.0,0.0,0.0,0.0,0.0,0.0,0.0,0.0,0.0,0.0,0.0,0.0, , ,X, , , , , , , ,,, , , , , , ,X, , ,,,,, ,, , , , , , , , ,X,X, ,,,,, , , , , , , , , , , ,X,X, , , , , , , , , , , , , ,,,6,
ARIS,ARIS MISC,ASY-06327-02;A0,"ASY,DNL,FC,FAN,PCB,STI",69.56,66012.44,949,80,0,0,0,0.0,476.0,473.0,0.0,0.0,0.0,0.0,0.0,0.0,0.0,0.0,0.0,0.0,0.0,0.0,0.0,0.0,0.0,,0.0,24856.72,24700.059999999998,0.0,0.0,0.0,0.0,0.0,0.0,0.0,0.0,0.0,0.0,0.0,0.0,0.0,0.0,0.0,X,X, , , , , , , , ,,, , , , , ,X,X, , ,,,,, ,, , , , , , , , , , , ,,,,, , , , ,X, , , , , , , ,X, , , , , , , , , , , , , ,,,6,
ARIS,ARIS MISC,ASY-06331-05;A0,"ASY,DN,FC,COVER REAR,A",26.01,51811.920000000006,1992,166,0,0,0,0.0,1992.0,0.0,0.0,0.0,0.0,0.0,0.0,0.0,0.0,0.0,0.0,0.0,0.0,0.0,0.0,0.0,0.0,,0.0,49461.36,0.0,0.0,0.0,0.0,0.0,0.0,0.0,0.0,0.0,0.0,0.0,0.0,0.0,0.0,0.0,0.0,X,X, , , , , , , , ,,, , , , , , ,X, , ,,,,, ,, , , , , , , , , , , ,,,,, , , , ,X, , , , , , , ,X, , , , , , , , , , , , , ,,,5,
ARIS,AURORA,ASY-08367-01;A0,"ASY,DN,FC,TRAY,AURORA",269.4,14008.8,52,5,0,0,0,0.0,0.0,52.0,0.0,0.0,0.0,0.0,0.0,0.0,0.0,0.0,0.0,0.0,0.0,0.0,0.0,0.0,0.0,,0.0,0.0,14008.8,0.0,0.0,0.0,0.0,0.0,0.0,0.0,0.0,0.0,0.0,0.0,0.0,0.0,0.0,0.0,X,X,X, , , , , , , ,,, , ,X, , ,X,X, , ,,,,, ,, , , , , , , , , , , ,,,,, , , , , , , , ,X, , , ,X, , , , , , , , , , , , , ,,,8,
ARIS,BROOK,ASY-03911-03;A0,"ASM,DN,HSNK,BRKT,LF,BR",3.53,3830.0499999999997,1085,91,2329.7999999999997,660,132,0.0,0.0,0.0,0.0,0.0,185.0,120.0,150.0,120.0,120.0,150.0,120.0,120.0,150.0,120.0,120.0,150.0,120.0,,0.0,0.0,0.0,0.0,0.0,654.9,424.8,531.0,424.8,424.8,531.0,424.8,424.8,531.0,424.8,424.8,531.0,424.8, , ,X, , , , , , , ,,, , , , , ,X,X, , ,,,,, ,, , , , , , , , , , , ,,,,, , , , , , , , ,X, , , ,X, , , , , , , , , , , , , ,,,5,
ARIS,BROOK,ASY-03912-03;A2,"ASY,DN,FC,COVER REAR,B",13.22,31728,2400,200,8725.2,660,132,0.0,0.0,0.0,500.0,500.0,500.0,120.0,150.0,120.0,120.0,150.0,120.0,120.0,150.0,120.0,120.0,150.0,120.0,,0.0,0.0,0.0,5875.0,5875.0,5875.0,1410.0,1699.5,1359.6,1359.6,1699.5,1359.6,1359.6,1699.5,1359.6,1359.6,1699.5,1359.6,X, , , , , , , , , ,,, , , , , , ,X, , ,,,,, ,, , , , , , , , , , , ,,,,, , , , , , , , ,X, , , ,X, , , , , , , , , , , , , ,,,4,
ARIS,BROOK,ASY-03913-11;C0,"ASY,DN,FC,TRAY ASM,BRO",184.88,385474.8,2085,174,122020.8,660,132,0.0,0.0,0.0,500.0,500.0,185.0,120.0,150.0,120.0,120.0,150.0,120.0,120.0,150.0,120.0,120.0,150.0,120.0,,0.0,0.0,0.0,92440.0,92440.0,34202.799999999996,22185.6,27732.0,22185.6,22185.6,27732.0,22185.6,22185.6,27732.0,22185.6,22185.6,27732.0,22185.6,X,X,X, ,X, , , , , ,,, , ,X, , ,X,X, , ,,,,, ,, , , , , , , , , , , ,,,,, , , , , , , ,X, , , , ,X, , , , , , , , , , , , , ,,,9,
ARIS,BROOK,ASY-03916-02;A1,"ASY,DN,FC,BRACKET,BROO",9.14,12147.060000000001,1329,111,6032.400000000001,660,132,0.0,244.0,0.0,0.0,0.0,185.0,120.0,150.0,120.0,120.0,150.0,120.0,120.0,150.0,120.0,120.0,150.0,120.0,,0.0,2156.96,0.0,0.0,0.0,1646.5,1068.0,1335.0,1060.8,1060.8,1326.0,1060.8,1060.8,1326.0,1060.8,1060.8,1326.0,1060.8,X, , , , , , , , , ,,, , , , , ,X,X, , ,,,,, ,, , , , , , , , , , , ,,,,, , , , , , , , ,X, , , ,X, , , , , , , , , , , , , ,,,5,
ARIS,BROOK,ASY-03918-03;B0,"ASY,DN,FC,STIFFENER,TP",7.27,11522.949999999999,1585,133,4798.2,660,132,0.0,500.0,0.0,0.0,0.0,185.0,120.0,150.0,120.0,120.0,150.0,120.0,120.0,150.0,120.0,120.0,150.0,120.0,,0.0,3635.0,0.0,0.0,0.0,1344.9499999999998,872.4,1090.5,872.4,872.4,1090.5,872.4,872.4,1090.5,872.4,872.4,1090.5,872.4, , , , , ,X, , , , ,,, , , , , ,X,X, , ,,,,, ,, , , , , , , , , , , ,,,,, , , , , , , , ,X, , , ,X, , , , , , , , , , , , , ,,,5,
ARIS,CLEARWATER,ASY-03305-05;A0,"ASY, DN, LC, CONNECTOR",4.05,4110.75,1015,85,2583.9,638,128,0.0,0.0,0.0,0.0,0.0,145.0,116.0,145.0,116.0,116.0,145.0,116.0,116.0,145.0,116.0,116.0,145.0,116.0,,0.0,0.0,0.0,0.0,0.0,540.85,432.68,540.85,432.68,432.68,540.85,432.68,432.68,540.85,432.68,432.68,540.85,432.68, , , , , ,X, , , , ,,, , , , , ,X,X, , ,,,,, ,, , , , , , , , , , , ,,,,, , , , , , , , ,X, , , ,X, , , , , , , , , , , , , ,,,5,
ARIS,CLEARWATER,ASY-03834-03;A0,"ASY,LC,STIFFENER,FRONT",10,10150,1015,85,6380,638,128,0.0,0.0,0.0,0.0,0.0,145.0,116.0,145.0,116.0,116.0,145.0,116.0,116.0,145.0,116.0,116.0,145.0,116.0,,0.0,0.0,0.0,0.0,0.0,1450.0,1160.0,1450.0,1160.0,1160.0,1450.0,1160.0,1160.0,1450.0,1160.0,1160.0,1450.0,1160.0, , ,X, , , , , , , ,,, , , , , ,X,X, , ,,,,, ,,X, , , , , , , , , , ,,,,, , , , , , , , , , , , ,X, , , , , , , , , , , , , ,,,5,
ARIS,CLEARWATER,ASY-03835-04;A0,"ASY, LC, TOP COVER, CL",11.71,13056.650000000001,1115,93,7470.9800000000005,638,128,0.0,100.0,0.0,0.0,0.0,145.0,116.0,145.0,116.0,116.0,145.0,116.0,116.0,145.0,116.0,116.0,145.0,116.0,,0.0,1113.0,0.0,0.0,0.0,1697.95,1358.3600000000001,1613.8500000000001,1291.0800000000002,1291.0800000000002,1613.8500000000001,1291.0800000000002,1291.0800000000002,1613.8500000000001,1291.0800000000002,1291.0800000000002,1613.8500000000001,1291.0800000000002,X, , , ,X, , , , , ,,, , , , , ,X,X, , ,,,,, ,, , , , , , , , , , , ,,,,, , , , , , , , , , , , ,X, , , , , , , , , , , , , ,,,5,
ARIS,CLEARWATER,ASY-03837-03;B0,"ASY,LC,BOTTOM COVER, C",36.42,36966.3,1015,85,23235.960000000003,638,128,0.0,0.0,0.0,0.0,0.0,145.0,116.0,145.0,116.0,116.0,145.0,116.0,116.0,145.0,116.0,116.0,145.0,116.0,,0.0,0.0,0.0,0.0,0.0,5280.900000000001,4224.72,5280.900000000001,4224.72,4224.72,5280.900000000001,4224.72,4224.72,5280.900000000001,4224.72,4224.72,5280.900000000001,4224.72,X, , , , , , , , , ,,, , , , , ,X,X, , ,,,,, ,, , , , , , , , , , , ,,,,, , , , , , , , , , , ,X,X, , , , , , , , , , , , , ,,,5,
ARIS,CLEARWATER,ASY-05325-02;A0,ASY DN LC CPU REAR CON,7,7105,1015,85,4466,638,128,0.0,0.0,0.0,0.0,0.0,145.0,116.0,145.0,116.0,116.0,145.0,116.0,116.0,145.0,116.0,116.0,145.0,116.0,,0.0,0.0,0.0,0.0,0.0,974.4,779.52,974.4,779.52,779.52,974.4,779.52,779.52,974.4,779.52,779.52,974.4,779.52, , , , ,X, , , , , ,,, , , , , ,X,X, , ,,,,, ,, , , , , , , , , , , ,,,,, , , , , , , , , , , ,X,X, , , , , , , , , , , , , ,,,5,
ARIS,CLEARWATER,ASY-05326-05;B0,ASY LC BOTTOM COVER CL,30.98,31444.7,1015,85,19765.24,638,128,0.0,0.0,0.0,0.0,0.0,145.0,116.0,145.0,116.0,116.0,145.0,116.0,116.0,145.0,116.0,116.0,145.0,116.0,,0.0,0.0,0.0,0.0,0.0,4492.1,3593.68,4492.1,3593.68,3593.68,4492.1,3593.68,3593.68,4492.1,3593.68,3593.68,4492.1,3593.68,X, , , , , , , , , ,,, , , , , ,X,X, , ,,,,, ,, , , , , , , , , , , ,,,,, , , , , , , , , , , ,X,X, , , , , , , , , , , , , ,,,5,
ARIS,CLEARWATER,ASY-05327-03;A0,ASY DN LC STIFFENER RI,7.43,7541.45,1015,85,4740.34,638,128,0.0,0.0,0.0,0.0,0.0,145.0,116.0,145.0,116.0,116.0,145.0,116.0,116.0,145.0,116.0,116.0,145.0,116.0,,0.0,0.0,0.0,0.0,0.0,1077.35,861.88,1077.35,861.88,861.88,1077.35,861.88,861.88,1077.35,861.88,861.88,1077.35,861.88,X, , , ,X, , , , , ,,, , , , , ,X,X, , ,,,,, ,, , , , , , , , , , , ,,,,, , , , , , , , , , , ,X,X, , , , , , , , , , , , , ,,,6,
ARIS,CLEARWATER,ASY-05330-03;A0,ASY DN LC STIFFENER MI,4.61,4679.150000000001,1015,85,2941.1800000000003,638,128,0.0,0.0,0.0,0.0,0.0,145.0,116.0,145.0,116.0,116.0,145.0,116.0,116.0,145.0,116.0,116.0,145.0,116.0,,0.0,0.0,0.0,0.0,0.0,668.45,534.76,668.45,534.76,534.76,668.45,534.76,534.76,668.45,534.76,534.76,668.45,534.76, , ,X, , , , , , , ,,, , , , , ,X,X, , ,,,,, ,, , , , , , , , , , , ,,,,, , , , , , , , , , , ,X,X, , , , , , , , , , , , , ,,,5,
ARIS,CLEARWATER,ASY-05331-05;A0,"MTL,DN,LC,TOP COVER, C",10.21,10363.150000000001,1015,85,6513.9800000000005,638,128,0.0,0.0,0.0,0.0,0.0,145.0,116.0,145.0,116.0,116.0,145.0,116.0,116.0,145.0,116.0,116.0,145.0,116.0,,0.0,0.0,0.0,0.0,0.0,1480.45,1184.3600000000001,1480.45,1184.3600000000001,1184.3600000000001,1480.45,1184.3600000000001,1184.3600000000001,1480.45,1184.3600000000001,1184.3600000000001,1480.45,1184.3600000000001,X, , , , , , , , , ,,, , , , , ,X,X, , ,,,,, ,, , , , , , , , , , , ,,,,, , , , , , , , , , , , ,X, , , , , , , , , , , , , ,,,4,
ARIS,CLEARWATER,ASY-05688-04;A0,"ASY, DN, LC, FACEPLATE",32.38,32865.700000000004,1015,85,20658.440000000002,638,128,0.0,0.0,0.0,0.0,0.0,145.0,116.0,145.0,116.0,116.0,145.0,116.0,116.0,145.0,116.0,116.0,145.0,116.0,,0.0,0.0,0.0,0.0,0.0,4580.55,3664.44,4580.55,3664.44,3664.44,4580.55,3664.44,3664.44,4580.55,3664.44,3664.44,4580.55,3664.44, , , , ,X, , , , , ,,, , , , , ,X,X, , ,,,,, ,, , , , , , , , ,X,X, ,,,,, ,X, , , , , , , , , ,X,X, , , , , , , , , , , , , ,,,8,
ARIS,CLEARWATER,ASY-05739-04;A0,"ASY,DN,LC,CHASSIS,CLEA",47.95,74562.25,1555,130,24262.7,506,102,250.0,500.0,250.0,0.0,0.0,115.0,92.0,115.0,92.0,92.0,115.0,92.0,92.0,115.0,92.0,92.0,115.0,92.0,,12627.5,25255.0,12627.5,0.0,0.0,5514.25,4411.400000000001,5514.25,4411.400000000001,4411.400000000001,5514.25,4411.400000000001,4411.400000000001,5514.25,4411.400000000001,4411.400000000001,5514.25,4411.400000000001,X, , , ,X, , , , , ,,, , , , , ,X,X, , ,,,,, ,, , , , , , , , ,X,X, ,,,,, ,X, , , , , , , , , ,X,X, , , , , , , , , , , , , ,,,9,
ARIS,CLEARWATER,ASY-05741-04;A0,"ASY,DN,LC,CHASSIS,CLEA",47.73,40809.149999999994,855,72,24151.379999999997,506,102,0.0,0.0,50.0,0.0,0.0,115.0,92.0,115.0,92.0,92.0,115.0,92.0,92.0,115.0,92.0,92.0,115.0,92.0,,0.0,0.0,3260.0,0.0,0.0,5488.95,4391.16,5488.95,4391.16,4391.16,5488.95,4391.16,4391.16,5488.95,4391.16,4391.16,5488.95,4391.16, , , , ,X, , , , , ,,, , , , , , , , , ,,,,, ,, , , , , , , , ,X,X, ,,,,, ,X, , , , , , , , , ,X,X, , , , , , , , , , , , , ,,,6,
ARIS,CLEARWATER,ASY-06019-01;A2,ASY DN LC AIR BAFFLE W,2.19,10654.35,4865,406,6697.0199999999995,3058,612,0.0,0.0,0.0,0.0,0.0,695.0,556.0,695.0,556.0,556.0,695.0,556.0,556.0,695.0,556.0,556.0,695.0,556.0,,0.0,0.0,0.0,0.0,0.0,1522.05,1217.6399999999999,1522.05,1217.6399999999999,1217.6399999999999,1522.05,1217.6399999999999,1217.6399999999999,1522.05,1217.6399999999999,1217.6399999999999,1522.05,1217.6399999999999, , , , , ,X, , , , ,,, , , , , , , , , ,,,,, ,, , , , , , , , , , , ,,,,, , , , , , , , , , , ,X,X, , , , , , , , , , , , , ,,,3,
ARIS,DALL,ASY-04979-06;B0,"ASY,DN,FC,TRAY ASM,DAL",394.62,295965,750,63,0,0,0,100.0,150.0,0.0,150.0,150.0,150.0,150.0,0.0,0.0,0.0,0.0,0.0,0.0,0.0,0.0,0.0,0.0,0.0,,39462.0,59193.0,0.0,59193.0,59193.0,59193.0,59193.0,0.0,0.0,0.0,0.0,0.0,0.0,0.0,0.0,0.0,0.0,0.0,X,X,X, ,X, , , , , ,,, , ,X, , ,X,X, , ,,,,, ,, , , , , , , , , , , ,,,,, , , , , , , , , , , ,X,X, , , , , , , , , , , , , ,,,9,
ARIS,DAWN,ASY-08174-01;A0,"ASY,DN,FC,ECLIPSE,TOP ",8.43,4215,500,42,0,0,0,50.0,500.0,0.0,0.0,0.0,0.0,0.0,0.0,0.0,0.0,0.0,0.0,0.0,0.0,0.0,0.0,0.0,0.0,,477.50000000000006,1695.0,0.0,0.0,0.0,0.0,0.0,0.0,0.0,0.0,0.0,0.0,0.0,0.0,0.0,0.0,0.0,0.0, , , , , , , , , , ,,, , , , , , , , , ,,,,, ,, , , , , , , , , , , ,,,,, , , , , , , ,X, , , , , , , , , , , , , , , , , , ,,,1,
ARIS,DAWN,ASY-08176-01;A0,"ASY,DN,FC,ECLIPSE,TOP ",8.37,4185,500,42,0,0,0,50.0,500.0,0.0,0.0,0.0,0.0,0.0,0.0,0.0,0.0,0.0,0.0,0.0,0.0,0.0,0.0,0.0,0.0,,474.5,1665.0,0.0,0.0,0.0,0.0,0.0,0.0,0.0,0.0,0.0,0.0,0.0,0.0,0.0,0.0,0.0,0.0,X, , , , , , , , , , , , , , , , ,X,X, , , , , , , , , , , , , , , , , , , , , , , , , , , , , , , , , , ,X,X,,,,,,,,,,,,,,,,5,
ARIS,DENALI,ASY-04339-06;A0,"ASY,DN,LC,TOP,COVER,SI",11.67,11039.82,946,79,5648.28,484,97,0.0,0.0,0.0,88.0,88.0,110.0,88.0,110.0,88.0,88.0,110.0,88.0,88.0,110.0,88.0,88.0,110.0,88.0,,0.0,0.0,0.0,912.56,912.56,1140.6999999999998,912.56,1140.6999999999998,912.56,912.56,1140.6999999999998,912.56,912.56,1140.6999999999998,912.56,912.56,1140.6999999999998,912.56,X, , , , , , , , , , , , , , , , ,X,X, , , , , , , , , , , , , , , , , , , , , , , , , , , , , , , , , , , ,X,,,,,,,,,,,,,,,,4,
ARIS,DENALI,ASY-04720-02;A1,"ASY,DN,LC,STIFFENER,MI",3.2,1651.2,516,43,844.8000000000001,264,53,0.0,0.0,0.0,48.0,48.0,60.0,48.0,60.0,48.0,48.0,60.0,48.0,48.0,60.0,48.0,48.0,60.0,48.0,,0.0,0.0,0.0,153.60000000000002,153.60000000000002,192.0,153.60000000000002,192.0,153.60000000000002,153.60000000000002,192.0,153.60000000000002,153.60000000000002,192.0,153.60000000000002,153.60000000000002,192.0,153.60000000000002, , ,X, , , , , , , , , , , , , , ,X,X, , , , , , , , , , , , , , , , , , , , , , , , , , , , , , , , , , , ,X,,,,,,,,,,,,,,,,4,
ARIS,DENALI,ASY-04958-03;A0,"ASY, DENALI, RACK KIT,",183.26,70921.62,387,33,36285.479999999996,198,40,0.0,0.0,0.0,36.0,36.0,45.0,36.0,45.0,36.0,36.0,45.0,36.0,36.0,45.0,36.0,36.0,45.0,36.0,,0.0,0.0,0.0,6597.36,6597.36,8246.699999999999,6597.36,8246.699999999999,6597.36,6597.36,8246.699999999999,6597.36,6597.36,8246.699999999999,6597.36,6597.36,8246.699999999999,6597.36,X, , , ,X,X, , , , , , , , , , , ,X,X, , , , , , , , , , , , , , , , , , , , , , , , , , , , , , , , , , ,X,X,,,,,,,,,,,,,,,,7,
ARIS,DENALI,ASY-05236-02;A0,ASY MTL DN FC BRACKET ,10.98,10859.220000000001,989,83,5555.88,506,102,0.0,0.0,0.0,92.0,92.0,115.0,92.0,115.0,92.0,92.0,115.0,92.0,92.0,115.0,92.0,92.0,115.0,92.0,,0.0,0.0,0.0,980.72,980.72,1225.9,980.72,1225.9,980.72,980.72,1225.9,980.72,980.72,1225.9,980.72,980.72,1225.9,980.72, , , , ,X,X, , , , , , , , , , , ,X, , , , , , , , , , , , , , , , , , , , , , , , , , , , , , , , , , , ,X,X,,,,,,,,,,,,,,,,5,
ARIS,DENALI,ASY-05238-02;A0,ASY MTL DN FC STIFFENE,5.34,26406.3,4945,413,13510.199999999999,2530,506,0.0,0.0,0.0,460.0,460.0,575.0,460.0,575.0,460.0,460.0,575.0,460.0,460.0,575.0,460.0,460.0,575.0,460.0,,0.0,0.0,0.0,2456.4,2456.4,3070.5,2456.4,3070.5,2456.4,2456.4,3070.5,2456.4,2456.4,3070.5,2456.4,2456.4,3070.5,2456.4, , , , , ,X, , , , , , , , , , , ,X, , , , , , , , , , , , , , , , , , , , , , , , , , , , , , , , , , , ,X,X,,,,,,,,,,,,,,,,4,
ARIS,DENALI,ASY-05719-01;B1,"ASY,DN,LC,BLANK, PAINT",31.58,184900.9,5855,488,63917.92,2024,405,339.0,600.0,600.0,600.0,600.0,695.0,368.0,460.0,368.0,368.0,460.0,368.0,368.0,460.0,368.0,368.0,460.0,368.0,,9488.61,16794.0,16794.0,18828.0,18828.0,21809.1,11547.84,14434.8,10734.560000000001,10734.560000000001,13418.2,10734.560000000001,10734.560000000001,13418.2,10734.560000000001,10734.560000000001,13418.2,10734.560000000001, , , , ,X,X, , , , , , , ,X, , , , ,X, , , , , , , , , , , , , , , , ,X,X, , , , , , , , , , , , , , , , ,X,X,,,,,,,,,,,,,,,,8,
ARIS,DRAGONFLY,ASY-05241-02;A0,"ASY,DN,FC,COVER,REAR,D",13.2,115830,8775,732,65340,4950,990,500.0,0.0,0.0,0.0,900.0,1125.0,900.0,1125.0,900.0,900.0,1125.0,900.0,900.0,1125.0,900.0,900.0,1125.0,900.0,,6600.0,0.0,0.0,0.0,11880.0,14850.0,11880.0,14850.0,11880.0,11880.0,14850.0,11880.0,11880.0,14850.0,11880.0,11880.0,14850.0,11880.0,X, , , , , , , , , , , , , , , , , ,X, , , , , , , , , , , , , , , , , , , , , , , , , , , , , , , , , , ,X,X,,,,,,,,,,,,,,,,4,
ARIS,DRAGONFLY,ASY-05266-05;D0,"ASY,DN,FC,TRAY ASM,DRA",193.82,2156635.14,11127,928,919482.08,4744,949,249.0,1000.0,900.0,400.0,800.0,1000.0,1000.0,1155.0,1000.0,1000.0,1040.0,832.0,1000.0,1040.0,832.0,1000.0,1040.0,832.0,,48261.18,193820.0,174438.0,77528.0,155056.0,193000.0,193820.0,223862.1,193820.0,193820.0,201572.8,161258.24,193820.0,201572.8,161258.24,193820.0,201572.8,161258.24, ,X, , , , , , , , , , , , , , , ,X,X, , , , , , , , , , , , , , , , , , , , , , , , , , , , , , , , , , ,X,X,,,,,,,,,,,,,,,,5,
ARIS,ECLIPSE,ASY-08392-01;A0,"ASY,DN,FC2,MIDNIGHT,ST",17.41,2089.2,120,10,0,0,0,0.0,120.0,0.0,0.0,0.0,0.0,0.0,0.0,0.0,0.0,0.0,0.0,0.0,0.0,0.0,0.0,0.0,0.0,,0.0,2089.2,0.0,0.0,0.0,0.0,0.0,0.0,0.0,0.0,0.0,0.0,0.0,0.0,0.0,0.0,0.0,0.0,X,X, , , , , , , , , , , , , , , ,X,X, , , , , , , , , , , , , , , , , , , , , , , , , , , , , , , , , , ,X,X,,,,,,,,,,,,,,,,6,
ARIS,ELDRIDGE,ASY-03410-04;A1,"ASY,DN,FC,COVER REAR,E",18.25,164414.25,9009,751,92746.5,5082,1017,1000.0,0.0,0.0,0.0,924.0,1155.0,924.0,1155.0,924.0,924.0,1155.0,924.0,924.0,1155.0,924.0,924.0,1155.0,924.0,,16850.0,0.0,0.0,0.0,15855.84,19819.8,15855.84,19461.75,15569.400000000001,15569.400000000001,19461.75,15569.400000000001,15569.400000000001,19461.75,15569.400000000001,15569.400000000001,19461.75,15569.400000000001,X, , , , , , , , , , , , , , , , , ,X, , , , , , , , , , , , , , , , , , , , , , , , , , , , , , , , , , ,X,X,,,,,,,,,,,,,,,,4,
ARIS,ELDRIDGE,ASY-03420-05;A0,"ASY,DN,FC,STIFFENER,PC",8.98,80900.82,9009,751,45636.36,5082,1017,0.0,0.0,0.0,0.0,924.0,1155.0,924.0,1155.0,924.0,924.0,1155.0,924.0,924.0,1155.0,924.0,924.0,1155.0,924.0,,0.0,0.0,0.0,0.0,7900.200000000001,9875.25,7900.200000000001,9875.25,7900.200000000001,7900.200000000001,9875.25,7900.200000000001,7900.200000000001,9875.25,7900.200000000001,7900.200000000001,9875.25,7900.200000000001,X, , , , , , , , , , , , , , , , ,X,X, , , , , , , , , , , , , , , , , , , , , , , , , , , , , , , , , , ,X,X,,,,,,,,,,,,,,,,5,
ARIS,ELDRIDGE,ASY-03792-09;D0,ASY DN FC TRAY ASM ELD,193.04,1592000.88,8247,688,734710.24,3806,762,0.0,0.0,1000.0,500.0,692.0,865.0,692.0,865.0,692.0,692.0,865.0,692.0,692.0,865.0,692.0,692.0,865.0,692.0,,0.0,0.0,193040.0,96520.0,133583.68,166979.6,133583.68,166979.6,133583.68,133583.68,166979.6,133583.68,133583.68,166979.6,133583.68,133583.68,166979.6,133583.68,X,X, , ,X,X, , , , , , , ,X,X, , ,X,X, , , , , , , , , , , , , , , , , , , , , , , , , , , , , , , , , , ,X,X,,,,,,,,,,,,,,,,10,
ARIS,ELDRIDGE,ASY-05354-01;B0,ASY DN FC STIFFENER TP,14.15,141627.35,10009,835,71910.3,5082,1017,0.0,1000.0,0.0,0.0,924.0,1155.0,924.0,1155.0,924.0,924.0,1155.0,924.0,924.0,1155.0,924.0,924.0,1155.0,924.0,,0.0,13360.0,0.0,0.0,12326.16,15407.7,12326.16,15430.8,12344.64,12344.64,15430.8,12344.64,12344.64,15430.8,12344.64,12344.64,15430.8,12344.64, , , , ,X, , , , , , , , , , , , , , , , , , , , , , , , , , , , , , , , , , , , , , , , , , , , , , , , ,X,X,,,,,,,,,,,,,,,,3,
ARIS,ELDRIDGE,ASY-05359-01;A0,ASY DN FC COVER REAR E,17.71,79429.35,4485,374,44806.3,2530,506,0.0,0.0,0.0,0.0,460.0,575.0,460.0,575.0,460.0,460.0,575.0,460.0,460.0,575.0,460.0,460.0,575.0,460.0,,0.0,0.0,0.0,0.0,7410.599999999999,9263.25,7410.599999999999,9263.25,7410.599999999999,7410.599999999999,9263.25,7410.599999999999,7410.599999999999,9263.25,7410.599999999999,7410.599999999999,9263.25,7410.599999999999,X, , , , , , , , , , , , , , , , , ,X, , , , , , , , , , , , , , , , , , , , , , , , , , , , , , , , , , ,X,X,,,,,,,,,,,,,,,,4,
ARIS,HOGAN,ASY-08047-01;A1,"ASY,DN,LC,HOGAN,BB,NUT",6.21,310.5,50,5,0,0,0,0.0,50.0,0.0,0.0,0.0,0.0,0.0,0.0,0.0,0.0,0.0,0.0,0.0,0.0,0.0,0.0,0.0,0.0,,0.0,310.5,0.0,0.0,0.0,0.0,0.0,0.0,0.0,0.0,0.0,0.0,0.0,0.0,0.0,0.0,0.0,0.0, , ,X, , , , , , , , , , , , , , ,X, , , , , , , , , , , , , , , , , , , , , , , , , , , , , , , , , , , ,X,X,,,,,,,,,,,,,,,,4,
ARIS,KANTISHNA,ASY-55672-106;A0,"ASY, DN12, CHASSIS, TO",9689.93,4360468.5,450,38,0,0,0,0.0,0.0,0.0,0.0,0.0,0.0,0.0,0.0,0.0,200.0,200.0,50.0,0.0,0.0,0.0,0.0,0.0,0.0,,0.0,0.0,0.0,0.0,0.0,0.0,0.0,0.0,0.0,1839943.9999999998,1839943.9999999998,459985.99999999994,0.0,0.0,0.0,0.0,0.0,0.0,X,X,X, , , , , , , , , , ,X, , , ,X,X, , , , , , , , , , , , , , , , , , , , , , , , ,X, , , , , , , , , ,X,X,,,,,,,,,,,,,,,,9,
ARIS,MCKINLEY,ASY-03297-06;B0,"ASY, LC, TOP COVER, CA",13.08,6121.44,468,39,3453.12,264,53,0.0,0.0,0.0,0.0,48.0,60.0,48.0,60.0,48.0,48.0,60.0,48.0,48.0,60.0,48.0,48.0,60.0,48.0,,0.0,0.0,0.0,0.0,627.84,784.8,627.84,784.8,627.84,627.84,784.8,627.84,627.84,784.8,627.84,627.84,784.8,627.84,X, , , , , , , , , , , , , , , , ,X,X, , , , , , , , , , , , , , , , , , , , , , , , , , , , , , , , , , , ,X,,,,,,,,,,,,,,,,4,
ARIS,MCKINLEY,ASY-03298-08;A1,"ASY, LC, BOTTOM COVER,",27.5,16830,612,51,7260,264,53,0.0,0.0,0.0,0.0,100.0,100.0,100.0,60.0,48.0,48.0,60.0,48.0,48.0,60.0,48.0,48.0,60.0,48.0,,0.0,0.0,0.0,0.0,2600.0,2750.0,2750.0,1560.0,1248.0,1248.0,1560.0,1248.0,1248.0,1560.0,1248.0,1248.0,1560.0,1248.0,X, , , , , , , , , , , , , , , , ,X,X, , , , , , , , , , , , , , , , , , , , , , , , , , , , , , , , , , ,X,X,,,,,,,,,,,,,,,,5,
ARIS,MCKINLEY,ASY-04850-01;A0,"ASY, LC, STIFFENER, LA",17.51,9805.6,560,47,4622.64,264,53,0.0,0.0,0.0,0.0,100.0,100.0,48.0,60.0,48.0,48.0,60.0,48.0,48.0,60.0,48.0,48.0,60.0,48.0,,0.0,0.0,0.0,0.0,1622.0,1751.0000000000002,840.48,973.1999999999999,778.56,778.56,973.1999999999999,778.56,778.56,973.1999999999999,778.56,778.56,973.1999999999999,778.56, ,X, , , , , , , , , , , , , , , ,X,X, , , , , , , , , , , , , , , , , , , , , , , , , , , , , , , , , , ,X,X,,,,,,,,,,,,,,,,5,
ARIS,NORTHFACE,ASY-56832-124;B0,"ASY, DN8, TOP LEVEL, C",5798.97,1067010.48,184,16,2934278.8200000003,506,102,0.0,0.0,0.0,0.0,0.0,0.0,0.0,0.0,0.0,0.0,0.0,92.0,92.0,115.0,92.0,92.0,115.0,92.0,,0.0,0.0,0.0,0.0,0.0,0.0,0.0,0.0,0.0,0.0,0.0,533505.24,533505.24,666881.55,533505.24,533505.24,666881.55,533505.24,X,X,X, ,X, , , , , , , , , , , , ,X,X, , , , , , , , , , , , , , , , , , , , , , , , ,X, , , , , , , , , ,X,X,,,,,,,,,,,,,,,,9,
ARIS,OTHER,ASY-03299-06;A0,"ASY, LC, STIFFENER, FR",9.55,4469.400000000001,468,39,2521.2000000000003,264,53,0.0,0.0,0.0,0.0,48.0,60.0,48.0,60.0,48.0,48.0,60.0,48.0,48.0,60.0,48.0,48.0,60.0,48.0,,0.0,0.0,0.0,0.0,458.40000000000003,573.0,458.40000000000003,573.0,458.40000000000003,458.40000000000003,573.0,458.40000000000003,458.40000000000003,573.0,458.40000000000003,458.40000000000003,573.0,458.40000000000003,X, , , , , , , , , , , , , , , , ,X,X, , , , , , , , , , , , , , , , , , , , , , , , , , , , , , , , , , ,X,X,,,,,,,,,,,,,,,,5,
ARIS,OTHER,ASY-04948-06;A0,"ASY, LC, CHASSIS, MICR",113.32,84990,750,63,0,0,0,0.0,150.0,150.0,0.0,150.0,100.0,100.0,100.0,0.0,0.0,0.0,0.0,0.0,0.0,0.0,0.0,0.0,0.0,,0.0,20445.000000000004,20445.000000000004,0.0,16998.0,13630.000000000002,11332.0,11332.0,0.0,0.0,0.0,0.0,0.0,0.0,0.0,0.0,0.0,0.0,X, , , ,X, , , , , , , , , , , , ,X,X, , , , , , , , , , , , , , , , , , , , , , , , , , , , , , , , , , ,X,X,,,,,,,,,,,,,,,,6,
ARIS,OTTER LAKE,ASY-03271-01;A0,"ASY,DENALI,OTTER LAKE,",6.62,15186.28,2294,192,6699.4400000000005,1012,203,500.0,500.0,0.0,0.0,184.0,230.0,184.0,230.0,184.0,184.0,230.0,184.0,184.0,230.0,184.0,184.0,230.0,184.0,,3310.0,3440.0,0.0,0.0,1218.08,1522.6000000000001,1218.08,1522.6000000000001,1218.08,1218.08,1522.6000000000001,1218.08,1218.08,1522.6000000000001,1218.08,1218.08,1522.6000000000001,1218.08,X, , , , , , , , , , , , , , , , , ,X, , , , , , , , , , , , , , , , , , , , , , , , , , , , , , , , , , ,X,X,,,,,,,,,,,,,,,,4,
ARIS,OTTER LAKE,ASY-03272-01;A0,"ASY,DENALI,OTTER LAKE,",3.9,10514.4,2696,225,3946.7999999999997,1012,203,500.0,0.0,0.0,0.0,500.0,500.0,500.0,230.0,184.0,184.0,230.0,184.0,184.0,230.0,184.0,184.0,230.0,184.0,,1885.0,0.0,0.0,0.0,1885.0,1900.0,1900.0,867.1,693.68,693.68,867.1,693.68,693.68,867.1,693.68,693.68,867.1,693.68,X, , , , , , , , , , , , , , , , ,X,X, , , , , , , , , , , , , , , , , , , , , , , , , , , , , , , , , , ,X,X,,,,,,,,,,,,,,,,5,
ARIS,OTTER LAKE,ASY-03579-03;A0,"ASY,DN,OL,SSD,COVER,PL",2.72,11913.6,4380,365,2752.6400000000003,1012,203,500.0,0.0,0.0,1000.0,1000.0,1000.0,184.0,230.0,184.0,184.0,230.0,184.0,184.0,230.0,184.0,184.0,230.0,184.0,,2005.0,0.0,0.0,2490.0,2490.0,2490.0,458.16,572.7,458.16,458.16,572.7,458.16,458.16,572.7,458.16,458.16,572.7,458.16, , ,X, , , , , , , , , , , , , , , ,X, , , , , , , , , , , , , , , , , , , , , , , , , , , , , , , , , , ,X,X,,,,,,,,,,,,,,,,4,
ARIS,OTTER LAKE,ASY-04142-02;A0,"ASY,DENALI,HORSESHOE L",9.37,21494.78,2294,192,9482.439999999999,1012,203,0.0,500.0,0.0,0.0,184.0,230.0,184.0,230.0,184.0,184.0,230.0,184.0,184.0,230.0,184.0,184.0,230.0,184.0,,0.0,4054.9999999999995,0.0,0.0,1724.08,2155.1,1724.08,1865.3,1492.2399999999998,1492.2399999999998,1865.3,1492.2399999999998,1492.2399999999998,1865.3,1492.2399999999998,1492.2399999999998,1865.3,1492.2399999999998,X, , , , , , , , , , , , , , , , , ,X, , , , , , , , , , , , , , , , , , , , , , , , , , , , , , , , , , ,X,X,,,,,,,,,,,,,,,,4,
ARIS,OTTER LAKE,ASY-04143-01;B0,"ASY,DENALI,HORSESHOE L",5.11,11722.34,2294,192,5171.320000000001,1012,203,0.0,500.0,0.0,0.0,184.0,230.0,184.0,230.0,184.0,184.0,230.0,184.0,184.0,230.0,184.0,184.0,230.0,184.0,,0.0,2555.0,0.0,0.0,940.24,1175.3000000000002,940.24,1175.3000000000002,940.24,940.24,1175.3000000000002,940.24,940.24,1175.3000000000002,940.24,940.24,1175.3000000000002,940.24,X, , , , , , , , , , , , , , , , ,X,X, , , , , , , , , , , , , , , , , , , , , , , , , , , , , , , , , , ,X,X,,,,,,,,,,,,,,,,5,
ARIS,OTTER LAKE,ASY-05733-04;A0,"ASY,OTTER LAKE,CHASSIS",84.38,262421.8,3110,260,85392.56,1012,203,500.0,500.0,500.0,0.0,500.0,230.0,184.0,230.0,184.0,184.0,230.0,184.0,184.0,230.0,184.0,184.0,230.0,184.0,,42190.0,42190.0,42190.0,0.0,42190.0,19407.399999999998,15525.919999999998,19407.399999999998,15525.919999999998,15525.919999999998,19407.399999999998,15525.919999999998,15525.919999999998,19407.399999999998,15525.919999999998,15525.919999999998,19407.399999999998,15525.919999999998,X, , , , , , , , , , , , , , , , ,X,X, , , , , , , , , , , , , , , , ,X,X, , , , , , ,X, , , , , , , , , ,X,X,,,,,,,,,,,,,,,,8,
ARIS,OTTER LAKE,ASY-05735-04;A0,"ASY,HS LAKE, CHAS, BAS",70.14,263025,3750,313,0,0,0,0.0,500.0,0.0,750.0,750.0,500.0,500.0,750.0,0.0,0.0,0.0,0.0,0.0,0.0,0.0,0.0,0.0,0.0,,0.0,35070.0,0.0,56310.0,52605.0,35070.0,35070.0,52605.0,0.0,0.0,0.0,0.0,0.0,0.0,0.0,0.0,0.0,0.0,X, , , , , , , , , , , , , , , , ,X,X, , , , , , , , , , , , , , , , , , , , , , , , , , , , , , , , , , ,X,X,,,,,,,,,,,,,,,,5,
ARIS,SAVAGE 112,ASY-08121-02;B0,"ASY,DN,FC,TRAY ASM,SAV",323.46,8086.499999999999,25,3,0,0,0,25.0,0.0,0.0,0.0,0.0,25.0,0.0,0.0,0.0,0.0,0.0,0.0,0.0,0.0,0.0,0.0,0.0,0.0,,9460.5,0.0,0.0,0.0,0.0,8086.499999999999,0.0,0.0,0.0,0.0,0.0,0.0,0.0,0.0,0.0,0.0,0.0,0.0, ,X,X, , , , , , , , , , , ,X, , ,X,X, , , , , , , , , , , , , , , , , , , , , , , , , , , , , , , , , , ,X,X,,,,,,,,,,,,,,,,7,
ARIS,SHADE,ASY-07111-04;A0,"ASY,DN,FC,TRAY ASM,MID",299.33,17959.8,60,5,0,0,0,0.0,60.0,0.0,0.0,0.0,0.0,0.0,0.0,0.0,0.0,0.0,0.0,0.0,0.0,0.0,0.0,0.0,0.0,,0.0,17959.8,0.0,0.0,0.0,0.0,0.0,0.0,0.0,0.0,0.0,0.0,0.0,0.0,0.0,0.0,0.0,0.0, ,X,X, , , , , , , , , , , ,X, , ,X,X, , , , , , , , , , , , , , , , , , , , , , , , , , , , , , , , , , ,X,X,,,,,,,,,,,,,,,,7,
ARIS,SHADE,ASY-07123-03;A1,"ASY,DN,FC,TRAY ASM,SHA",274.13,69629.02,254,22,0,0,0,0.0,0.0,127.0,127.0,0.0,0.0,0.0,0.0,0.0,0.0,0.0,0.0,0.0,0.0,0.0,0.0,0.0,0.0,,0.0,0.0,34814.51,34814.51,0.0,0.0,0.0,0.0,0.0,0.0,0.0,0.0,0.0,0.0,0.0,0.0,0.0,0.0,X,X, , , , , , , , , , , , , , , ,X,X, , , , , , , , , , , , , , , , , , , , , , , , , , , , , , , , , , ,X,X,,,,,,,,,,,,,,,,6,
ARIS,SHADE,ASY-07816-02;A0,"ASY,DN,FC,SHADE,CENTER",18.98,1898,100,9,0,0,0,0.0,0.0,50.0,50.0,0.0,0.0,0.0,0.0,0.0,0.0,0.0,0.0,0.0,0.0,0.0,0.0,0.0,0.0,,0.0,0.0,949.0,949.0,0.0,0.0,0.0,0.0,0.0,0.0,0.0,0.0,0.0,0.0,0.0,0.0,0.0,0.0,X,X, , , , , , , , , , , , , , , ,X,X, , , , , , , , , , , , , , , , , , , , , , , , , , , , , , , , , , ,X,X,,,,,,,,,,,,,,,,6,
ARIS,SHADE,ASY-07850-03;A0,"ASY,DN,FC,SHADE,CENTER",6.03,940.6800000000001,156,13,0,0,0,0.0,156.0,0.0,0.0,0.0,0.0,0.0,0.0,0.0,0.0,0.0,0.0,0.0,0.0,0.0,0.0,0.0,0.0,,0.0,940.6800000000001,0.0,0.0,0.0,0.0,0.0,0.0,0.0,0.0,0.0,0.0,0.0,0.0,0.0,0.0,0.0,0.0, ,X, , , , , , , , , , , , , , , ,X,X, , , , , , , , , , , , , , , , , , , , , , , , , , , , , , , , , , ,X,X,,,,,,,,,,,,,,,,5,
ARIS,SHADE,ASY-07868-03;A0,"ASY,DN,FC,COVER,SHADE",6.06,1999.8,330,28,0,0,0,25.0,330.0,0.0,0.0,0.0,0.0,0.0,0.0,0.0,0.0,0.0,0.0,0.0,0.0,0.0,0.0,0.0,0.0,,151.5,1999.8,0.0,0.0,0.0,0.0,0.0,0.0,0.0,0.0,0.0,0.0,0.0,0.0,0.0,0.0,0.0,0.0, ,X, , , , , , , , , , , , , , , ,X,X, , , , , , , , , , , , , , , , , , , , , , , , , , , , , , , , , , ,X,X,,,,,,,,,,,,,,,,5,
ARIS,SKYLINE,ASY-54577-108;A0,ASY DN16 CHASSIS TOP L,11805.59,6327796.24,536,45,2750702.47,233,47,40.0,0.0,30.0,40.0,50.0,50.0,50.0,50.0,50.0,58.0,50.0,50.0,58.0,50.0,40.0,58.0,45.0,40.0,,472223.60000000003,0.0,354167.69999999995,472223.6,590279.5,590279.5,590279.5,590279.5,590279.5,684724.22,590279.5,590279.5,684724.22,590279.5,472223.6,684724.22,531251.55,472223.6,X,X,X, , , , , , , , , , ,X, , , ,X,X, , , , , , , , , , , , , , , , , , , , , , , , ,X, , , , , , , , , ,X,X,,,,,,,,,,,,,,,,9,
ARIS,SLVRTHRONE,ASY-04331-08;A0,"ASY,DN,LC,STIFFENER,RI",7.55,89112.65,11803,984,9633.8,1276,256,0.0,1500.0,2000.0,282.0,2171.0,2171.0,2171.0,290.0,232.0,232.0,290.0,232.0,232.0,290.0,232.0,232.0,290.0,232.0,,0.0,8655.0,11465.0,1629.96,12418.119999999999,12548.380000000001,12548.380000000001,1676.2,1338.6399999999999,1338.6399999999999,1673.3,1338.6399999999999,1338.6399999999999,1673.3,1338.6399999999999,1338.6399999999999,1673.3,1338.6399999999999, , , , , ,X, , , , , , , , , , , ,X,X, , , , , , , , , , , , , , , , , , , , , , , , , , , , , , , , , , ,X,X,,,,,,,,,,,,,,,,5,
ARIS,SLVRTHRONE,ASY-04338-03;A1,"ASY,DN,LC,BOTTOM,COVER",34.87,86965.78,2494,208,44494.119999999995,1276,256,40.0,0.0,0.0,232.0,232.0,290.0,232.0,290.0,232.0,232.0,290.0,232.0,232.0,290.0,232.0,232.0,290.0,232.0,,1334.8,0.0,0.0,7818.400000000001,7818.400000000001,9773.0,7818.400000000001,9677.3,7741.839999999999,7741.839999999999,9677.3,7741.839999999999,7741.839999999999,9677.3,7741.839999999999,7741.839999999999,9677.3,7741.839999999999,X, , , , , , , , , , , , , , , , ,X,X, , , , , , , , , , , , , , , , , , , , , , , , , , , , , , , , , , ,X,X,,,,,,,,,,,,,,,,5,
ARIS,SLVRTHRONE,ASY-04719-02;A1,"ASY,DN,LC,STIFFENER,MI",3.2,5740.8,1794,150,3238.4,1012,203,0.0,0.0,0.0,0.0,184.0,230.0,184.0,230.0,184.0,184.0,230.0,184.0,184.0,230.0,184.0,184.0,230.0,184.0,,0.0,0.0,0.0,0.0,568.56,710.6999999999999,568.56,710.6999999999999,568.56,568.56,710.6999999999999,568.56,568.56,710.6999999999999,568.56,568.56,710.6999999999999,568.56, , ,X, , , , , , , , , , , , , , ,X,X, , , , , , , , , , , , , , , , , , , , , , , , , , , , , , , , , , ,X,X,,,,,,,,,,,,,,,,5,
ARIS,WOLVERINE,ASY-05418-03;A0,"ASY,DN, LC, BOTTOM COV",21.54,112438.79999999999,5220,435,43596.96,2024,405,924.0,1000.0,0.0,0.0,1000.0,460.0,368.0,460.0,368.0,368.0,460.0,368.0,368.0,460.0,368.0,368.0,460.0,368.0,,19902.96,21540.0,0.0,0.0,21540.0,9908.4,7926.719999999999,9908.4,7926.719999999999,7926.719999999999,9908.4,7926.719999999999,7926.719999999999,9908.4,7926.719999999999,7926.719999999999,9908.4,7926.719999999999,X, , ,X, , , , , , , , , , , , , ,X,X, , , , , , , , , , , , , , , , , , , , , , , , , , , , , , , , , , ,X,X,,,,,,,,,,,,,,,,6,
ARIS,WOLVERINE,ASY-05420-05;B0,"ASY, DN, LC, TOP COVER",7.56,32508,4300,359,15301.439999999999,2024,405,0.0,1000.0,0.0,0.0,1000.0,0.0,368.0,0.0,368.0,368.0,460.0,368.0,368.0,460.0,368.0,368.0,460.0,368.0,,0.0,7560.0,0.0,0.0,7560.0,0.0,2782.08,0.0,2782.08,2782.08,3477.6,2782.08,2782.08,3477.6,2782.08,2782.08,3477.6,2782.08,X, , , , , , , , , , , , , , , , ,X,X, , , , , , , , , , , , , , , , , , , , , , , , , , , , , , , , , , , ,X,,,,,,,,,,,,,,,,4,
ARIS,WOLVERINE,ASY-07580-01;A0,"ASY, DN, LC, STIFFENER",9.54,95399.99999999999,10000,834,0,0,0,0.0,0.0,1000.0,4000.0,4000.0,1000.0,0.0,0.0,0.0,0.0,0.0,0.0,0.0,0.0,0.0,0.0,0.0,0.0,,0.0,0.0,4770.0,38160.0,38160.0,9540.0,0.0,0.0,0.0,0.0,0.0,0.0,0.0,0.0,0.0,0.0,0.0,0.0, , , , ,X, , , , , , , , , , , , ,X,X, , , , , , , , , , , , , , , , , , , , , , , , , , , , , , , , , , , ,X,,,,,,,,,,,,,,,,4,
FUJI,FUJIKURA,N754000-11;A,FDF-102-RACK-UNIT,4997.97,9995.94,2,1,0,0,0,32.0,2.0,0.0,0.0,0.0,0.0,0.0,0.0,0.0,0.0,0.0,0.0,0.0,0.0,0.0,0.0,0.0,0.0,,157736.0,9858.5,0.0,0.0,0.0,0.0,0.0,0.0,0.0,0.0,0.0,0.0,0.0,0.0,0.0,0.0,0.0,0.0,X, ,X, , , , , , , , , , ,X, , , ,X,X, , , , , , , , , ,X, , , , , , ,X,X, , , , , , , , , , , , , , , , ,X,X,,,,,,,,,,,,,,,,10,
,,,,,,,,,,,,,,,,,,,,,,,,,,,,,,,,,,,,,,,,,,,,,,,,,,,,,,,,,,,,,,,,,,,,,,,,,,,,,,,,,,,,,,,,,,,,,,,,,,,,,,,,,,,,,,,,,,,,,,,
,,,,,,,,10635602.77,72821,14584,,,,,,,,,,,,,,,,,,,,,,,,,,,,,,,,,,,,,,,,,,,,,,,,,,,,,,,,,,,,,,,,,,,,,,,,,,,,,,,,,,,,,,,,,,,,,,,,,,,,,,,,,,,,,
,,,,,,,,2127120.554,,,,,,,,,,,,,,,,,,,,,,,,,,,,,,,,,,,,,,,,,,,,,,,,,,,,,,,,,,,,,,,,,,,,,,,,,,,,,,,,,,,,,,,,,,,,,,,,,,,,,,,,,,,,,,,
