M/B,LEVEL,PARENT,BACKLOG,COMPONENT,STATUS,PROCESO INICIAL,DESCRIPTION1,REQ,U/M,ON HAND,ON ORD,COMM,AVAIL,LEAD TIME,VENDOR NAME,TYPE,PROGRAMA
B,__2,ASY-54577-110;A0,864,A LBL-00112,B,,1.000 IN W X 0.25 IN H,3,EA,5464,0,1827,3637,15,BRADLEY NAMEPLATE CORPORATION,,"ARISTA NETWORKS, INC"
B,____4,ASY-54577-110;A0,864,H MECH-05243,B,,11RU ESD JACK PENCOM P,1.1,EA,3984,1500,372.8,5111.2,70,PENCOM-SO CA,,"ARISTA NETWORKS, INC"
B,_____5,ASY-54577-110;A0,864,H MECH-05243,B,,11RU ESD JACK PENCOM P,1.1,EA,3984,1500,372.8,5111.2,70,PENCOM-SO CA,,"ARISTA NETWORKS, INC"
B,____4,ASY-54577-110;A0,864,H MECH-05243,B,,11RU ESD JACK PENCOM P,1.1,EA,3984,1500,372.8,5111.2,70,PENCOM-SO CA,,"ARISTA NETWORKS, INC"
B,__2,ASY-54577-110;A0,864,H SC7134,B,,3MM X 8 SEMS SCREW SQU,40.7,EA,7775.3,28000,11566.35,24208.95,90,PENCOM-SO CA,,"ARISTA NETWORKS, INC"
B,____4,ASY-54577-110;A0,864,H TPS-3MM-8,B,,3MM X 8MM SST PINPENN,2.2,EA,364750.74,17100,0,381850.74,55,SW ANDERSON COMPANY,,"ARISTA NETWORKS, INC"
B,____4,ASY-54577-110;A0,864,H TPS-3MM-8,B,,3MM X 8MM SST PINPENN,2.2,EA,364750.74,17100,0,381850.74,55,SW ANDERSON COMPANY,,"ARISTA NETWORKS, INC"
B,___3,ASY-54577-110;A0,864,P S-1898,B,,"4 x 7"" Bolsas con Cier",4,EA,2148,1000,2066,1082,20,(D)ULINE SHIPPING SUPPLIES,,"ARISTA NETWORKS, INC"
B,__2,ASY-54577-110;A0,864,P S-1898,B,,"4 x 7"" Bolsas con Cier",4,EA,2148,1000,2066,1082,20,(D)ULINE SHIPPING SUPPLIES,,"ARISTA NETWORKS, INC"
M,__2,ASY-54577-110;A0,864,ASY-05450-03;A0,S,6AARI,ASY DENALI SKYLINE LT,2,EA,12,216,374,-146,3,,,"ARISTA NETWORKS, INC"
M,__2,ASY-54577-110;A0,864,ASY-05451-03;A0,S,6N04 ,ASY DENALI SKYLINE LT,1,EA,187,100,191,96,1,,,"ARISTA NETWORKS, INC"
M,__2,ASY-54577-110;A0,864,ASY-05464-02;A0,S,6N04 ,ASY DENALI SKYLINE LT,2,EA,58,143,374,-173,1,,,"ARISTA NETWORKS, INC"
M,0,ASY-54577-110;A0,864,ASY-54577-110;A0,S,6AARI,ASY DN16 CHASSIS TOP L,1,EA,19,192,864,-653,3,,,"ARISTA NETWORKS, INC"
M,___3,ASY-54577-110;A0,864,ASY-04527-05;A0,S,6AARI,ASY DN16 COVER LOWER C,1,EA,6,132,180,-42,3,,,"ARISTA NETWORKS, INC"
M,___3,ASY-54577-110;A0,864,ASY-03278-05;A0,S,6AARI ,ASY DN8/DN4/CANT CHASS,2,EA,3,1706,1994,-285,3,,,"ARISTA NETWORKS, INC"
M,__2,ASY-54577-110;A0,864,ASY-04780-05;B0,S,6APEM,"ASY, DENALI, RACK KIT,",1,,73,278,531,-180,0,,,"ARISTA NETWORKS, INC"
M,_1,ASY-54577-110;A0,864,ASY-05571-04;C0,S,6AARI,"ASY, DN16, ACCESSORY K",1,EA,-2,194,192,0,3,,,"ARISTA NETWORKS, INC"
M,___3,ASY-54577-110;A0,864,ASY-04534-02;A0,S,6N03 ,"ASY, DN16, BUS BAR, FM",2,EA,186,135,360,-39,1,,,"ARISTA NETWORKS, INC"
M,___3,ASY-54577-110;A0,864,ASY-04539-03;A0,S,6N04 ,"ASY, DN16, CABLE MODUL",1,EA,112,0,180,-68,1,,,"ARISTA NETWORKS, INC"
M,__2,ASY-54577-110;A0,864,ASY-04572-05;A0,S,6AARI,"ASY, DN16, CCB, FABRIC",1,EA,6,164,191,-21,3,,,"ARISTA NETWORKS, INC"
M,__2,ASY-54577-110;A0,864,ASY-04576-05;A0,S,6AARI,"ASY, DN16, CCB, FABRIC",1,EA,6,165,191,-20,3,,,"ARISTA NETWORKS, INC"
M,__2,ASY-54577-110;A0,864,ASY-04574-02;A0,S,6AARI ,"ASY, DN16, CHAS, CCB,",1,EA,18,135,183,-30,3,,,"ARISTA NETWORKS, INC"
M,___3,ASY-54577-110;A0,864,ASY-04575-02;A0,S,6N04 ,"ASY, DN16, CHAS, CCB,",1,EA,230,0,267,-37,1,,,"ARISTA NETWORKS, INC"
M,___3,ASY-54577-110;A0,864,ASY-04575-02;A0,S,6N04 ,"ASY, DN16, CHAS, CCB,",1,EA,230,0,267,-37,1,,,"ARISTA NETWORKS, INC"
M,_1,ASY-54577-110;A0,864,ASY-04577-10;A0,S,6AARI,"ASY, DN16, CHASSIS, BA",1,EA,-1,193,192,0,3,,,"ARISTA NETWORKS, INC"
M,___3,ASY-54577-110;A0,864,ASY-04543-05;A0,S,6N04 ,"ASY, DN16, CHASSIS, CA",1,EA,35,130,180,-15,1,,,"ARISTA NETWORKS, INC"
M,___3,ASY-54577-110;A0,864,ASY-04547-04;A0,S,6AARI ,"ASY, DN16, CHASSIS, CA",1,EA,-1,134,180,-47,3,,,"ARISTA NETWORKS, INC"
M,____4,ASY-54577-110;A0,864,ASY-04519-03;A0,S,6N043 ,"ASY, DN16, CHASSIS, CA",1,EA,8,162,121,49,1,,,"ARISTA NETWORKS, INC"
M,___3,ASY-54577-110;A0,864,ASY-04538-02;A0,S,6AARI ,"ASY, DN16, CHASSIS, CO",1,EA,-9,147,180,-42,3,,,"ARISTA NETWORKS, INC"
B,___3,ASY-54577-110;A0,864,B ASY-04495-05;B0,B,,"ASY, DN16, CHASSIS, FR",1,EA,95,687,180,602,120,W&B TECHNOLOGY LTD,,"ARISTA NETWORKS, INC"
M,___3,ASY-54577-110;A0,864,ASY-04526-02;A0,S,6N04 ,"ASY, DN16, CHASSIS, TO",1,EA,21,140,180,-19,1,,,"ARISTA NETWORKS, INC"
M,____4,ASY-54577-110;A0,864,ASY-04528-03;A0,S,6N04 ,"ASY, DN16, COVER, LWR,",1,EA,70,70,132,8,1,,,"ARISTA NETWORKS, INC"
M,____4,ASY-54577-110;A0,864,ASY-04609-02;A0,S,6N03 ,"ASY, DN16, COVER, LWR,",1,EA,91,50,132,9,1,,,"ARISTA NETWORKS, INC"
M,__2,ASY-54577-110;A0,864,ASY-04555-05;A0,S,6AARI,"ASY, DN16, PSU CAGE",1,EA,-1,159,183,-25,3,,,"ARISTA NETWORKS, INC"
M,___3,ASY-54577-110;A0,864,ASY-04556-03;A0,S,6N04  ,"ASY, DN16, PSU CAGE, B",1,EA,-1,90,159,-70,1,,,"ARISTA NETWORKS, INC"
M,___3,ASY-54577-110;A0,864,ASY-04559-03;A0,S,6AARI ,"ASY, DN16, PSU CAGE, D",21,EA,98,3241,3339,0,3,,,"ARISTA NETWORKS, INC"
M,___3,ASY-54577-110;A0,864,ASY-04557-02;A0,S,6N03 ,"ASY, DN16, PSU CAGE, S",4,EA,343,0,636,-293,1,,,"ARISTA NETWORKS, INC"
B,_1,ASY-54577-110;A0,864,P APKG-00148-02A0,B,,"ASY, PKG, SINGLE, 7816",1,EA,20,460,200,280,70,NEFAB MEXICO SA DE CV,,"ARISTA NETWORKS, INC"
M,___3,ASY-54577-110;A0,864,ASY-05275-01;A0,S,6AARI ,"ASY,CZ,CHASSIS,FABRIC",6,EA,71,3283,3354,0,3,,,"ARISTA NETWORKS, INC"
M,___3,ASY-54577-110;A0,864,ASY-05275-01;A0,S,6AARI ,"ASY,CZ,CHASSIS,FABRIC",6,EA,71,3283,3354,0,3,,,"ARISTA NETWORKS, INC"
B,__2,ASY-54577-110;A0,864,B ASY-05540-02;A2,B,,"ASY,DENALI,HERRON,BAFF",5,EA,1699,1000,915,1784,90,W&B TECHNOLOGY LTD,,"ARISTA NETWORKS, INC"
B,__2,ASY-54577-110;A0,864,B ASY-05541-03;A1,B,,"ASY,DENALI,HERRON,BAFF",10,EA,2967,2000,1830,3137,90,W&B TECHNOLOGY LTD,,"ARISTA NETWORKS, INC"
M,__2,ASY-54577-110;A0,864,ASY-08774-01;A0,S,6AARI ,"ASY,DN EJECTOR,TOOL,KI",4,EA,26,1186,1428,-216,3,,,"ARISTA NETWORKS, INC"
M,__2,ASY-54577-110;A0,864,ASY-04592-03;A0,S,6APEM,"ASY,DN16,BRACKET,BUS B",2,EA,58,48,366,-260,0,,,"ARISTA NETWORKS, INC"
M,____4,ASY-54577-110;A0,864,ASY-05523-01;A0,S,6N03 ,"ASY,DN16,BRKT,SPRT,BB,",1,EA,89,0,97,-8,1,,,"ARISTA NETWORKS, INC"
M,____4,ASY-54577-110;A0,864,ASY-05345-01;A0,S,6N03 ,"ASY,DN16,BRKT,SPRT,PSU",1,EA,143,0,97,46,1,,,"ARISTA NETWORKS, INC"
M,__2,ASY-54577-110;A0,864,ASY-05694-01;A0,S,6N03 ,"ASY,DN16,BRKT,SPRT2,BB",2,EA,179,99,366,-88,1,,,"ARISTA NETWORKS, INC"
B,__2,ASY-54577-110;A0,864,A ASY-04469-03;B0,B,,"ASY,DN16,BUSBAR,HORIZO",3,EA,498,1368,549,1317,100,METHODE ELECTRONICS (SUZHOU),,"ARISTA NETWORKS, INC"
B,__2,ASY-54577-110;A0,864,A ASY-04475-03;B0,B,,"ASY,DN16,BUSBAR,HORIZO",2,EA,456,541,366,631,100,METHODE ELECTRONICS (SUZHOU),,"ARISTA NETWORKS, INC"
B,___3,ASY-54577-110;A0,864,A ASY-04479-04;B0,B,,"ASY,DN16,BUSBAR,MAIN,P",1,EA,128,495,180,443,90,METHODE ELECTRONICS (SUZHOU),,"ARISTA NETWORKS, INC"
M,___3,ASY-54577-110;A0,864,ASY-04536-04;A0,S,6N043,"ASY,DN16,CCB BTM,FABRI",1,EA,70,100,164,6,1,,,"ARISTA NETWORKS, INC"
M,___3,ASY-54577-110;A0,864,ASY-04579-05;A0,S,6N043 ,"ASY,DN16,CCB BTM,FABRI",1,EA,48,27,164,-89,1,,,"ARISTA NETWORKS, INC"
M,___3,ASY-54577-110;A0,864,ASY-04580-04;A0,S,6N043,"ASY,DN16,CCB TOP,FABRI",1,EA,48,120,165,3,1,,,"ARISTA NETWORKS, INC"
M,___3,ASY-54577-110;A0,864,ASY-04581-04;A0,S,6N043 ,"ASY,DN16,CCB TOP,FABRI",1,EA,24,82,165,-59,1,,,"ARISTA NETWORKS, INC"
M,___3,ASY-54577-110;A0,864,ASY-04585-01;A0,S,6N03 ,"ASY,DN16,CCB,BRACE,CAR",1,EA,241,0,165,76,1,,,"ARISTA NETWORKS, INC"
M,___3,ASY-54577-110;A0,864,ASY-05855-01;A0,S,6N04 ,"ASY,DN16,CCB,FM CC,ALI",1,EA,227,155,164,218,1,,,"ARISTA NETWORKS, INC"
M,___3,ASY-54577-110;A0,864,ASY-04521-04;A0,S,6N044,"ASY,DN16,CCB,INSIDE,LE",1,EA,10,150,180,-20,1,,,"ARISTA NETWORKS, INC"
M,__2,ASY-54577-110;A0,864,ASY-04587-02;A0,S,6AARI ,"ASY,DN16,CCB,SHEAR BRA",1,EA,18,132,183,-33,3,,,"ARISTA NETWORKS, INC"
M,___3,ASY-54577-110;A0,864,ASY-04619-01;A0,S,6N03 ,"ASY,DN16,CHA,WAL,PSC,G",1,EA,174,0,180,-6,1,,,"ARISTA NETWORKS, INC"
M,__2,ASY-54577-110;A0,864,ASY-05880-01;A0,S,6AARI ,"ASY,DN16,CHAS,BTM COVE",1,EA,3,155,183,-25,3,,,"ARISTA NETWORKS, INC"
M,___3,ASY-54577-110;A0,864,ASY-05882-01;A0,S,6AARI ,"ASY,DN16,CHAS,BTM,FRNT",1,EA,11,126,180,-43,3,,,"ARISTA NETWORKS, INC"
M,____4,ASY-54577-110;A0,864,ASY-05889-01;A0,S,6N02  ,"ASY,DN16,CHAS,CCB,FC,R",1,EA,278,0,121,157,1,,,"ARISTA NETWORKS, INC"
M,___3,ASY-54577-110;A0,864,ASY-04522-03;A0,S,6N044 ,"ASY,DN16,CHASSIS,BOTTO",1,EA,73,36,180,-71,1,,,"ARISTA NETWORKS, INC"
M,____4,ASY-54577-110;A0,864,ASY-04523-03;A0,S,6N04 ,"ASY,DN16,CHASSIS,BOTTO",1,EA,129,1,126,4,1,,,"ARISTA NETWORKS, INC"
M,___3,ASY-54577-110;A0,864,ASY-04571-02;A0,S,6N045 ,"ASY,DN16,CHASSIS,BOTTO",1,EA,32,125,155,2,1,,,"ARISTA NETWORKS, INC"
M,___3,ASY-54577-110;A0,864,ASY-04517-05;A0,S,6N042 ,"ASY,DN16,CHASSIS,INSID",1,EA,8,151,180,-21,1,,,"ARISTA NETWORKS, INC"
M,___3,ASY-54577-110;A0,864,ASY-04518-05;A0,S,6N042 ,"ASY,DN16,CHASSIS,INSID",1,EA,71,57,180,-52,1,,,"ARISTA NETWORKS, INC"
M,__2,ASY-54577-110;A0,864,ASY-04524-07;A0,S,6AARI,"ASY,DN16,CHASSIS,SHEET",1,EA,0,183,183,0,3,,,"ARISTA NETWORKS, INC"
M,___3,ASY-54577-110;A0,864,ASY-04511-04;A0,S,6AARI ,"ASY,DN16,CHASSIS,SHELF",2,EA,32,328,360,0,3,,,"ARISTA NETWORKS, INC"
M,____4,ASY-54577-110;A0,864,ASY-04512-03;A0,S,6N041 ,"ASY,DN16,CHASSIS,SHELF",2,EA,284,0,328,-44,1,,,"ARISTA NETWORKS, INC"
M,___3,ASY-54577-110;A0,864,ASY-04515-03;A0,S,6N041 ,"ASY,DN16,CHASSIS,SHELF",1,EA,58,110,180,-12,1,,,"ARISTA NETWORKS, INC"
M,____4,ASY-54577-110;A0,864,ASY-04514-02;A0,S,6N042 ,"ASY,DN16,CHASSIS,SUP,D",1,EA,51,120,136,35,1,,,"ARISTA NETWORKS, INC"
M,___3,ASY-54577-110;A0,864,ASY-04516-02;A0,S,6N041 ,"ASY,DN16,CHASSIS,TOP,I",1,EA,111,0,180,-69,1,,,"ARISTA NETWORKS, INC"
M,___3,ASY-54577-110;A0,864,ASY-04567-04;A0,S,6APEM ,"ASY,DN16,PSU CAGE,FRON",1,EA,1,80,159,-78,0,,,"ARISTA NETWORKS, INC"
M,___3,ASY-54577-110;A0,864,ASY-04563-03;A0,S,6N04 ,"ASY,DN16,PSU CAGE,LEFT",1,EA,140,81,159,62,1,,,"ARISTA NETWORKS, INC"
M,___3,ASY-54577-110;A0,864,ASY-04566-03;A0,S,6N04 ,"ASY,DN16,PSU CAGE,REAR",1,EA,41,102,159,-16,1,,,"ARISTA NETWORKS, INC"
M,___3,ASY-54577-110;A0,864,ASY-04564-02;A0,S,6N04 ,"ASY,DN16,PSU CAGE,RIGH",1,EA,132,60,159,33,1,,,"ARISTA NETWORKS, INC"
M,___3,ASY-54577-110;A0,864,ASY-04562-02;A0,S,6N04 ,"ASY,DN16,PSU CAGE,SHEL",2,EA,137,20,318,-161,1,,,"ARISTA NETWORKS, INC"
M,___3,ASY-54577-110;A0,864,ASY-04568-02;A0,S,6N03 ,"ASY,DN16,PSU CAGE,STFN",2,EA,276,80,318,38,1,,,"ARISTA NETWORKS, INC"
M,___3,ASY-54577-110;A0,864,ASY-04565-03;A0,S,6N04  ,"ASY,DN16,PSU CAGE,TOP",1,EA,82,86,159,9,1,,,"ARISTA NETWORKS, INC"
M,__2,ASY-54577-110;A0,864,ASY-04570-01;A0,S,6N04 ,"ASY,DN16,SLIDE PLATE,B",1,EA,130,0,183,-53,1,,,"ARISTA NETWORKS, INC"
M,___3,ASY-54577-110;A0,864,ASY-05341-02;A0,S,6AARI ,"ASY,DN16,SPRT,GUIDE,PS",1,EA,41,97,180,-42,3,,,"ARISTA NETWORKS, INC"
M,____4,ASY-54577-110;A0,864,ASY-05342-02;A0,S,6N02  ,"ASY,DN16,SPRT,GUIDE,PS",1,EA,26,67,97,-4,1,,,"ARISTA NETWORKS, INC"
B,__2,ASY-54577-110;A0,864,A ASY-04429-09;A0,B,,"ASY,DN16,TOP LEVEL,CAB",6,EA,249,1859,1098,1010,30,"ARISTA NETWORKS, INC.",,"ARISTA NETWORKS, INC"
M,___3,ASY-54577-110;A0,864,ASY-04138-02;A0,S,6ASAN ,"ASY,DN8 / CZ EJECTOR,T",4,EA,10,918,1154,-226,3,,,"ARISTA NETWORKS, INC"
M,___3,ASY-54577-110;A0,864,ASY-04776-01;B0,S,6SLK  ,"ASY,DN8,SUP DIVDR,EJEC",1,EA,118,227,593,-248,1,,,"ARISTA NETWORKS, INC"
B,___3,ASY-54577-110;A0,864,A ASY-04714-01;A1,B,,"ASY,DNNALI,RACK,BASKET",1,EA,758,1000,264,1494,50,"HUANJOW KNITTING CO., LTD.",,"ARISTA NETWORKS, INC"
M,___3,ASY-54577-110;A0,864,ASY-04520-03;A0,S,6N044 ,"ASY-DN16,CCB,INSIDE,RI",1,EA,86,0,180,-94,1,,,"ARISTA NETWORKS, INC"
B,__2,ASY-54577-110;A0,864,P PKG-00395;B0,B,,"BAG, ZIP LOCK, 9 x 12""",1,EA,760,1000,531,1229,30,(D)ULINE SHIPPING SUPPLIES,,"ARISTA NETWORKS, INC"
B,__2,ASY-54577-110;A0,864,P PKG-00876;A0,B,,"BAG, ZIPLOCK, 3"" X 5"",",3,EA,17829,0,7846,9983,5,(D)ULINE SHIPPING SUPPLIES,,"ARISTA NETWORKS, INC"
B,__2,ASY-54577-110;A0,864,A CBL-00668-02;B0,B,,"CABLE ASY, BUSBAR, VSE",1,EA,203,100,183,120,60,SANMINA-SCI CORPORATION,,"ARISTA NETWORKS, INC"
B,___3,ASY-54577-110;A0,864,A MECH-01754-04,B,,"DENALI,LC,EJECTORNUT",34,EA,12691,41100,13220,40571,115,SOUTHCO INC,,"ARISTA NETWORKS, INC"
M,___3,ASY-54577-110;A0,864,MTL-03514-04;A0,S,6N04 ,"DN16, SKYLINE, CCB, FA",1,EA,119,0,165,-46,1,,,"ARISTA NETWORKS, INC"
B,__2,ASY-54577-110;A0,864,A PDOC-00036-12A0,B,,"DOCUMENT,  GETTING STA",1,EA,218,700,523,395,10,(D)GAMA ETIQUETAS SA DE CV,,"ARISTA NETWORKS, INC"
B,____4,ASY-54577-110;A0,864,H FAS-00842,B,,"FAS,INSERT,KEYHOLE,SEL",6.6,EA,862.2,3700,990,3572.2,90,PENCOM-SO CA,,"ARISTA NETWORKS, INC"
B,____4,ASY-54577-110;A0,864,H LAS-M4-1MD,B,,FLOATING SELF-CLINCHIN,2.2,EA,889.7,0,0,889.7,30,SW ANDERSON COMPANY,,"ARISTA NETWORKS, INC"
B,_____5,ASY-54577-110;A0,864,A GSKT-00502,B,,"GASKET, EMI, FOF, RECT",2,EA,2106,0,490,1616,75,SCHLEGEL ELECTRONIC MATERIALS,,"ARISTA NETWORKS, INC"
B,_____5,ASY-54577-110;A0,864,A GSKT-00504,B,,"GASKET, EMI, FOF, RECT",1,EA,813,0,0,813,75,SCHLEGEL ELECTRONIC MATERIALS,,"ARISTA NETWORKS, INC"
B,___3,ASY-54577-110;A0,864,A GSKT-00497,B,,"GASKET, EMI, FOF, RECT",2,EA,1732,0,216,1516,75,SCHLEGEL ELECTRONIC MATERIALS,,"ARISTA NETWORKS, INC"
B,___3,ASY-54577-110;A0,864,A GSKT-00498,B,,"GASKET, EMI, FOF, RECT",2,EA,1776,0,216,1560,75,SCHLEGEL ELECTRONIC MATERIALS,,"ARISTA NETWORKS, INC"
B,__2,ASY-54577-110;A0,864,A GSKT-00505,B,,"GASKET, EMI, FOF, SQ-S",1,,132,1100,183,1049,35,SCHLEGEL ELECTRONIC MATERIALS,,"ARISTA NETWORKS, INC"
B,_____5,ASY-54577-110;A0,864,A GSKT-00503,B,,"GASKET, EMI, FOF, SQ-S",2,EA,800,0,490,310,70,SCHLEGEL ELECTRONIC MATERIALS,,"ARISTA NETWORKS, INC"
B,___3,ASY-54577-110;A0,864,A GSKT-00349,B,,"GASKET,EMI,FOF,D-SHAPE",4,EA,1705,0,1539,166,25,SCHLEGEL ELECTRONIC MATERIALS,,"ARISTA NETWORKS, INC"
B,___3,ASY-54577-110;A0,864,A GSKT-00404,B,,"GASKET,SCHLEGEL,EK2,OU",1,EA,685,500,329,856,70,SCHLEGEL ELECTRONIC MATERIALS,,"ARISTA NETWORKS, INC"
B,___3,ASY-54577-110;A0,864,A GSKT-00404,B,,"GASKET,SCHLEGEL,EK2,OU",1,EA,685,500,329,856,70,SCHLEGEL ELECTRONIC MATERIALS,,"ARISTA NETWORKS, INC"
B,___3,ASY-54577-110;A0,864,A GSKT-00510;A2,B,,"GSKT,DENALI,SKYLINE,BT",1,EA,155,250,164,241,50,BOYD CORPORATION,,"ARISTA NETWORKS, INC"
B,___3,ASY-54577-110;A0,864,A GSKT-00500,B,,"GSKT,DENALI,SKYLINE,LT",1,EA,1200,0,100,1100,75,SCHLEGEL ELECTRONIC MATERIALS,,"ARISTA NETWORKS, INC"
B,___3,ASY-54577-110;A0,864,A GSKT-00501,B,,"GSKT,DENALI,SKYLINE,LT",2,EA,1074,0,143,931,35,SCHLEGEL ELECTRONIC MATERIALS,,"ARISTA NETWORKS, INC"
B,___3,ASY-54577-110;A0,864,A GSKT-00509;A0,B,,"GSKT,DN16,CCB,FABRIC C",2,EA,1032,0,328,704,70,SCHLEGEL ELECTRONIC MATERIALS,,"ARISTA NETWORKS, INC"
B,___3,ASY-54577-110;A0,864,A GSKT-00485;A2,B,,"GSKT,SKYLINE,BAFFLE FO",1,EA,134,250,180,204,50,BOYD CORPORATION,,"ARISTA NETWORKS, INC"
B,__2,ASY-54577-110;A0,864,A GSKT-00471;A2,B,,"GSKT,SKYLINE,OOB,MP,BA",1,EA,45,350,183,212,50,BOYD CORPORATION,,"ARISTA NETWORKS, INC"
B,____4,ASY-54577-110;A0,864,H GPSS-M3-6-P,B,,GUIDE PIN 3MM X 6MM PI,6.6,EA,4054.3,19000,3212.3,19842,70,PENCOM-SO CA,,"ARISTA NETWORKS, INC"
B,____4,ASY-54577-110;A0,864,H GPSS-M3-6-P,B,,GUIDE PIN 3MM X 6MM PI,2.2,EA,4054.3,19000,3212.3,19842,70,PENCOM-SO CA,,"ARISTA NETWORKS, INC"
B,____4,ASY-54577-110;A0,864,H GPSS-M3-6-P,B,,GUIDE PIN 3MM X 6MM PI,2.2,EA,4054.3,19000,3212.3,19842,70,PENCOM-SO CA,,"ARISTA NETWORKS, INC"
B,____4,ASY-54577-110;A0,864,H GPSS-M3-6-P,B,,GUIDE PIN 3MM X 6MM PI,2.2,EA,4054.3,19000,3212.3,19842,70,PENCOM-SO CA,,"ARISTA NETWORKS, INC"
B,____4,ASY-54577-110;A0,864,H GPSS-M3-6-P,B,,GUIDE PIN 3MM X 6MM PI,2.2,EA,4054.3,19000,3212.3,19842,70,PENCOM-SO CA,,"ARISTA NETWORKS, INC"
B,____4,ASY-54577-110;A0,864,H GPSS-M3-6-P,B,,GUIDE PIN 3MM X 6MM PI,2.2,EA,4054.3,19000,3212.3,19842,70,PENCOM-SO CA,,"ARISTA NETWORKS, INC"
B,____4,ASY-54577-110;A0,864,H MECH-00301-03,B,,GUIDE PIN FACEPLATE PE,1.1,EA,6816,0,0,6816,90,PENCOM-SO CA,,"ARISTA NETWORKS, INC"
B,____4,ASY-54577-110;A0,864,H GPSS-M4-15-P,B,,GUIDE PIN PI 1119,3.3,EA,2689.7,0,336.6,2353.1,90,PENCOM-SO CA,,"ARISTA NETWORKS, INC"
B,____4,ASY-54577-110;A0,864,H MECH-02135-01,B,,"INSERT,STANDOFF,CUSTOM",4.4,EA,2388.8,0,308,2080.8,82,HARDWARE SPECIALTY,,"ARISTA NETWORKS, INC"
B,_____5,ASY-54577-110;A0,864,H PF11-M4-0,B,,"LARGE KNOW, SPRING-LOA",2.3,EA,7364.8,4000,1915,9449.8,80,SW ANDERSON COMPANY,,"ARISTA NETWORKS, INC"
B,__2,ASY-54577-110;A0,864,A LBL-01461-03;A0,B,,"LBL, DN16, CHASSIS, MO",1.15,EA,189.85,500,230,459.85,30,"CYMMETRIK PRINTING CO, LTD",,"ARISTA NETWORKS, INC"
B,__2,ASY-54577-110;A0,864,A LBL-00212-01,B,,"LBL,ASY NUMBER",1.15,EA,4704.45,0,563.5,4140.95,15,LUSTRE-CAL NAMEPLATE,,"ARISTA NETWORKS, INC"
B,__2,ASY-54577-110;A0,864,A LBL-01268-01;B0,B,,"LBL,DN,CHAS,PROTECTIVE",1.15,EA,1335.3,0,644.45,690.85,30,"CYMMETRIK PRINTING CO, LTD",,"ARISTA NETWORKS, INC"
B,__2,ASY-54577-110;A0,864,A LBL-01269-01;B0,B,,"LBL,DN,CHAS,PROTECTIVE",2.3,EA,1777.6,0,1288.9,488.7,30,"CYMMETRIK PRINTING CO, LTD",,"ARISTA NETWORKS, INC"
B,___3,ASY-54577-110;A0,864,A LBL-01241-01,B,,"LBL,DN,RMK,INSTRUCTION",1.15,EA,1849.65,0,303.6,1546.05,30,"CYMMETRIK PRINTING CO, LTD",,"ARISTA NETWORKS, INC"
B,__2,ASY-54577-110;A0,864,A LBL-01231-03;A0,B,,"LBL,DN16,BOTTOM CCB,FM",1.15,EA,362.3,500,218.45,643.85,30,"CYMMETRIK PRINTING CO, LTD",,"ARISTA NETWORKS, INC"
B,__2,ASY-54577-110;A0,864,A LBL-01530-02;A1,B,,"LBL,DN16,CCB,FILLER,RI",1.15,EA,295.3,250,218.45,326.85,30,"CYMMETRIK PRINTING CO, LTD",,"ARISTA NETWORKS, INC"
B,__2,ASY-54577-110;A0,864,A LBL-01529-01;A3,B,,"LBL,DN16,CCB,LEFT,LOWE",1.15,EA,1085.3,0,218.45,866.85,30,"CYMMETRIK PRINTING CO, LTD",,"ARISTA NETWORKS, INC"
B,__2,ASY-54577-110;A0,864,A LBL-01528-01;A4,B,,"LBL,DN16,CCB,LEFT,UPPE",1.15,EA,77.3,1100,210.45,966.85,30,"CYMMETRIK PRINTING CO, LTD",,"ARISTA NETWORKS, INC"
B,__2,ASY-54577-110;A0,864,A LBL-01229-02;A1,B,,"LBL,DN16,CHAS,LC, ESD",1.15,EA,186.3,0,218.45,-32.15,30,"CYMMETRIK PRINTING CO, LTD",,"ARISTA NETWORKS, INC"
B,__2,ASY-54577-110;A0,864,A LBL-01526-01;A1,B,,"LBL,DN16,CHAS,SUP SHEL",1.15,EA,1117.3,150,210.45,1056.85,30,"CYMMETRIK PRINTING CO, LTD",,"ARISTA NETWORKS, INC"
B,__2,ASY-54577-110;A0,864,A LBL-01527-01;A0,B,,"LBL,DN16,CHAS,SUP SHEL",1.15,EA,69.3,1000,210.45,858.85,30,"CYMMETRIK PRINTING CO, LTD",,"ARISTA NETWORKS, INC"
B,____4,ASY-54577-110;A0,864,A LBL-01426-01;A0,B,,"LBL,DN16,CHAS,WALL RT,",2.3,EA,1562.8,0,278.3,1284.5,97,BOYD CORPORATION,,"ARISTA NETWORKS, INC"
B,____4,ASY-54577-110;A0,864,A LBL-01427-01;A0,B,,"LBL,DN16,CHAS,WALL RT,",1.15,EA,464.4,250,139.15,575.25,97,BOYD CORPORATION,,"ARISTA NETWORKS, INC"
B,__2,ASY-54577-110;A0,864,A LBL-01232-02;A0,B,,"LBL,DN16,CHASSIS,CAUTI",2.3,EA,967.6,0,420.9,546.7,30,"CYMMETRIK PRINTING CO, LTD",,"ARISTA NETWORKS, INC"
B,__2,ASY-54577-110;A0,864,A LBL-01596-01;A0,B,,"LBL,DN16,LIFTING BRACK",4.6,EA,626.2,1000,841.8,784.4,30,"CYMMETRIK PRINTING CO, LTD",,"ARISTA NETWORKS, INC"
B,__2,ASY-54577-110;A0,864,A LBL-01203-02;A1,B,,"LBL,DN16,PSU CAGE FRON",1.15,EA,610.3,0,210.45,399.85,30,"CYMMETRIK PRINTING CO, LTD",,"ARISTA NETWORKS, INC"
B,__2,ASY-54577-110;A0,864,A LBL-01207-02;A2,B,,"LBL,DN16,PSU CAGE FRON",1.15,EA,64.3,500,210.45,353.85,30,"CYMMETRIK PRINTING CO, LTD",,"ARISTA NETWORKS, INC"
B,__2,ASY-54577-110;A0,864,A LBL-01199-04;A0,B,,"LBL,DN16,PSU,CAGE,FRON",1.15,EA,1092.3,0,218.45,873.85,30,"CYMMETRIK PRINTING CO, LTD",,"ARISTA NETWORKS, INC"
B,__2,ASY-54577-110;A0,864,A LBL-01200-02;A1,B,,"LBL,DN16,PSU,CAGE,FRON",1.15,EA,513.3,0,210.45,302.85,30,"CYMMETRIK PRINTING CO, LTD",,"ARISTA NETWORKS, INC"
B,__2,ASY-54577-110;A0,864,A LBL-01201-02;A0,B,,"LBL,DN16,PSU,CAGE,FRON",1.15,EA,230.3,500,218.45,511.85,30,"CYMMETRIK PRINTING CO, LTD",,"ARISTA NETWORKS, INC"
B,__2,ASY-54577-110;A0,864,A LBL-01202-02;A1,B,,"LBL,DN16,PSU,CAGE,FRON",1.15,EA,251.3,500,218.45,532.85,30,"CYMMETRIK PRINTING CO, LTD",,"ARISTA NETWORKS, INC"
B,__2,ASY-54577-110;A0,864,A LBL-01230-02;A0,B,,"LBL,DN16,TOP CCB,FM,UP",1.15,EA,174.3,250,218.45,205.85,30,"CYMMETRIK PRINTING CO, LTD",,"ARISTA NETWORKS, INC"
B,__2,ASY-54577-110;A0,864,A LBL-01322-01;A0,B,,"LBL,DN8,CHAS,SHELF,MID",2.3,EA,1287.4,1000,853,1434.4,30,"CYMMETRIK PRINTING CO, LTD",,"ARISTA NETWORKS, INC"
B,__2,ASY-54577-110;A0,864,A LBL-00672-01,B,,"LBL,NO LIFT,HANDLE,BIS",2.3,EA,641.6,200,420.9,420.7,30,"CYMMETRIK PRINTING CO, LTD",,"ARISTA NETWORKS, INC"
B,___3,ASY-54577-110;A0,864,H FAS-00261,B,,M3X10 FH SCREW PHIL. T,4.4,EA,8569.9,23300,11384.35,20485.55,70,PENCOM-SO CA,,"ARISTA NETWORKS, INC"
B,___3,ASY-54577-110;A0,864,H FAS-00261,B,,M3X10 FH SCREW PHIL. T,4.4,EA,8569.9,23300,11384.35,20485.55,70,PENCOM-SO CA,,"ARISTA NETWORKS, INC"
B,__2,ASY-54577-110;A0,864,H FAS-00261,B,,M3X10 FH SCREW PHIL. T,18.7,EA,8569.9,23300,11384.35,20485.55,70,PENCOM-SO CA,,"ARISTA NETWORKS, INC"
B,__2,ASY-54577-110;A0,864,H FAS-05002,B,,M3X10MM PH PN HD STLL,23.1,EA,25394.4,35000,27424.2,32970.2,70,PENCOM-SO CA,,"ARISTA NETWORKS, INC"
B,___3,ASY-54577-110;A0,864,H FAS-00576,B,,"M3X8MM,PH,UFL HD,STL,Z",2.2,EA,636,3000,1458.6,2177.4,90,PENCOM-SO CA,,"ARISTA NETWORKS, INC"
B,__2,ASY-54577-110;A0,864,H FAS-00576,B,,"M3X8MM,PH,UFL HD,STL,Z",2.2,EA,636,3000,1458.6,2177.4,90,PENCOM-SO CA,,"ARISTA NETWORKS, INC"
B,__2,ASY-54577-110;A0,864,H FAS-05001,B,,M4 X 8 SEMS P.H. SCREW,17.6,EA,10888.2,3500,3868.8,10519.4,70,PENCOM-SO CA,,"ARISTA NETWORKS, INC"
B,____4,ASY-54577-110;A0,864,H CLS-M4-1,B,,M4X0.7 PEM NUTPENN ENG,4.4,EA,1602.6,20000,5028.6,16574,50,SW ANDERSON COMPANY,,"ARISTA NETWORKS, INC"
B,____4,ASY-54577-110;A0,864,H CLS-M4-1,B,,M4X0.7 PEM NUTPENN ENG,2.2,EA,1602.6,20000,5028.6,16574,50,SW ANDERSON COMPANY,,"ARISTA NETWORKS, INC"
B,_____5,ASY-54577-110;A0,864,H CLS-M4-1,B,,M4X0.7 PEM NUTPENN ENG,5.5,EA,1602.6,20000,5028.6,16574,50,SW ANDERSON COMPANY,,"ARISTA NETWORKS, INC"
B,____4,ASY-54577-110;A0,864,H CLS-M4-1,B,,M4X0.7 PEM NUTPENN ENG,4.4,EA,1602.6,20000,5028.6,16574,50,SW ANDERSON COMPANY,,"ARISTA NETWORKS, INC"
B,____4,ASY-54577-110;A0,864,H CLS-M4-1,B,,M4X0.7 PEM NUTPENN ENG,6.6,EA,1602.6,20000,5028.6,16574,50,SW ANDERSON COMPANY,,"ARISTA NETWORKS, INC"
B,_____5,ASY-54577-110;A0,864,H CLS-M4-1,B,,M4X0.7 PEM NUTPENN ENG,5.5,EA,1602.6,20000,5028.6,16574,50,SW ANDERSON COMPANY,,"ARISTA NETWORKS, INC"
B,_____5,ASY-54577-110;A0,864,H CLS-M4-1,B,,M4X0.7 PEM NUTPENN ENG,2.2,EA,1602.6,20000,5028.6,16574,50,SW ANDERSON COMPANY,,"ARISTA NETWORKS, INC"
B,_____5,ASY-54577-110;A0,864,H CLS-M4-1,B,,M4X0.7 PEM NUTPENN ENG,4.4,EA,1602.6,20000,5028.6,16574,50,SW ANDERSON COMPANY,,"ARISTA NETWORKS, INC"
B,_____5,ASY-54577-110;A0,864,H CLS-M4-1,B,,M4X0.7 PEM NUTPENN ENG,1.1,EA,1602.6,20000,5028.6,16574,50,SW ANDERSON COMPANY,,"ARISTA NETWORKS, INC"
B,____4,ASY-54577-110;A0,864,H CLS-M4-1,B,,M4X0.7 PEM NUTPENN ENG,6.6,EA,1602.6,20000,5028.6,16574,50,SW ANDERSON COMPANY,,"ARISTA NETWORKS, INC"
B,____4,ASY-54577-110;A0,864,H CLS-M4-1,B,,M4X0.7 PEM NUTPENN ENG,3.3,EA,1602.6,20000,5028.6,16574,50,SW ANDERSON COMPANY,,"ARISTA NETWORKS, INC"
B,___3,ASY-54577-110;A0,864,H CLS-M4-1,B,,M4X0.7 PEM NUTPENN ENG,2.2,EA,1602.6,20000,5028.6,16574,50,SW ANDERSON COMPANY,,"ARISTA NETWORKS, INC"
B,__2,ASY-54577-110;A0,864,H FAS-00167,B,,M6 CAGE NUT PENCOM # N,38.5,EA,20248.7,25000,15457.5,29791.2,70,PENCOM-SO CA,,"ARISTA NETWORKS, INC"
B,__2,ASY-54577-110;A0,864,H FAS-00380,B,,M6 HEX NUT PENCOM NU12,4.4,EA,7615.4,3000,4540.6,6074.8,50,PENCOM-SO CA,,"ARISTA NETWORKS, INC"
B,__2,ASY-54577-110;A0,864,H FAS-00381,B,,M6 LOCK WASHER PENCOM,4.4,EA,10212.8,9000,8060.6,11152.2,70,PENCOM-SO CA,,"ARISTA NETWORKS, INC"
B,__2,ASY-54577-110;A0,864,H FAS-00381,B,,M6 LOCK WASHER PENCOM,17.6,EA,10212.8,9000,8060.6,11152.2,70,PENCOM-SO CA,,"ARISTA NETWORKS, INC"
B,__2,ASY-54577-110;A0,864,H FAS-00157,B,,M6 X 16MM PHIL. P.H. S,38.5,EA,31489.7,25000,15457.5,41032.2,70,PENCOM-SO CA,,"ARISTA NETWORKS, INC"
B,____4,ASY-54577-110;A0,864,H MECH-04255-01,B,,"MECH, DENALI, FACEPLAT",17.6,EA,21967,18000,1312,38655,30,AFAR TECHNOLOGY (HK) LIMITED,,"ARISTA NETWORKS, INC"
B,____4,ASY-54577-110;A0,864,H MECH-04255-01,B,,"MECH, DENALI, FACEPLAT",17.6,EA,21967,18000,1312,38655,30,AFAR TECHNOLOGY (HK) LIMITED,,"ARISTA NETWORKS, INC"
B,____4,ASY-54577-110;A0,864,H MECH-03876-01,B,,"MECH, DENALI, FACEPLAT",6.6,EA,24566.6,10500,2868,32198.6,30,AFAR TECHNOLOGY (HK) LIMITED,,"ARISTA NETWORKS, INC"
B,____4,ASY-54577-110;A0,864,H MECH-03876-01,B,,"MECH, DENALI, FACEPLAT",6.6,EA,24566.6,10500,2868,32198.6,30,AFAR TECHNOLOGY (HK) LIMITED,,"ARISTA NETWORKS, INC"
B,____4,ASY-54577-110;A0,864,H MECH-03876-01,B,,"MECH, DENALI, FACEPLAT",6.6,EA,24566.6,10500,2868,32198.6,30,AFAR TECHNOLOGY (HK) LIMITED,,"ARISTA NETWORKS, INC"
B,____4,ASY-54577-110;A0,864,H MECH-03876-01,B,,"MECH, DENALI, FACEPLAT",6,EA,24566.6,10500,2868,32198.6,30,AFAR TECHNOLOGY (HK) LIMITED,,"ARISTA NETWORKS, INC"
B,___3,ASY-54577-110;A0,864,A MECH-01645-02A0,B,,"MECH, DN, TOOL HOLDER,",2,EA,1152,0,1490,-338,30,SANMINA-SCI CORPORATION,,"ARISTA NETWORKS, INC"
B,___3,ASY-54577-110;A0,864,A MECH-01645-02A0,B,,"MECH, DN, TOOL HOLDER,",2,EA,1152,0,1490,-338,30,SANMINA-SCI CORPORATION,,"ARISTA NETWORKS, INC"
B,__2,ASY-54577-110;A0,864,A MECH-02136-03A0,B,,"MECH, DN16, CHAS, FILL",1,EA,1053,0,183,870,50,SANMINA-SCI CORPORATION,,"ARISTA NETWORKS, INC"
B,__2,ASY-54577-110;A0,864,A MECH-02137-03A0,B,,"MECH, DN16, CHAS, FILL",1,EA,435,0,183,252,50,SANMINA-SCI CORPORATION,,"ARISTA NETWORKS, INC"
B,__2,ASY-54577-110;A0,864,A MECH-02138-03A0,B,,"MECH, DN16, CHAS, FILL",1,EA,341,0,183,158,50,SANMINA-SCI CORPORATION,,"ARISTA NETWORKS, INC"
B,__2,ASY-54577-110;A0,864,A MECH-02144-03A0,B,,"MECH, DN16, CHAS, FILL",1,EA,976,0,183,793,60,SANMINA-SCI CORPORATION,,"ARISTA NETWORKS, INC"
B,__2,ASY-54577-110;A0,864,A MECH-02145-03A0,B,,"MECH, DN16, CHAS, FILL",1,EA,202,1000,183,1019,50,SANMINA-SCI CORPORATION,,"ARISTA NETWORKS, INC"
B,__2,ASY-54577-110;A0,864,A MECH-02146-03A0,B,,"MECH, DN16, CHAS, FILL",1,EA,695,0,183,512,50,SANMINA-SCI CORPORATION,,"ARISTA NETWORKS, INC"
B,__2,ASY-54577-110;A0,864,A MECH-02147-03A0,B,,"MECH, DN16, CHAS, FILL",1,EA,187,1000,183,1004,50,SANMINA-SCI CORPORATION,,"ARISTA NETWORKS, INC"
B,____4,ASY-54577-110;A0,864,B MECH-02200-02A0,B,,"MECH, DN16, CHASSIS, C",1,EA,1358,400,687,1071,70,W&B TECHNOLOGY LTD,,"ARISTA NETWORKS, INC"
B,___3,ASY-54577-110;A0,864,B MECH-02200-02A0,B,,"MECH, DN16, CHASSIS, C",3,EA,1358,400,687,1071,70,W&B TECHNOLOGY LTD,,"ARISTA NETWORKS, INC"
B,___3,ASY-54577-110;A0,864,H MECH-01196-03,B,,"MECH, DN8, MAIN BUSBAR",17.6,EA,7914.05,18000,8215.75,17698.3,70,PENCOM-SO CA,,"ARISTA NETWORKS, INC"
B,__2,ASY-54577-110;A0,864,A MECH-02687-02,B,,"MECH,CHAS,AIR BLOCKER,",10,EA,7087,2500,3690,5897,90,W&B TECHNOLOGY LTD,,"ARISTA NETWORKS, INC"
B,__2,ASY-54577-110;A0,864,A MECH-02688-02,B,,"MECH,CHAS,AIR BLOCKER,",2,EA,1534,1000,738,1796,90,W&B TECHNOLOGY LTD,,"ARISTA NETWORKS, INC"
B,___3,ASY-54577-110;A0,864,A MECH-02488-04A1,B,,"MECH,DENALI,LANYARD,HA",4,EA,2582,1000,1154,2428,56,W&B TECHNOLOGY LTD,,"ARISTA NETWORKS, INC"
B,____4,ASY-54577-110;A0,864,H MECH-02436-01,B,,"MECH,DN,CHASSIS,HANDLE",2.2,EA,2611.5,2500,1876.6,3234.9,45,LEMTECH INTERNATIONAL LTD,,"ARISTA NETWORKS, INC"
B,____4,ASY-54577-110;A0,864,A MECH-01820-02,B,,"MECH,DN,EJECTOR, TOOL",4,EA,1933,1000,918,2015,30,SANMINA-SCI CORPORATION,,"ARISTA NETWORKS, INC"
M,____4,ASY-54577-110;A0,864,MECH-01827-01;B0,S,6N03 ,"MECH,DN,EJECTOR,TOOL,C",4,EA,1392,220,904,708,5,,,"ARISTA NETWORKS, INC"
B,__2,ASY-54577-110;A0,864,A MECH-02168-01C0,B,,"MECH,DN16,AIR SEAL,BRI",1.15,EA,757.3,0,210.45,546.85,97,BOYD CORPORATION,,"ARISTA NETWORKS, INC"
B,__2,ASY-54577-110;A0,864,A MECH-02169-02;A,B,,"MECH,DN16,AIR SEAL,BRI",1,EA,497,0,191,306,50,BOYD CORPORATION,,"ARISTA NETWORKS, INC"
B,__2,ASY-54577-110;A0,864,A MECH-02184-01C0,B,,"MECH,DN16,AIR SEAL,BRI",1,EA,397,250,183,464,97,BOYD CORPORATION,,"ARISTA NETWORKS, INC"
B,___3,ASY-54577-110;A0,864,A MECH-02323-01,B,,"MECH,DN16,AIR SEAL,BUS",1,EA,503,150,180,473,97,BOYD CORPORATION,,"ARISTA NETWORKS, INC"
B,___3,ASY-54577-110;A0,864,A MECH-02324-01,B,,"MECH,DN16,AIR SEAL,BUS",1,EA,378,250,180,448,97,BOYD CORPORATION,,"ARISTA NETWORKS, INC"
B,___3,ASY-54577-110;A0,864,A MECH-02854-01,B,,"MECH,DN16,AIR SEAL,CCB",4,EA,2666,0,720,1946,97,BOYD CORPORATION,,"ARISTA NETWORKS, INC"
B,___3,ASY-54577-110;A0,864,A MECH-02866-01,B,,"MECH,DN16,AIR SEAL,CCB",3.45,EA,2176.35,0,621,1555.35,97,BOYD CORPORATION,,"ARISTA NETWORKS, INC"
B,___3,ASY-54577-110;A0,864,A MECH-02867-01,B,,"MECH,DN16,AIR SEAL,CCB",1,EA,336,300,180,456,97,BOYD CORPORATION,,"ARISTA NETWORKS, INC"
B,___3,ASY-54577-110;A0,864,A MECH-02850-01,B,,"MECH,DN16,AIR SEAL,CCB",2.3,EA,1799.5,0,379.5,1420,97,BOYD CORPORATION,,"ARISTA NETWORKS, INC"
B,___3,ASY-54577-110;A0,864,A MECH-02186-01B0,B,,"MECH,DN16,AIR SEAL,FC,",1,EA,417,250,180,487,97,BOYD CORPORATION,,"ARISTA NETWORKS, INC"
B,____4,ASY-54577-110;A0,864,B MECH-02148-02A0,B,,"MECH,DN16,PSU CAGE CAT",21,EA,-1529,0,3523,-5052,45,LEMTECH INTERNATIONAL LTD,,"ARISTA NETWORKS, INC"
B,___3,ASY-54577-110;A0,864,B MECH-02148-02A0,B,,"MECH,DN16,PSU CAGE CAT",3,EA,-1529,0,3523,-5052,45,LEMTECH INTERNATIONAL LTD,,"ARISTA NETWORKS, INC"
B,___3,ASY-54577-110;A0,864,A MECH-02122-01,B,,"MECH,DN8,BUSBAR,MAIN,A",1,EA,349,275,180,444,97,BOYD CORPORATION,,"ARISTA NETWORKS, INC"
B,___3,ASY-54577-110;A0,864,A MECH-01883-01,B,,"MECH,LANYARD,RETRACTAB",4,EA,1533,1000,1154,1379,14,WEST COAST CORPORATION,,"ARISTA NETWORKS, INC"
M,___3,ASY-54577-110;A0,864,MTL-04154-03;A0,S,6N04 ,MTL DENALI SKYLINE LT,2,EA,491,7,216,282,1,,,"ARISTA NETWORKS, INC"
M,___3,ASY-54577-110;A0,864,MTL-03445-03;B0,S,6N03  ,MTL DN16 CHASSIS FABRI,1,EA,67,210,329,-52,5,,,"ARISTA NETWORKS, INC"
M,___3,ASY-54577-110;A0,864,MTL-03445-03;B0,S,6N03  ,MTL DN16 CHASSIS FABRI,1,EA,67,210,329,-52,5,,,"ARISTA NETWORKS, INC"
B,____4,ASY-54577-110;A0,864,B MTL-03978-01;C0,B,,"MTL, DN, CHASSIS, DIVI",12,EA,8604,18500,7442,19662,75,LEMTECH INTERNATIONAL LTD,,"ARISTA NETWORKS, INC"
M,____4,ASY-54577-110;A0,864,MTL-03976-01;B0,S,6P25C ,"MTL, DN, CHASSIS, DIVI",6,EA,2008,1485,3283,210,1,,,"ARISTA NETWORKS, INC"
B,____4,ASY-54577-110;A0,864,B MTL-03978-01;C0,B,,"MTL, DN, CHASSIS, DIVI",12,EA,8604,18500,7442,19662,75,LEMTECH INTERNATIONAL LTD,,"ARISTA NETWORKS, INC"
M,____4,ASY-54577-110;A0,864,MTL-03976-01;B0,S,6P25C ,"MTL, DN, CHASSIS, DIVI",6,EA,2008,1485,3283,210,1,,,"ARISTA NETWORKS, INC"
M,____4,ASY-54577-110;A0,864,MTL-03977-01;A0,S,6P25C ,"MTL, DN, CHASSIS, FABR",6,EA,1560,1750,3283,27,1,,,"ARISTA NETWORKS, INC"
M,____4,ASY-54577-110;A0,864,MTL-03977-01;A0,S,6P25C ,"MTL, DN, CHASSIS, FABR",6,EA,1560,1750,3283,27,1,,,"ARISTA NETWORKS, INC"
M,____4,ASY-54577-110;A0,864,MTL-02356-04;B0,S,6P25C ,"MTL, DN, CHASSIS, HAND",2,EA,1122,610,1706,26,5,,,"ARISTA NETWORKS, INC"
M,____4,ASY-54577-110;A0,864,MTL-02358-03;A3,S,6P20C ,"MTL, DN, CHASSIS, HAND",4,EA,2094,1350,3412,32,5,,,"ARISTA NETWORKS, INC"
M,____4,ASY-54577-110;A0,864,MTL-02360-06;A0,S,6P20C ,"MTL, DN, CHASSIS, HAND",2,EA,1431,0,1706,-275,1,,,"ARISTA NETWORKS, INC"
M,____4,ASY-54577-110;A0,864,MTL-02362-04;B0,S,6N04 ,"MTL, DN, CHASSIS, HAND",2,EA,1006,942,1706,242,5,,,"ARISTA NETWORKS, INC"
M,____4,ASY-54577-110;A0,864,MTL-02363-03;A0,S,6N04  ,"MTL, DN, CHASSIS, HAND",2,EA,2556,0,1706,850,1,,,"ARISTA NETWORKS, INC"
M,___3,ASY-54577-110;A0,864,MTL-02844-02;A0,S,6P20C ,"MTL, DN, TOOL HOLDER,",2,EA,2188,674,1490,1372,5,,,"ARISTA NETWORKS, INC"
M,___3,ASY-54577-110;A0,864,MTL-02844-02;A0,S,6P20C ,"MTL, DN, TOOL HOLDER,",2,EA,2188,674,1490,1372,5,,,"ARISTA NETWORKS, INC"
M,____4,ASY-54577-110;A0,864,MTL-03517-02;A0,S,6N03  ,"MTL, DN16, AIR SEAL, B",1,EA,772,0,132,640,1,,,"ARISTA NETWORKS, INC"
M,___3,ASY-54577-110;A0,864,MTL-03442-02;A0,S,6N042 ,"MTL, DN16, CABLE MODUL",1,EA,76,0,180,-104,1,,,"ARISTA NETWORKS, INC"
M,___3,ASY-54577-110;A0,864,MTL-03484-02;A0,S,6N03 ,"MTL, DN16, CABLE MODUL",1,EA,99,83,180,2,1,,,"ARISTA NETWORKS, INC"
M,___3,ASY-54577-110;A0,864,MTL-04230-01;A0,S,6N03  ,"MTL, DN16, CABLE MODUL",1,EA,79,122,180,21,1,,,"ARISTA NETWORKS, INC"
M,___3,ASY-54577-110;A0,864,MTL-03480-02;A0,S,6N04 ,"MTL, DN16, CHAS, CCB,",1,EA,155,147,275,27,1,,,"ARISTA NETWORKS, INC"
M,___3,ASY-54577-110;A0,864,MTL-03480-02;A0,S,6N04 ,"MTL, DN16, CHAS, CCB,",1,EA,155,147,275,27,1,,,"ARISTA NETWORKS, INC"
M,____4,ASY-54577-110;A0,864,MTL-03446-01;B0,S,6N04 ,"MTL, DN16, CHASSIS, CA",1,EA,210,0,121,89,1,,,"ARISTA NETWORKS, INC"
M,____4,ASY-54577-110;A0,864,MTL-03417-02;A0,S,6N04 ,"MTL, DN16, CHASSIS, HA",1,EA,267,0,121,146,1,,,"ARISTA NETWORKS, INC"
M,____4,ASY-54577-110;A0,864,MTL-03447-02;A0,S,6N04 ,"MTL, DN16, CHASSIS, HA",1,EA,143,0,121,22,1,,,"ARISTA NETWORKS, INC"
M,___3,ASY-54577-110;A0,864,MTL-03398-02;A0,S,6N04 ,"MTL, DN16, CHASSIS, LO",1,EA,38,80,180,-62,1,,,"ARISTA NETWORKS, INC"
M,___3,ASY-54577-110;A0,864,MTL-03427-01;B0,S,6N03 ,"MTL, DN16, CHASSIS, RA",1,EA,95,75,180,-10,5,,,"ARISTA NETWORKS, INC"
M,___3,ASY-54577-110;A0,864,MTL-03428-01;B0,S,6N03 ,"MTL, DN16, CHASSIS, RA",1,EA,140,0,180,-40,5,,,"ARISTA NETWORKS, INC"
M,____4,ASY-54577-110;A0,864,MTL-03402-03;A0,S,6N04 ,"MTL, DN16, CHASSIS, SH",1,EA,135,0,136,-1,1,,,"ARISTA NETWORKS, INC"
M,____4,ASY-54577-110;A0,864,MTL-03404-02;A0,S,6N04 ,"MTL, DN16, CHASSIS, SH",1,EA,251,7,136,122,1,,,"ARISTA NETWORKS, INC"
M,___3,ASY-54577-110;A0,864,MTL-03422-03;A0,S,6N04  ,"MTL, DN16, CHASSIS, SI",1,EA,71,115,180,6,1,,,"ARISTA NETWORKS, INC"
M,___3,ASY-54577-110;A0,864,MTL-03423-03;A0,S,6N04  ,"MTL, DN16, CHASSIS, SI",1,EA,65,40,180,-75,1,,,"ARISTA NETWORKS, INC"
M,___3,ASY-54577-110;A0,864,MTL-03497-03;B0,S,6N03  ,"MTL, DN16, CHASSIS, SK",1,EA,89,250,329,10,5,,,"ARISTA NETWORKS, INC"
M,___3,ASY-54577-110;A0,864,MTL-03497-03;B0,S,6N03  ,"MTL, DN16, CHASSIS, SK",1,EA,89,250,329,10,5,,,"ARISTA NETWORKS, INC"
M,___3,ASY-54577-110;A0,864,MTL-03424-04;A0,S,6N04 ,"MTL, DN16, CHASSIS, ST",1,EA,53,16,180,-111,1,,,"ARISTA NETWORKS, INC"
M,____4,ASY-54577-110;A0,864,MTL-03405-02;A0,S,6N042 ,"MTL, DN16, CHASSIS, SU",1,EA,199,56,136,119,1,,,"ARISTA NETWORKS, INC"
M,___3,ASY-54577-110;A0,864,MTL-03412-02;A0,S,6N045 ,"MTL, DN16, CHASSIS, TO",1,EA,64,27,180,-89,1,,,"ARISTA NETWORKS, INC"
M,____4,ASY-54577-110;A0,864,MTL-03554-03;A0,S,6N03 ,"MTL, DN16, COVER, LWR,",2,EA,165,0,264,-99,1,,,"ARISTA NETWORKS, INC"
M,____4,ASY-54577-110;A0,864,MTL-04466-01;A0,S,6N04  ,"MTL, DN16, GLIDE, PSU",3,EA,1664,91,843,912,1,,,"ARISTA NETWORKS, INC"
M,___3,ASY-54577-110;A0,864,MTL-04466-01;A0,S,6N04  ,"MTL, DN16, GLIDE, PSU",3,EA,1664,91,843,912,1,,,"ARISTA NETWORKS, INC"
M,____4,ASY-54577-110;A0,864,MTL-03461-03;A0,S,6N04  ,"MTL, DN16, PSU CAGE, D",21,EA,-819,4387,3046,522,5,,,"ARISTA NETWORKS, INC"
M,____4,ASY-54577-110;A0,864,MTL-03462-02;A1,S,6P20C ,"MTL, DN16, PSU CAGE, D",21,EA,750,905,3111,-1456,1,,,"ARISTA NETWORKS, INC"
M,___3,ASY-54577-110;A0,864,MTL-03463-02;A0,S,6N04 ,"MTL, DN16, PSU CAGE, S",2,EA,244,0,318,-74,1,,,"ARISTA NETWORKS, INC"
M,___3,ASY-54577-110;A0,864,MTL-03464-02;A0,S,6N03 ,"MTL, DN16, PSU CAGE, S",8,EA,1101,322,1272,151,1,,,"ARISTA NETWORKS, INC"
M,___3,ASY-54577-110;A0,864,MTL-03496-05;A0,S,6N04 ,"MTL, DN16, SKYLINE, CC",1,EA,34,94,329,-201,1,,,"ARISTA NETWORKS, INC"
M,___3,ASY-54577-110;A0,864,MTL-03496-05;A0,S,6N04 ,"MTL, DN16, SKYLINE, CC",1,EA,34,94,329,-201,1,,,"ARISTA NETWORKS, INC"
M,____4,ASY-54577-110;A0,864,MTL-02226-02;A0,S,6P25C ,"MTL, DN8, CHASSIS, SH",2,EA,587,11,740,-142,1,,,"ARISTA NETWORKS, INC"
M,____4,ASY-54577-110;A0,864,ASY-05445-02;A0,S,6N04 ,"MTL,DENALI,SKYLINE,RT",2,,56,490,242,304,1,,,"ARISTA NETWORKS, INC"
M,____4,ASY-54577-110;A0,864,ASY-05446-03;A0,S,6N04 ,"MTL,DENALI,SKYLINE,RT",1,,150,0,121,29,1,,,"ARISTA NETWORKS, INC"
M,___3,ASY-54577-110;A0,864,MTL-03552-04;A0,S,6P25C ,"MTL,DN, RACK KIT, REAR",2,EA,1705,4,528,1181,5,,,"ARISTA NETWORKS, INC"
M,____4,ASY-54577-110;A0,864,MTL-02357-02;A0,S,6P20C ,"MTL,DN,CHASSIS,HANDLE,",4,EA,1826,1600,3412,14,1,,,"ARISTA NETWORKS, INC"
M,___3,ASY-54577-110;A0,864,MTL-03527-04;A0,S,6P20C ,"MTL,DN,RACK KIT,FRONT,",4,EA,1686,480,1056,1110,5,,,"ARISTA NETWORKS, INC"
M,___3,ASY-54577-110;A0,864,MTL-03528-05;A0,S,6P25C ,"MTL,DN,RACK KIT,FRONT,",2,EA,1171,0,528,643,5,,,"ARISTA NETWORKS, INC"
M,___3,ASY-54577-110;A0,864,MTL-03529-05;B0,S,6P20C ,"MTL,DN,RACK KIT,FRONT,",2,EA,529,441,740,230,5,,,"ARISTA NETWORKS, INC"
M,___3,ASY-54577-110;A0,864,MTL-03664-05;B0,S,6N04 ,"MTL,DN,RACK KIT,FRONT,",1,EA,565,273,264,574,5,,,"ARISTA NETWORKS, INC"
M,___3,ASY-54577-110;A0,864,MTL-04470-02;A0,S,6N04 ,"MTL,DN12,CHASSIS,VERT",2,EA,93,283,360,16,1,,,"ARISTA NETWORKS, INC"
M,__2,ASY-54577-110;A0,864,MTL-03516-03;A0,S,6N02 ,"MTL,DN16,AIR,SEAL,BRKT",1,EA,109,0,183,-74,1,,,"ARISTA NETWORKS, INC"
M,___3,ASY-54577-110;A0,864,MTL-03506-03;A0,S,6N02 ,"MTL,DN16,BRACKET,BUS B",2,EA,212,0,0,212,5,,,"ARISTA NETWORKS, INC"
M,___3,ASY-54577-110;A0,864,MTL-03500-01;B0,S,6N03 ,"MTL,DN16,CCB TOP,FABRI",2,EA,218,120,330,8,1,,,"ARISTA NETWORKS, INC"
M,___3,ASY-54577-110;A0,864,MTL-03499-02;A0,S,6N04  ,"MTL,DN16,CCB TOP,SIDE",1,EA,130,0,165,-35,1,,,"ARISTA NETWORKS, INC"
M,___3,ASY-54577-110;A0,864,MTL-03476-02;A0,S,6N04  ,"MTL,DN16,CCB,BOTTOM SI",1,EA,92,80,164,8,1,,,"ARISTA NETWORKS, INC"
M,__2,ASY-54577-110;A0,864,MTL-03503-03;A0,S,6N04 ,"MTL,DN16,CCB,FABRIC MO",1,EA,199,84,200,83,1,,,"ARISTA NETWORKS, INC"
M,___3,ASY-54577-110;A0,864,MTL-03478-02;A0,S,6N03 ,"MTL,DN16,CCB,FC.CG,MID",1,EA,197,0,164,33,1,,,"ARISTA NETWORKS, INC"
M,____4,ASY-54577-110;A0,864,MTL-04469-01;A0,S,6N04  ,"MTL,DN16,CHAS,CCB,FC,V",1,EA,240,88,121,207,5,,,"ARISTA NETWORKS, INC"
M,__2,ASY-54577-110;A0,864,MTL-04637-01;A0,S,6N03  ,"MTL,DN16,CHAS,HOIST,RI",4,EA,48,708,800,-44,5,,,"ARISTA NETWORKS, INC"
M,____4,ASY-54577-110;A0,864,MTL-03407-02;A0,S,6N04 ,"MTL,DN16,CHAS,SHELF,UP",1,,82,54,136,0,1,,,"ARISTA NETWORKS, INC"
M,____4,ASY-54577-110;A0,864,MTL-03406-02;A0,S,6N04 ,"MTL,DN16,CHAS,SUP,SHEL",1,EA,323,0,136,187,1,,,"ARISTA NETWORKS, INC"
M,____4,ASY-54577-110;A0,864,MTL-03409-02;A0,S,6N04 ,"MTL,DN16,CHAS,SUP,SHEL",1,EA,78,70,136,12,1,,,"ARISTA NETWORKS, INC"
M,____4,ASY-54577-110;A0,864,MTL-03401-02;A0,S,6N041 ,"MTL,DN16,CHASSIS,SHELF",2,EA,125,216,328,13,1,,,"ARISTA NETWORKS, INC"
M,___3,ASY-54577-110;A0,864,ASY-04513-03;A0,S,6AARI ,"MTL,DN16,CHASSIS,SHELF",1,EA,-1,139,180,-42,3,,,"ARISTA NETWORKS, INC"
M,____4,ASY-54577-110;A0,864,MTL-03408-03;A0,S,6N04 ,"MTL,DN16,CHASSIS,SHELF",1,EA,28,115,136,7,1,,,"ARISTA NETWORKS, INC"
M,____4,ASY-54577-110;A0,864,MTL-03471-04;A0,S,6N04 ,"MTL,DN16,PSU CAGE,FRON",1,EA,137,0,0,137,5,,,"ARISTA NETWORKS, INC"
M,___3,ASY-54577-110;A0,864,MTL-03469-02;A0,S,6N04 ,"MTL,DN16,PSU,HARD STOP",1,EA,219,0,159,60,1,,,"ARISTA NETWORKS, INC"
M,___3,ASY-54577-110;A0,864,MTL-03474-01;B0,S,6N04 ,"MTL,DN16_CHAS_STFNR, B",4,EA,260,470,720,10,1,,,"ARISTA NETWORKS, INC"
M,___3,ASY-54577-110;A0,864,MTL-02254-02;A1,S,6N04 ,"MTL,DN8,CHASSIS,LINECA",2,EA,746,0,820,-74,1,,,"ARISTA NETWORKS, INC"
M,____4,ASY-54577-110;A0,864,MTL-02325-02;A0,S,6P25C ,"MTL,DN8,SUP DIVDR,EJEC",1,EA,583,0,227,356,5,,,"ARISTA NETWORKS, INC"
M,__2,ASY-54577-110;A0,864,MTL-03504-01;A0,S,6N04 ,"MTL,SKYLINE.CHS,HATCH,",1,EA,358,0,183,175,1,,,"ARISTA NETWORKS, INC"
B,___3,ASY-54577-110;A0,864,H SP-M4-2,B,,"NUT, RND, M4, 2mmTHK,",2.2,EA,482.1,0,0,482.1,30,SW ANDERSON COMPANY,,"ARISTA NETWORKS, INC"
B,__2,ASY-54577-110;A0,864,A PCA-01356-02;A0,B,,"PCA, DN16, SKYLINE BRI",1,EA,285,16,183,118,85,AMPHENOL TCS,,"ARISTA NETWORKS, INC"
B,__2,ASY-54577-110;A0,864,A PCA-01355-03;A0,B,,"PCA, DN16, SKYLINE LC",1,EA,296,4,183,117,85,AMPHENOL TCS,,"ARISTA NETWORKS, INC"
B,__2,ASY-54577-110;A0,864,A PCA-01354-04;A0,B,,"PCA, DN16, SKYLINE MID",1,EA,141,124,183,82,105,AMPHENOL TCS,,"ARISTA NETWORKS, INC"
B,__2,ASY-54577-110;A0,864,A PCA-01357-01;A0,B,,"PCA, DN16, SKYLINE PSU",1,EA,403,0,183,220,105,AMPHENOL TCS,,"ARISTA NETWORKS, INC"
B,__2,ASY-54577-110;A0,864,A PCA-01305-03,B,,"PCA, FDL-BOARD-WP ENAB",2,EA,1647,272,1218,701,45,SANMINA-SCI CORPORATION,,"ARISTA NETWORKS, INC"
B,___3,ASY-54577-110;A0,864,H TPS-4MM-12,B,,PEM TPS-4MM-12 SELF-CL,3.3,EA,5269.3,18200,4136.2,19333.1,70,SW ANDERSON COMPANY,,"ARISTA NETWORKS, INC"
B,____4,ASY-54577-110;A0,864,H TPS-4MM-8,B,,PEM TPS-4MM-8 SELF-CLI,3.3,EA,2726.4,4000,3208,3518.4,30,SW ANDERSON COMPANY,,"ARISTA NETWORKS, INC"
B,____4,ASY-54577-110;A0,864,H TPS-4MM-8,B,,PEM TPS-4MM-8 SELF-CLI,6.6,EA,2726.4,4000,3208,3518.4,30,SW ANDERSON COMPANY,,"ARISTA NETWORKS, INC"
B,__2,ASY-54577-110;A0,864,A CBL-00711-01;A0,B,,"POWER CORD, SAF-D GRID",24,EA,9247,17800,10272,16775,70,IDEAL ANDERSON ASIA PACIFIC LT,,"ARISTA NETWORKS, INC"
B,____4,ASY-54577-110;A0,864,H SK41H,B,,RIVET 920087,9.2,EA,541727.15,4600000,1120701.8,4021025.35,90,PENCOM-SO CA,,"ARISTA NETWORKS, INC"
B,____4,ASY-54577-110;A0,864,H SK41H,B,,RIVET 920087,59.8,EA,541727.15,4600000,1120701.8,4021025.35,90,PENCOM-SO CA,,"ARISTA NETWORKS, INC"
B,____4,ASY-54577-110;A0,864,H SK41H,B,,RIVET 920087,82.8,EA,541727.15,4600000,1120701.8,4021025.35,90,PENCOM-SO CA,,"ARISTA NETWORKS, INC"
B,____4,ASY-54577-110;A0,864,H SK41H,B,,RIVET 920087,34.5,EA,541727.15,4600000,1120701.8,4021025.35,90,PENCOM-SO CA,,"ARISTA NETWORKS, INC"
B,____4,ASY-54577-110;A0,864,H SK41H,B,,RIVET 920087,21.85,EA,541727.15,4600000,1120701.8,4021025.35,90,PENCOM-SO CA,,"ARISTA NETWORKS, INC"
B,___3,ASY-54577-110;A0,864,H SK41H,B,,RIVET 920087,959.1,EA,541727.15,4600000,1120701.8,4021025.35,90,PENCOM-SO CA,,"ARISTA NETWORKS, INC"
B,___3,ASY-54577-110;A0,864,H SK41H,B,,RIVET 920087,86.25,EA,541727.15,4600000,1120701.8,4021025.35,90,PENCOM-SO CA,,"ARISTA NETWORKS, INC"
B,___3,ASY-54577-110;A0,864,H SK41H,B,,RIVET 920087,81.65,EA,541727.15,4600000,1120701.8,4021025.35,90,PENCOM-SO CA,,"ARISTA NETWORKS, INC"
B,____4,ASY-54577-110;A0,864,H SK42H,B,,RIVET PENCOM RI1337 HA,66.7,EA,107026.7,309000,133399.8,282626.9,70,PENCOM-SO CA,,"ARISTA NETWORKS, INC"
B,____4,ASY-54577-110;A0,864,H SK42H,B,,RIVET PENCOM RI1337 HA,16.1,EA,107026.7,309000,133399.8,282626.9,70,PENCOM-SO CA,,"ARISTA NETWORKS, INC"
B,____4,ASY-54577-110;A0,864,H SK42H,B,,RIVET PENCOM RI1337 HA,16.1,EA,107026.7,309000,133399.8,282626.9,70,PENCOM-SO CA,,"ARISTA NETWORKS, INC"
B,___3,ASY-54577-110;A0,864,H SK42H,B,,RIVET PENCOM RI1337 HA,146.05,EA,107026.7,309000,133399.8,282626.9,70,PENCOM-SO CA,,"ARISTA NETWORKS, INC"
B,___3,ASY-54577-110;A0,864,H SK42H,B,,RIVET PENCOM RI1337 HA,6.9,EA,107026.7,309000,133399.8,282626.9,70,PENCOM-SO CA,,"ARISTA NETWORKS, INC"
B,___3,ASY-54577-110;A0,864,H SK42H,B,,RIVET PENCOM RI1337 HA,27.6,EA,107026.7,309000,133399.8,282626.9,70,PENCOM-SO CA,,"ARISTA NETWORKS, INC"
B,___3,ASY-54577-110;A0,864,H FAS-00784,B,,"RIVET SOLID 1/4""L, 1/8",48.4,EA,29371.2,47000,12777.6,63593.6,70,PENCOM-SO CA,,"ARISTA NETWORKS, INC"
B,____4,ASY-54577-110;A0,864,H SKK3050PT,B,,"RIVET, POP ARISTA PN F",46.2,EA,7801.4,10000,7750.6,10050.8,30,SW ANDERSON COMPANY,,"ARISTA NETWORKS, INC"
B,___3,ASY-54577-110;A0,864,H SKK3050PT,B,,"RIVET, POP ARISTA PN F",6.6,EA,7801.4,10000,7750.6,10050.8,30,SW ANDERSON COMPANY,,"ARISTA NETWORKS, INC"
B,____4,ASY-54577-110;A0,864,H FAS-00409,B,,"RIVET,POP,SD46SB",4.4,EA,11336.6,0,426.8,10909.8,82,HARDWARE SPECIALTY,,"ARISTA NETWORKS, INC"
B,__2,ASY-54577-110;A0,864,H FAS-00978,B,,SC6000 - M3 X 27MM SEM,14,EA,15082,0,4150,10932,70,AERO-SPACE COMPUTER,,"ARISTA NETWORKS, INC"
B,___3,ASY-54577-110;A0,864,H FAS-00532,B,,SCREW HDW. SPEC #90762,114.4,EA,56844.5,56000,39979.3,72865.2,72,HARDWARE SPECIALTY,,"ARISTA NETWORKS, INC"
B,__2,ASY-54577-110;A0,864,H FAS-00532,B,,SCREW HDW. SPEC #90762,25.3,EA,56844.5,56000,39979.3,72865.2,72,HARDWARE SPECIALTY,,"ARISTA NETWORKS, INC"
B,___3,ASY-54577-110;A0,864,H FAS-05905,B,,SCREW PENCOM #SE1229,8.8,EA,4935.4,6000,3193.2,7742.2,70,PENCOM-SO CA,,"ARISTA NETWORKS, INC"
B,__2,ASY-54577-110;A0,864,H FAS-00914,B,,"SCREW, M4 X 18 ZN LK,",3.3,EA,1484.6,1000,603.9,1880.7,72,HARDWARE SPECIALTY,,"ARISTA NETWORKS, INC"
B,__2,ASY-54577-110;A0,864,H FAS-01227,B,,"SCREW, MACH, M4x14mmL,",2.2,EA,1357,500,593.8,1263.2,70,PENCOM-SO CA,,"ARISTA NETWORKS, INC"
B,__2,ASY-54577-110;A0,864,H FAS-00892,B,,"SCREW, MACH, M6x20mmL,",17.6,EA,2305.4,7200,3520,5985.4,90,PENCOM-SO CA,,"ARISTA NETWORKS, INC"
B,___3,ASY-54577-110;A0,864,H FAS-00604,B,,"SCREW,MACH,M3X6MML,PH,",3.3,EA,11753.4,1000,4782.9,7970.5,72,HARDWARE SPECIALTY,,"ARISTA NETWORKS, INC"
B,___3,ASY-54577-110;A0,864,H FAS-00604,B,,"SCREW,MACH,M3X6MML,PH,",3.3,EA,11753.4,1000,4782.9,7970.5,72,HARDWARE SPECIALTY,,"ARISTA NETWORKS, INC"
B,__2,ASY-54577-110;A0,864,H FAS-00604,B,,"SCREW,MACH,M3X6MML,PH,",6.6,EA,11753.4,1000,4782.9,7970.5,72,HARDWARE SPECIALTY,,"ARISTA NETWORKS, INC"
B,__2,ASY-54577-110;A0,864,H FAS-00609,B,,"SCREW,MACH,M3X6MML,PH,",147.4,EA,123681.3,200000,113215.95,210465.35,70,PENCOM-SO CA,,"ARISTA NETWORKS, INC"
B,__2,ASY-54577-110;A0,864,H FAS-00604,B,,"SCREW,MACH,M3X6MML,PH,",13.2,EA,11753.4,1000,4782.9,7970.5,72,HARDWARE SPECIALTY,,"ARISTA NETWORKS, INC"
B,__2,ASY-54577-110;A0,864,H FAS-00575,B,,"SCREW,MACH,M4X35MML,PH",6.6,EA,5885.2,4500,2929.8,7455.4,90,PENCOM-SO CA,,"ARISTA NETWORKS, INC"
B,__2,ASY-54577-110;A0,864,H FAS-00872,B,,"SCREW,MACH,M6X8MM,PH P",8.8,EA,2226.6,3200,1674.4,3752.2,90,PENCOM-SO CA,,"ARISTA NETWORKS, INC"
B,__2,ASY-54577-110;A0,864,H FAS-00120,B,,"SCREW,PAN HEAD #1 PHIL",39.6,EA,11555.2,12900,7606.8,16848.4,70,PENCOM-SO CA,,"ARISTA NETWORKS, INC"
B,__2,ASY-54577-110;A0,864,H FAS-00121,B,,"SCREW,PAN HEAD #2 PHIL",33,EA,7250,17500,6792.2,17957.8,70,PENCOM-SO CA,,"ARISTA NETWORKS, INC"
B,____4,ASY-54577-110;A0,864,H FAS-00743,B,,"SCREW,PH,FLAT-HEAD,M4X",3.3,EA,1439.6,500,485.1,1454.5,90,PENCOM-SO CA,,"ARISTA NETWORKS, INC"
B,_____5,ASY-54577-110;A0,864,H CLS-M6-0,B,,SELF-CLINCHING NUT M6X,8.8,EA,1346.8,1000,1425.6,921.2,30,SW ANDERSON COMPANY,,"ARISTA NETWORKS, INC"
B,____4,ASY-54577-110;A0,864,H TPS-6MM-12,B,,SELF-CLINCHING PILOT P,6.6,EA,1514.2,0,0,1514.2,30,SW ANDERSON COMPANY,,"ARISTA NETWORKS, INC"
B,____4,ASY-54577-110;A0,864,H FAS-00525,B,,SPRING CENTURY #80506,6.6,EA,937.1,10528,5995.3,5469.8,55,CENTURY SPRING CORP,,"ARISTA NETWORKS, INC"
B,____4,ASY-54577-110;A0,864,H FAS-00525,B,,SPRING CENTURY #80506,6.6,EA,937.1,10528,5995.3,5469.8,55,CENTURY SPRING CORP,,"ARISTA NETWORKS, INC"
B,____4,ASY-54577-110;A0,864,H FAS-00797,B,,"SPRING,EXT.,0.188"" OD,",2.2,EA,4164.5,1200,1876.6,3487.9,55,CENTURY SPRING CORP,,"ARISTA NETWORKS, INC"
B,___3,ASY-54577-110;A0,864,H FAS-00248;A1,B,,"STANDOFF, RND, M3, 8mm",6.6,EA,5000,500,0,5500,90,PENCOM-SO CA,,"ARISTA NETWORKS, INC"
B,____4,ASY-54577-110;A0,864,H MECH-00314-01,B,,"STANDOFF, THIN SHEET,",13.2,EA,-13.2,39000,18036,20950.8,90,PENCOM-SO CA,,"ARISTA NETWORKS, INC"
B,____4,ASY-54577-110;A0,864,H FAS-00744,B,,"STANDOFF,HEX,M4x0.7,18",3.3,EA,1738.6,600,485.1,1853.5,90,PENCOM-SO CA,,"ARISTA NETWORKS, INC"
B,___3,ASY-54577-110;A0,864,H FAS-00273,B,,"STANDOFF,SELF-CLINCHIN",2.2,EA,0,580,0,580,72,HARDWARE SPECIALTY,,"ARISTA NETWORKS, INC"
B,__2,ASY-54577-110;A0,864,P S-1427,B,,"ULINE S-1427 2X24"" BOL",1,EA,263,0,200,63,20,(D)ULINE SHIPPING SUPPLIES,,"ARISTA NETWORKS, INC"
B,__2,ASY-54577-110;A0,864,P S-3071,B,,"ULINE S-3071 4 X 24"" B",1,EA,239,0,200,39,20,(D)ULINE SHIPPING SUPPLIES,,"ARISTA NETWORKS, INC"
B,__2,ASY-54577-110;A0,864,P S-948,B,,"ULINE S-948 5 X 7"" BOL",2,EA,886,1000,1767,119,20,(D)ULINE SHIPPING SUPPLIES,,"ARISTA NETWORKS, INC"
B,____4,ASY-54577-110;A0,864,H SKK3030PT,B,,VMI 3MM POP STEEL RIVE,20.7,EA,977780.94,10000,2503430.45,-1515649.51,5,SW ANDERSON COMPANY,,"ARISTA NETWORKS, INC"
B,____4,ASY-54577-110;A0,864,H SKK3030PT,B,,VMI 3MM POP STEEL RIVE,27.6,EA,977780.94,10000,2503430.45,-1515649.51,5,SW ANDERSON COMPANY,,"ARISTA NETWORKS, INC"
B,___3,ASY-54577-110;A0,864,H SKK3025PT,B,,VMI 3MM POP STEEL RIVE,13.2,EA,658305.45,600000,1751453.6,-493148.15,5,SW ANDERSON COMPANY,,"ARISTA NETWORKS, INC"
B,___3,ASY-54577-110;A0,864,H SKK3030PT,B,,VMI 3MM POP STEEL RIVE,115,EA,977780.94,10000,2503430.45,-1515649.51,5,SW ANDERSON COMPANY,,"ARISTA NETWORKS, INC"
B,____4,ASY-54577-110;A0,864,H SKK3025PT,B,,VMI 3MM POP STEEL RIVE,4.4,EA,658305.45,600000,1751453.6,-493148.15,5,SW ANDERSON COMPANY,,"ARISTA NETWORKS, INC"
B,____4,ASY-54577-110;A0,864,H SKK3030PT,B,,VMI 3MM POP STEEL RIVE,144.9,EA,977780.94,10000,2503430.45,-1515649.51,5,SW ANDERSON COMPANY,,"ARISTA NETWORKS, INC"
B,____4,ASY-54577-110;A0,864,H SKK3025PT,B,,VMI 3MM POP STEEL RIVE,4.4,EA,658305.45,600000,1751453.6,-493148.15,5,SW ANDERSON COMPANY,,"ARISTA NETWORKS, INC"
B,___3,ASY-54577-110;A0,864,H SKK3030PT,B,,VMI 3MM POP STEEL RIVE,54.05,EA,977780.94,10000,2503430.45,-1515649.51,5,SW ANDERSON COMPANY,,"ARISTA NETWORKS, INC"
B,___3,ASY-54577-110;A0,864,H SKK3030PT,B,,VMI 3MM POP STEEL RIVE,64.4,EA,977780.94,10000,2503430.45,-1515649.51,5,SW ANDERSON COMPANY,,"ARISTA NETWORKS, INC"
B,___3,ASY-54577-110;A0,864,H SKK3030PT,B,,VMI 3MM POP STEEL RIVE,81.65,EA,977780.94,10000,2503430.45,-1515649.51,5,SW ANDERSON COMPANY,,"ARISTA NETWORKS, INC"
B,___3,ASY-54577-110;A0,864,H SKK3030PT,B,,VMI 3MM POP STEEL RIVE,27.6,EA,977780.94,10000,2503430.45,-1515649.51,5,SW ANDERSON COMPANY,,"ARISTA NETWORKS, INC"
B,____4,ASY-54577-110;A0,864,H CLS-M3-0,B,,VMI M3X0.5 PEM NUT,10.35,EA,14975.85,30000,33999.2,10976.65,5,SW ANDERSON COMPANY,,"ARISTA NETWORKS, INC"
B,_____5,ASY-54577-110;A0,864,H CLS-M3-0,B,,VMI M3X0.5 PEM NUT,23,EA,14975.85,30000,33999.2,10976.65,5,SW ANDERSON COMPANY,,"ARISTA NETWORKS, INC"
B,____4,ASY-54577-110;A0,864,H CLS-M3-0,B,,VMI M3X0.5 PEM NUT,19.55,EA,14975.85,30000,33999.2,10976.65,5,SW ANDERSON COMPANY,,"ARISTA NETWORKS, INC"
B,____4,ASY-54577-110;A0,864,H CLS-M3-0,B,,VMI M3X0.5 PEM NUT,11.5,EA,14975.85,30000,33999.2,10976.65,5,SW ANDERSON COMPANY,,"ARISTA NETWORKS, INC"
B,____4,ASY-54577-110;A0,864,H CLS-M3-0,B,,VMI M3X0.5 PEM NUT,6.9,EA,14975.85,30000,33999.2,10976.65,5,SW ANDERSON COMPANY,,"ARISTA NETWORKS, INC"
B,____4,ASY-54577-110;A0,864,H CLS-M3-0,B,,VMI M3X0.5 PEM NUT,3.45,EA,14975.85,30000,33999.2,10976.65,5,SW ANDERSON COMPANY,,"ARISTA NETWORKS, INC"
B,____4,ASY-54577-110;A0,864,H CLS-M3-0,B,,VMI M3X0.5 PEM NUT,6.9,EA,14975.85,30000,33999.2,10976.65,5,SW ANDERSON COMPANY,,"ARISTA NETWORKS, INC"
B,____4,ASY-54577-110;A0,864,H CLS-M3-0,B,,VMI M3X0.5 PEM NUT,3.45,EA,14975.85,30000,33999.2,10976.65,5,SW ANDERSON COMPANY,,"ARISTA NETWORKS, INC"
B,____4,ASY-54577-110;A0,864,H CLS-M3-0,B,,VMI M3X0.5 PEM NUT,13.8,EA,14975.85,30000,33999.2,10976.65,5,SW ANDERSON COMPANY,,"ARISTA NETWORKS, INC"
B,____4,ASY-54577-110;A0,864,H CLS-M3-0,B,,VMI M3X0.5 PEM NUT,35.65,EA,14975.85,30000,33999.2,10976.65,5,SW ANDERSON COMPANY,,"ARISTA NETWORKS, INC"
B,____4,ASY-54577-110;A0,864,H CLS-M3-0,B,,VMI M3X0.5 PEM NUT,4.6,EA,14975.85,30000,33999.2,10976.65,5,SW ANDERSON COMPANY,,"ARISTA NETWORKS, INC"
B,_____5,ASY-54577-110;A0,864,H CLS-M3-1,B,,VMI PEM CLS-M3-1 SELF-,2.3,EA,17940,0,20595.8,-2655.8,5,SW ANDERSON COMPANY,,"ARISTA NETWORKS, INC"
B,____4,ASY-54577-110;A0,864,H CLS-M3-1,B,,VMI PEM CLS-M3-1 SELF-,16.1,EA,17940,0,20595.8,-2655.8,5,SW ANDERSON COMPANY,,"ARISTA NETWORKS, INC"
B,____4,ASY-54577-110;A0,864,H CLS-M3-1,B,,VMI PEM CLS-M3-1 SELF-,12.65,EA,17940,0,20595.8,-2655.8,5,SW ANDERSON COMPANY,,"ARISTA NETWORKS, INC"
B,____4,ASY-54577-110;A0,864,H CLS-M3-1,B,,VMI PEM CLS-M3-1 SELF-,6.9,EA,17940,0,20595.8,-2655.8,5,SW ANDERSON COMPANY,,"ARISTA NETWORKS, INC"
B,____4,ASY-54577-110;A0,864,H CLS-M3-1,B,,VMI PEM CLS-M3-1 SELF-,2.3,EA,17940,0,20595.8,-2655.8,5,SW ANDERSON COMPANY,,"ARISTA NETWORKS, INC"
B,____4,ASY-54577-110;A0,864,H CLS-M3-1,B,,VMI PEM CLS-M3-1 SELF-,11.5,EA,17940,0,20595.8,-2655.8,5,SW ANDERSON COMPANY,,"ARISTA NETWORKS, INC"
B,_____5,ASY-54577-110;A0,864,H CLS-M3-1,B,,VMI PEM CLS-M3-1 SELF-,6.9,EA,17940,0,20595.8,-2655.8,5,SW ANDERSON COMPANY,,"ARISTA NETWORKS, INC"
B,____4,ASY-54577-110;A0,864,H CLS-M3-1,B,,VMI PEM CLS-M3-1 SELF-,13.8,EA,17940,0,20595.8,-2655.8,5,SW ANDERSON COMPANY,,"ARISTA NETWORKS, INC"
B,____4,ASY-54577-110;A0,864,H CLS-M3-1,B,,VMI PEM CLS-M3-1 SELF-,6.9,EA,17940,0,20595.8,-2655.8,5,SW ANDERSON COMPANY,,"ARISTA NETWORKS, INC"
B,____4,ASY-54577-110;A0,864,H CLS-M3-1,B,,VMI PEM CLS-M3-1 SELF-,6.9,EA,17940,0,20595.8,-2655.8,5,SW ANDERSON COMPANY,,"ARISTA NETWORKS, INC"
B,____4,ASY-54577-110;A0,864,H CLS-M3-1,B,,VMI PEM CLS-M3-1 SELF-,3.45,EA,17940,0,20595.8,-2655.8,5,SW ANDERSON COMPANY,,"ARISTA NETWORKS, INC"
B,____4,ASY-54577-110;A0,864,H CLS-M3-1,B,,VMI PEM CLS-M3-1 SELF-,6.9,EA,17940,0,20595.8,-2655.8,5,SW ANDERSON COMPANY,,"ARISTA NETWORKS, INC"
B,____4,ASY-54577-110;A0,864,H CLS-M3-1,B,,VMI PEM CLS-M3-1 SELF-,6.9,EA,17940,0,20595.8,-2655.8,5,SW ANDERSON COMPANY,,"ARISTA NETWORKS, INC"
B,____4,ASY-54577-110;A0,864,H CLS-M3-1,B,,VMI PEM CLS-M3-1 SELF-,3.45,EA,17940,0,20595.8,-2655.8,5,SW ANDERSON COMPANY,,"ARISTA NETWORKS, INC"
B,____4,ASY-54577-110;A0,864,H CLS-M3-1,B,,VMI PEM CLS-M3-1 SELF-,32.2,EA,17940,0,20595.8,-2655.8,5,SW ANDERSON COMPANY,,"ARISTA NETWORKS, INC"
B,_____5,ASY-54577-110;A0,864,H FEOX-M3,B,,VMI PEM FEOX-M3,9.2,EA,4139.75,10000,12067,2072.75,5,SW ANDERSON COMPANY,,"ARISTA NETWORKS, INC"
B,__2,ASY-54577-110;A0,864,H FAS-00741,B,,"WASHER, FLAT, M3, 3.29",4.4,EA,4601.8,0,805.2,3796.6,90,PENCOM-SO CA,,"ARISTA NETWORKS, INC"
B,__2,ASY-54577-110;A0,864,H FAS-00891,B,,"WASHER, FLAT,M6,6.67mm",17.6,EA,3137.4,7000,3520,6617.4,90,PENCOM-SO CA,,"ARISTA NETWORKS, INC"
B,__2,ASY-54577-110;A0,864,A CT4BK18-C,B,,"WIRE_ZIP_TIE 4""",6.9,EA,7165.95,1000,4901.65,3264.3,55,D B ROBERTS COMPANY,,"ARISTA NETWORKS, INC"
B,___3,ASY-54577-110;A0,864,A CT4BK18-C,B,,"WIRE_ZIP_TIE 4""",1.15,EA,7165.95,1000,4901.65,3264.3,55,D B ROBERTS COMPANY,,"ARISTA NETWORKS, INC"
